status,company,contaminant,cause,sitelocationname,spillareahabitat,statesaffected,incident_year,incident_month
0,66,17,11,3908,44,33,2019.0,4.0
0,34,17,11,1203,44,5,2007.0,2.0
0,34,19,11,9001,16,33,2015.0,11.0
0,34,17,11,5086,16,33,2015.0,5.0
0,31,17,1,927,16,8,2026.0,1.0
0,31,17,13,1652,44,8,2017.0,6.0
3,70,17,11,7987,16,33,2020.0,8.0
0,23,17,1,4506,44,8,2020.0,3.0
0,66,17,11,9047,16,33,2012.0,6.0
0,16,17,11,5044,44,33,2018.0,4.0
0,7,17,11,9764,44,8,2012.0,2.0
0,34,88,13,10560,44,5,2011.0,6.0
0,34,17,11,3087,16,33,2023.0,9.0
0,58,17,11,8034,16,15,2011.0,11.0
0,58,88,11,7954,16,23,2014.0,3.0
3,34,17,11,11206,16,33,2014.0,5.0
2,70,17,1,8785,16,33,2019.0,9.0
0,34,17,11,2970,44,5,2016.0,3.0
0,34,17,11,7089,16,33,2011.0,9.0
0,61,17,1,5524,36,8,2026.0,5.0
0,34,17,11,164,44,5,2018.0,12.0
0,66,17,11,1257,16,33,2022.0,2.0
0,34,17,11,5454,44,5,2014.0,2.0
0,34,17,1,4805,16,19,2010.0,10.0
0,34,17,11,494,44,5,2015.0,9.0
2,34,17,11,107,57,5,2015.0,1.0
0,58,17,11,7228,16,25,2012.0,10.0
0,66,17,1,5082,44,5,2018.0,9.0
0,34,14,11,10615,57,33,2018.0,4.0
0,34,17,11,3932,16,33,2023.0,12.0
0,66,17,11,6046,16,33,2019.0,6.0
0,34,17,11,2231,44,5,2010.0,12.0
0,34,17,11,4192,16,33,2022.0,12.0
0,34,14,11,9071,16,33,2017.0,6.0
0,34,17,11,156,44,5,2020.0,11.0
0,34,17,11,2903,44,5,2016.0,8.0
2,34,17,11,11281,16,33,2022.0,8.0
0,7,17,1,6385,44,43,2008.0,3.0
0,34,17,11,10472,16,5,2013.0,2.0
3,34,17,11,9845,36,33,2021.0,7.0
0,34,17,1,6276,16,19,2010.0,8.0
0,23,17,0,4374,44,8,2025.0,5.0
0,66,17,1,8816,16,33,2011.0,7.0
0,34,17,11,3734,16,33,2011.0,10.0
0,34,17,11,6266,16,19,2009.0,6.0
0,34,17,2,9500,44,5,2011.0,5.0
0,30,17,13,6875,32,1,2021.0,5.0
0,34,17,1,7685,36,5,2021.0,7.0
0,34,17,11,2448,44,5,2024.0,6.0
0,34,17,11,7133,16,33,2015.0,5.0
0,70,17,11,8083,16,33,2008.0,8.0
0,30,24,3,7479,32,1,2021.0,4.0
0,22,17,1,6083,57,33,2026.0,4.0
0,66,17,11,240,44,5,2013.0,1.0
0,58,17,11,10306,16,10,2013.0,1.0
0,66,17,11,8724,16,33,2015.0,5.0
0,22,17,11,6042,16,33,2025.0,6.0
0,34,17,12,7166,16,33,2010.0,12.0
0,34,17,11,7134,16,33,2014.0,3.0
3,66,17,11,3174,16,33,2023.0,7.0
2,34,17,11,2857,44,5,2014.0,7.0
0,66,17,1,10271,44,8,2013.0,12.0
0,66,17,11,1684,44,5,2016.0,1.0
3,34,17,11,3663,16,33,2014.0,3.0
0,30,17,3,10020,34,1,2007.0,7.0
0,66,17,11,7735,16,33,2007.0,6.0
0,37,17,11,9276,6,33,2024.0,10.0
0,34,17,11,7050,16,33,2007.0,3.0
0,58,17,11,1619,44,8,2014.0,8.0
0,66,17,0,5523,36,8,2024.0,6.0
0,7,17,11,1761,44,8,2024.0,12.0
0,30,24,1,7240,32,1,2007.0,5.0
0,7,17,0,9715,32,43,2016.0,1.0
2,66,17,1,6147,44,5,2017.0,8.0
3,63,17,11,9689,16,19,2022.0,9.0
3,34,17,11,11213,16,43,2014.0,5.0
0,34,17,11,1835,16,33,2023.0,10.0
0,7,95,11,6117,57,43,2016.0,5.0
0,34,17,11,3750,16,33,2012.0,12.0
0,66,17,11,3931,16,33,2019.0,8.0
0,34,17,11,3887,16,33,2022.0,7.0
0,58,17,11,8050,16,15,2011.0,8.0
2,34,17,11,5083,16,33,2018.0,9.0
0,58,17,11,11230,16,28,2013.0,5.0
0,34,14,11,8967,16,33,2022.0,12.0
0,58,88,11,10280,16,8,2014.0,7.0
0,66,17,11,1265,16,33,2007.0,4.0
0,45,17,11,1609,16,8,2015.0,4.0
0,34,14,11,8871,16,33,2018.0,11.0
2,34,14,11,7016,16,33,2019.0,3.0
0,7,17,11,817,44,8,2009.0,5.0
0,66,17,11,795,44,33,2011.0,8.0
0,34,17,11,2854,44,5,2014.0,5.0
0,70,88,12,8559,16,33,2009.0,1.0
0,34,17,11,5284,44,43,2007.0,2.0
0,34,17,11,9336,16,33,2007.0,11.0
0,34,17,11,3644,44,5,2011.0,9.0
0,34,17,11,3710,44,5,2013.0,5.0
0,34,17,11,261,16,33,2008.0,9.0
0,66,17,11,4313,16,33,2010.0,3.0
0,66,17,1,7596,32,8,2013.0,9.0
0,23,17,0,4489,44,8,2025.0,9.0
0,70,17,13,7565,44,43,2014.0,2.0
0,23,17,0,3855,44,8,2022.0,1.0
0,7,17,3,8394,32,43,2007.0,10.0
0,23,17,0,4546,44,8,2023.0,5.0
0,66,17,11,1266,16,5,2011.0,11.0
0,66,17,11,6326,16,33,2011.0,5.0
0,66,17,11,3382,16,33,2023.0,2.0
0,66,17,11,6625,44,5,2016.0,11.0
0,34,17,11,2260,44,5,2010.0,3.0
0,34,17,11,2871,44,5,2017.0,7.0
0,34,17,11,8214,16,33,2013.0,5.0
0,34,17,11,2057,44,5,2012.0,8.0
0,66,17,11,3137,44,33,2010.0,1.0
0,30,17,0,10826,32,1,2008.0,4.0
0,34,17,1,5287,44,5,2014.0,1.0
0,66,17,0,4262,16,33,2022.0,8.0
0,7,17,12,6339,57,43,2012.0,11.0
0,30,24,3,10762,32,1,2009.0,5.0
0,7,95,12,6516,32,43,2009.0,5.0
2,13,83,8,7497,32,43,2020.0,2.0
0,34,20,1,7151,16,33,2011.0,1.0
0,34,17,11,2652,16,33,2022.0,12.0
0,66,17,11,1828,16,33,2024.0,7.0
3,34,17,0,1514,16,5,2021.0,2.0
0,7,24,1,8139,32,43,2012.0,1.0
0,13,95,3,9255,32,43,2008.0,2.0
0,34,17,11,10531,44,5,2021.0,12.0
0,34,17,11,2081,44,5,2013.0,1.0
0,34,17,11,2449,44,5,2024.0,4.0
0,36,17,11,8681,44,8,2019.0,11.0
0,34,17,0,8868,16,33,2011.0,2.0
0,34,17,11,1349,44,5,2014.0,11.0
0,23,17,11,4551,44,8,2023.0,4.0
0,34,17,11,9413,16,33,2012.0,12.0
0,34,14,11,9396,16,33,2021.0,6.0
2,13,85,10,7502,32,43,2020.0,2.0
0,66,17,0,800,16,5,2009.0,5.0
3,34,17,0,7079,16,33,2014.0,10.0
0,66,17,11,3298,16,33,2021.0,12.0
0,34,17,11,1441,44,5,2013.0,12.0
0,66,17,11,1659,57,43,2017.0,9.0
0,66,17,11,922,16,33,2019.0,4.0
0,34,17,11,7023,16,33,2017.0,6.0
0,7,17,3,8352,32,43,2007.0,8.0
0,34,17,11,2676,16,33,2023.0,10.0
0,34,17,11,664,36,33,2023.0,6.0
0,30,17,12,10858,32,1,2008.0,4.0
0,7,17,3,8368,32,43,2014.0,2.0
0,34,17,11,498,44,5,2019.0,3.0
0,30,17,0,10876,32,43,2021.0,4.0
0,34,17,11,9407,16,33,2013.0,7.0
0,34,17,11,2940,44,5,2013.0,12.0
2,34,17,12,2318,44,5,2015.0,11.0
0,30,24,12,7509,32,1,2008.0,3.0
0,30,24,2,7582,34,1,2007.0,9.0
0,34,17,11,3708,16,33,2009.0,8.0
0,63,14,11,623,16,8,2024.0,1.0
0,66,17,11,3231,16,33,2024.0,4.0
0,66,17,11,1767,36,33,2024.0,8.0
0,34,95,11,1444,44,5,2014.0,8.0
0,30,24,12,10335,32,1,2008.0,8.0
0,34,17,11,5675,36,5,2024.0,5.0
0,34,17,11,3648,44,5,2009.0,4.0
0,66,17,11,3255,57,33,2023.0,7.0
0,34,17,11,1146,16,19,2023.0,8.0
0,66,17,11,702,44,8,2007.0,10.0
0,58,17,11,8006,16,10,2011.0,10.0
0,34,17,11,2729,44,5,2013.0,9.0
0,66,17,11,1801,16,33,2024.0,8.0
0,34,17,11,9335,16,33,2008.0,7.0
0,66,17,11,3619,16,33,2008.0,1.0
0,34,17,11,4069,44,5,2013.0,11.0
0,34,17,11,2067,44,5,2012.0,4.0
0,66,4,11,3391,16,33,2022.0,8.0
0,66,17,11,918,16,0,2020.0,6.0
3,66,21,11,4656,16,33,2023.0,2.0
0,66,17,11,10666,16,33,2018.0,8.0
0,66,17,11,2034,44,33,2011.0,2.0
0,52,17,11,4035,44,5,2025.0,2.0
0,34,17,11,2302,44,43,2012.0,9.0
0,66,17,0,3913,44,33,2014.0,8.0
0,34,14,11,7005,16,33,2019.0,2.0
0,16,17,11,6733,16,33,2022.0,1.0
0,30,17,1,8731,32,1,2010.0,1.0
0,34,17,11,2789,44,5,2008.0,8.0
0,30,24,2,6986,32,1,2013.0,1.0
0,34,17,11,4103,16,33,2023.0,7.0
0,30,17,1,7412,32,1,2008.0,6.0
0,34,14,11,8904,16,43,2016.0,9.0
0,45,17,11,8632,16,8,2015.0,12.0
0,66,17,11,401,16,8,2006.0,5.0
0,38,17,1,9308,16,8,2026.0,6.0
0,66,17,11,3425,16,33,2016.0,3.0
0,0,17,12,9743,44,43,2013.0,3.0
0,30,24,12,10957,32,1,2008.0,2.0
0,34,14,11,5729,44,5,2018.0,6.0
0,52,17,11,3115,16,8,2025.0,12.0
0,7,24,0,9711,32,43,2007.0,2.0
0,66,17,11,4129,16,33,2013.0,9.0
0,34,17,11,4173,16,33,2019.0,1.0
0,66,17,11,8698,44,5,2008.0,5.0
0,34,17,13,3734,16,33,2010.0,11.0
0,66,17,0,6769,44,33,2013.0,11.0
0,66,95,11,3859,44,5,2024.0,6.0
0,58,17,11,10314,16,10,2014.0,3.0
0,34,17,11,5660,44,5,2017.0,7.0
0,66,1,11,3869,16,8,2006.0,10.0
0,12,17,11,7271,44,8,2017.0,5.0
0,34,17,1,7699,16,5,2013.0,12.0
0,30,24,12,6655,32,1,2013.0,7.0
0,34,17,11,1285,44,5,2023.0,5.0
0,34,17,0,6250,16,19,2021.0,12.0
0,66,17,11,1475,23,33,2020.0,2.0
0,63,17,11,9690,16,43,2020.0,12.0
0,34,17,11,632,44,5,2015.0,6.0
3,34,14,1,8853,16,33,2014.0,7.0
0,34,17,11,1403,16,19,2023.0,1.0
0,66,17,11,3976,44,33,2018.0,7.0
0,63,17,11,3326,16,8,2023.0,9.0
0,30,12,1,10962,32,1,2007.0,7.0
0,34,17,11,2133,44,5,2014.0,1.0
0,66,17,11,1786,16,19,2011.0,12.0
3,66,17,11,917,16,0,2020.0,8.0
0,66,17,11,6159,44,5,2013.0,5.0
0,34,17,11,6814,44,5,2012.0,4.0
2,16,17,0,5595,57,33,2018.0,4.0
0,34,17,11,2269,44,5,2008.0,7.0
0,66,17,11,4746,16,33,2020.0,12.0
0,66,17,11,1032,16,33,2018.0,12.0
0,66,17,2,7282,16,5,2024.0,6.0
0,34,17,11,10511,44,5,2022.0,10.0
0,30,88,1,10825,32,1,2005.0,4.0
0,30,24,12,1545,32,1,2008.0,5.0
0,66,17,11,6606,44,33,2014.0,6.0
0,34,17,11,10434,16,5,2015.0,11.0
0,7,17,1,6619,44,8,2016.0,6.0
0,66,17,3,5964,16,33,2008.0,10.0
0,66,17,11,5970,16,33,2012.0,1.0
0,34,17,11,5404,44,5,2024.0,5.0
0,12,17,1,8275,49,10,2024.0,12.0
0,34,17,11,1962,16,33,2023.0,1.0
0,30,12,1,9892,32,1,2007.0,2.0
0,66,17,11,5955,16,33,2007.0,5.0
0,34,17,11,674,23,33,2018.0,6.0
0,34,17,11,8245,16,33,2011.0,7.0
0,16,17,11,6865,44,33,2021.0,10.0
3,34,17,11,2355,44,43,2014.0,4.0
0,34,17,11,6587,44,5,2014.0,12.0
0,30,17,1,7462,32,1,2008.0,9.0
0,66,17,11,3219,44,8,2013.0,9.0
0,34,17,11,2875,44,5,2017.0,6.0
0,7,17,1,8404,32,43,2008.0,10.0
0,66,17,0,4634,57,43,2021.0,3.0
0,34,17,11,2114,44,5,2011.0,3.0
0,34,14,11,11251,16,33,2018.0,3.0
0,66,17,11,5777,44,33,2014.0,7.0
0,34,17,11,5716,16,5,2015.0,8.0
0,66,17,11,869,16,0,2012.0,4.0
0,34,17,11,1404,16,33,2008.0,6.0
0,30,95,0,10911,32,1,2009.0,6.0
0,7,17,3,8396,16,43,2008.0,8.0
0,34,17,11,2197,44,5,2024.0,2.0
0,34,17,1,2234,44,5,2010.0,7.0
0,7,17,12,7629,32,43,2010.0,4.0
0,12,17,0,5713,16,10,2021.0,12.0
0,34,17,11,108,44,5,2015.0,1.0
0,45,17,11,4468,44,8,2016.0,8.0
0,0,17,11,7803,16,43,2013.0,6.0
0,34,17,11,4890,16,33,2012.0,1.0
0,34,17,11,9473,16,33,2012.0,5.0
0,34,17,0,505,44,5,2020.0,6.0
0,34,17,11,1531,44,5,2014.0,9.0
0,34,17,11,7103,16,33,2007.0,2.0
0,58,17,11,8004,16,25,2011.0,2.0
0,70,17,0,7966,16,33,2015.0,10.0
0,34,17,11,2194,44,5,2013.0,5.0
0,66,17,0,3833,16,33,2010.0,12.0
0,66,17,11,3291,16,33,2023.0,11.0
0,34,17,11,3791,44,43,2006.0,7.0
0,66,17,11,3608,23,33,2022.0,11.0
0,66,17,1,3497,44,8,2009.0,10.0
0,30,17,1,7546,32,1,2006.0,9.0
0,34,17,11,2116,44,5,2011.0,3.0
0,34,17,11,294,21,8,2014.0,2.0
0,58,95,11,8064,16,13,2011.0,6.0
0,34,17,11,1420,44,5,2016.0,8.0
0,58,17,11,10663,16,8,2013.0,12.0
0,34,17,11,9842,16,43,2007.0,3.0
0,7,88,1,7526,32,43,2007.0,5.0
0,34,17,11,571,16,8,2019.0,5.0
0,23,17,1,7650,23,8,2014.0,9.0
3,34,19,11,8885,16,33,2015.0,12.0
0,66,17,11,6923,44,5,2007.0,5.0
0,34,17,11,4921,16,33,2010.0,2.0
0,30,24,1,11161,32,1,2010.0,11.0
0,34,17,11,9488,36,43,2015.0,10.0
0,30,88,1,10019,16,1,2006.0,8.0
0,45,17,1,5546,16,10,2014.0,7.0
0,61,17,11,5169,16,8,2026.0,4.0
0,30,24,1,7907,57,1,2019.0,2.0
0,34,17,11,4051,16,33,2023.0,4.0
2,34,95,11,2982,44,5,2014.0,7.0
0,34,17,11,2448,44,5,2024.0,4.0
0,34,17,11,2110,44,5,2011.0,3.0
0,34,17,11,3085,16,33,2023.0,1.0
0,34,17,11,3531,44,43,2006.0,3.0
0,58,17,11,7205,16,8,2013.0,5.0
0,66,17,11,3201,44,8,2014.0,11.0
3,34,17,11,750,57,5,2015.0,4.0
0,34,17,11,9382,16,33,2014.0,1.0
0,66,88,11,9242,16,8,2007.0,4.0
0,66,17,11,1789,16,43,2019.0,12.0
0,34,17,11,9476,16,33,2008.0,7.0
0,46,88,11,6288,25,31,2023.0,10.0
0,34,17,11,7187,16,33,2011.0,6.0
0,13,24,2,7495,32,43,2017.0,4.0
0,34,17,11,482,44,5,2017.0,12.0
0,34,14,11,8889,36,33,2018.0,8.0
0,34,17,11,2257,44,5,2007.0,6.0
0,34,17,11,9074,16,33,2021.0,8.0
0,66,17,11,7946,44,8,2014.0,6.0
0,66,17,1,6626,16,5,2013.0,9.0
3,34,17,11,1869,16,33,2021.0,4.0
0,70,17,11,5131,16,43,2015.0,10.0
0,30,24,12,9886,32,1,2009.0,2.0
0,66,17,11,793,16,0,2019.0,12.0
0,7,17,3,8330,32,43,2011.0,7.0
2,34,17,11,474,44,5,2018.0,2.0
0,52,17,11,1991,44,5,2024.0,9.0
0,66,17,2,6641,32,33,2012.0,12.0
0,36,17,11,6336,16,8,2020.0,12.0
0,34,17,11,7422,16,33,2023.0,2.0
0,34,17,11,2346,44,43,2014.0,3.0
0,34,17,1,8966,16,33,2013.0,5.0
0,34,17,11,1898,16,33,2019.0,9.0
0,34,17,11,2938,44,5,2021.0,2.0
0,34,17,11,1144,36,19,2014.0,9.0
3,66,17,1,3547,44,5,2014.0,9.0
0,34,17,11,1748,44,5,2022.0,11.0
2,34,17,1,2191,44,43,2015.0,9.0
0,30,17,1,7461,32,1,2009.0,3.0
0,30,17,1,10869,32,1,2011.0,6.0
0,30,17,1,6649,32,1,2007.0,10.0
0,66,17,11,5994,16,33,2015.0,2.0
0,34,95,11,2570,44,5,2015.0,5.0
0,34,17,11,262,16,33,2012.0,12.0
0,34,17,1,7701,16,33,2011.0,6.0
3,34,17,11,1418,44,5,2014.0,5.0
0,63,17,11,689,44,8,2026.0,5.0
0,45,17,11,8641,16,8,2016.0,1.0
0,66,17,0,6140,16,33,2007.0,4.0
0,30,14,1,6987,32,1,2014.0,5.0
0,30,24,3,10967,32,1,2008.0,3.0
0,34,17,11,5000,44,5,2010.0,12.0
3,66,17,11,4321,16,33,2014.0,11.0
0,34,17,11,5306,44,43,2007.0,1.0
0,16,17,11,6233,44,33,2019.0,3.0
0,34,17,12,10692,16,33,2010.0,12.0
0,66,17,11,11243,16,35,2016.0,6.0
0,34,14,0,6201,16,8,2024.0,1.0
0,34,17,11,2249,44,5,2011.0,6.0
0,34,17,11,2448,44,5,2024.0,5.0
0,66,17,11,4226,16,33,2011.0,1.0
0,34,17,11,2728,44,5,2016.0,7.0
0,66,17,3,6632,16,33,2010.0,2.0
0,34,17,11,7332,44,33,2021.0,11.0
0,66,17,11,11141,16,33,2008.0,5.0
0,66,17,11,5247,16,5,2013.0,4.0
0,30,24,7,10880,32,1,2021.0,8.0
0,30,17,1,10969,16,1,2006.0,3.0
0,66,17,11,9542,57,8,2013.0,7.0
3,34,95,11,5761,36,43,2015.0,3.0
0,30,17,1,6562,32,1,2007.0,6.0
0,34,12,2,10494,16,33,2010.0,2.0
0,66,17,11,918,16,0,2020.0,6.0
0,34,17,11,502,44,5,2018.0,9.0
0,34,17,11,1983,16,43,2009.0,7.0
0,30,17,3,10047,34,1,2007.0,2.0
0,45,17,11,725,16,8,2015.0,10.0
0,66,17,11,1565,16,19,2012.0,1.0
0,66,17,11,697,16,8,2006.0,5.0
0,66,17,11,8103,16,8,2009.0,5.0
0,7,17,3,9706,32,43,2008.0,8.0
0,34,17,11,2209,44,5,2012.0,6.0
0,66,17,11,4601,44,33,2015.0,7.0
0,45,17,2,6129,44,8,2016.0,11.0
0,45,17,11,8588,16,10,2021.0,12.0
0,34,17,11,422,44,5,2007.0,2.0
2,34,17,11,4026,23,33,2018.0,5.0
0,30,17,0,10767,32,1,2013.0,7.0
0,30,17,1,6650,32,1,2020.0,7.0
0,7,17,11,4654,44,8,2023.0,12.0
0,66,17,11,399,16,8,2006.0,5.0
0,66,17,11,3244,16,33,2023.0,11.0
3,34,14,11,8858,23,33,2014.0,9.0
0,34,17,11,2788,44,5,2013.0,11.0
0,34,17,11,418,44,5,2013.0,1.0
0,34,17,11,1863,16,33,2023.0,4.0
0,66,17,11,1234,16,33,2007.0,3.0
0,66,17,11,4126,44,8,2015.0,11.0
0,70,17,1,8785,16,33,2019.0,9.0
2,66,17,11,1739,16,19,2014.0,11.0
0,60,17,11,9954,53,8,2016.0,6.0
0,52,17,11,5819,44,5,2025.0,2.0
0,34,17,11,2947,44,5,2019.0,3.0
0,34,17,11,8929,16,33,2021.0,12.0
0,34,17,11,2062,57,43,2013.0,11.0
0,66,17,1,10176,44,5,2012.0,9.0
0,66,17,12,6677,57,33,2013.0,8.0
0,34,17,11,3065,6,43,2014.0,1.0
0,34,17,11,3452,16,33,2021.0,1.0
0,66,18,11,4406,16,33,2020.0,6.0
0,30,24,3,11025,32,1,2013.0,3.0
0,34,17,11,2371,44,5,2023.0,10.0
0,66,17,11,9316,16,8,2012.0,6.0
0,30,24,1,10267,32,1,2008.0,10.0
0,66,17,11,3429,16,33,2024.0,7.0
0,34,17,11,2947,44,5,2022.0,6.0
0,34,17,11,2448,44,5,2024.0,4.0
0,7,24,2,6452,32,43,2008.0,2.0
0,45,17,11,5114,53,8,2023.0,2.0
0,57,17,1,565,16,8,2020.0,7.0
0,16,17,11,9325,41,33,2018.0,10.0
0,30,17,1,10985,32,1,2005.0,10.0
0,66,17,11,10255,36,8,2022.0,8.0
0,34,17,11,3789,16,33,2023.0,9.0
0,66,17,11,5040,16,33,2019.0,4.0
0,34,17,11,5430,44,5,2010.0,10.0
0,34,17,11,5675,53,5,2024.0,5.0
0,66,17,11,234,44,5,2014.0,6.0
0,30,17,1,7894,32,1,2020.0,12.0
2,34,17,11,474,44,5,2018.0,2.0
0,16,17,11,6845,44,33,2020.0,6.0
0,66,17,11,6604,44,33,2007.0,5.0
0,30,24,12,56,34,1,2009.0,2.0
0,45,17,0,8666,44,8,2018.0,7.0
0,66,17,11,5212,16,33,2013.0,9.0
0,66,17,11,7736,36,0,2017.0,2.0
0,34,17,11,1977,57,33,2022.0,9.0
0,23,17,1,4501,36,8,2021.0,2.0
0,66,17,11,7799,16,8,2008.0,10.0
0,34,17,11,5460,44,5,2009.0,4.0
0,7,17,7,11029,44,8,2020.0,3.0
0,66,17,11,9107,16,8,2009.0,8.0
0,66,17,11,11127,16,8,2010.0,1.0
0,7,17,3,6696,44,43,2009.0,9.0
3,34,17,11,9328,16,33,2014.0,12.0
0,58,17,12,8060,57,43,2011.0,11.0
0,34,17,11,2947,44,5,2019.0,4.0
0,34,17,2,7072,16,33,2008.0,12.0
0,34,17,11,2154,44,5,2013.0,7.0
0,58,88,11,10288,16,8,2015.0,8.0
0,34,17,11,2321,44,5,2015.0,1.0
0,36,17,11,10727,16,8,2018.0,10.0
3,34,17,0,10929,16,33,2015.0,3.0
0,34,17,11,2310,44,5,2014.0,8.0
3,66,17,0,8517,44,43,2014.0,6.0
0,66,1,11,7256,16,8,2007.0,10.0
0,34,17,11,7083,16,33,2013.0,10.0
0,34,17,11,6030,44,5,2015.0,10.0
0,34,17,11,1579,16,43,2009.0,7.0
0,66,17,11,3345,23,33,2020.0,12.0
0,34,17,11,1455,36,5,2024.0,5.0
0,30,17,0,10883,32,1,2024.0,5.0
0,34,17,11,1448,44,5,2023.0,8.0
0,63,17,11,1079,44,8,2015.0,8.0
0,66,95,11,437,44,5,2015.0,6.0
0,34,17,1,2687,16,33,2008.0,2.0
0,66,17,1,9773,44,5,2016.0,2.0
0,58,17,11,7973,16,30,2010.0,5.0
2,34,17,12,11205,36,33,2013.0,11.0
0,34,17,11,5072,16,8,2021.0,9.0
0,34,17,11,2925,44,5,2014.0,3.0
0,16,17,11,6871,55,33,2017.0,8.0
0,30,24,1,10267,32,1,2008.0,10.0
0,58,17,11,11300,16,10,2012.0,2.0
0,34,17,11,9633,16,33,2016.0,4.0
0,30,24,7,7832,32,1,2021.0,7.0
0,63,17,11,11310,34,8,2011.0,8.0
0,23,17,11,4569,44,8,2017.0,8.0
0,70,17,11,8018,16,33,2015.0,8.0
0,66,17,11,3516,44,33,2010.0,8.0
0,30,17,0,7836,32,1,2010.0,6.0
0,45,17,11,8600,44,8,2015.0,3.0
0,72,94,12,6259,32,43,2020.0,2.0
0,34,17,11,9203,6,8,2012.0,10.0
0,34,17,11,68,44,5,2016.0,4.0
3,66,17,0,9750,44,33,2014.0,8.0
0,66,17,11,1809,16,33,2016.0,11.0
0,66,21,11,3609,16,33,2023.0,5.0
0,34,17,0,8977,16,33,2012.0,6.0
3,66,17,11,4607,16,33,2014.0,11.0
0,66,17,11,5698,16,33,2016.0,8.0
0,30,24,12,10359,32,1,2009.0,3.0
0,30,17,1,10883,32,1,2014.0,7.0
0,7,17,11,9766,44,8,2010.0,7.0
0,66,17,11,1364,36,33,2020.0,4.0
0,30,17,1,7399,32,1,2008.0,6.0
0,66,17,11,4598,44,33,2018.0,9.0
0,13,17,12,7237,32,43,2009.0,11.0
0,61,17,11,1300,44,33,2025.0,8.0
0,66,1,12,7618,44,33,2011.0,11.0
0,66,17,0,254,44,33,2013.0,11.0
0,66,17,11,6036,16,33,2018.0,12.0
0,34,17,11,2732,44,5,2022.0,7.0
0,34,17,11,2390,44,5,2014.0,3.0
0,60,17,3,9952,6,8,2020.0,10.0
2,66,17,11,7945,44,5,2025.0,8.0
0,63,17,0,11067,16,8,2013.0,5.0
0,34,19,11,7096,16,43,2015.0,11.0
0,36,17,11,696,36,8,2020.0,7.0
0,66,17,11,1571,16,19,2019.0,9.0
0,13,88,1,7505,32,43,2010.0,10.0
0,66,17,11,7762,16,0,2015.0,10.0
0,66,17,11,3896,44,33,2013.0,11.0
0,34,17,11,2078,44,5,2012.0,7.0
0,34,17,11,4194,16,33,2023.0,1.0
0,66,17,11,1014,16,33,2017.0,3.0
0,30,24,3,6590,32,1,2009.0,3.0
0,30,24,3,7414,32,1,2011.0,9.0
0,30,17,1,10886,32,1,2010.0,11.0
0,30,24,1,9982,34,1,2013.0,9.0
0,66,17,11,3205,44,8,2013.0,10.0
0,58,17,11,10325,16,10,2014.0,5.0
0,34,17,11,9636,16,43,2007.0,5.0
0,34,17,11,1210,44,5,2014.0,8.0
0,34,17,11,2923,44,5,2016.0,5.0
3,70,59,11,8776,16,33,2021.0,7.0
0,66,1,11,621,16,8,2007.0,3.0
0,58,17,11,10293,44,8,2014.0,8.0
0,34,17,11,1441,44,5,2021.0,7.0
0,66,88,11,9243,16,8,2006.0,11.0
0,66,17,3,9190,16,5,2012.0,11.0
0,66,17,11,4307,16,33,2020.0,7.0
0,30,17,3,10970,32,1,2011.0,12.0
0,45,17,11,636,44,8,2022.0,8.0
0,34,17,11,740,44,5,2015.0,8.0
0,31,17,11,1057,16,8,2023.0,1.0
0,7,17,11,6396,44,43,2008.0,11.0
0,7,17,1,11227,57,19,2015.0,10.0
0,34,17,11,9061,16,33,2011.0,7.0
0,34,17,0,3655,44,5,2009.0,1.0
0,34,17,11,7040,16,33,2018.0,11.0
0,34,17,11,5469,44,5,2022.0,2.0
0,34,17,11,4962,16,33,2010.0,5.0
0,34,17,11,2926,44,5,2016.0,8.0
0,66,17,11,5916,16,33,2009.0,12.0
0,66,17,1,3422,16,33,2023.0,9.0
0,7,17,3,8410,32,43,2009.0,8.0
0,34,17,11,2879,44,5,2008.0,4.0
0,66,17,11,3475,44,8,2008.0,10.0
0,38,17,11,8524,44,10,2024.0,4.0
0,30,24,0,10886,32,1,2011.0,5.0
2,34,17,11,11281,16,33,2022.0,8.0
0,34,17,11,2558,44,5,2014.0,3.0
0,34,17,11,1191,44,5,2013.0,12.0
0,70,88,12,6257,32,27,2013.0,6.0
3,34,17,11,1282,44,5,2014.0,3.0
0,30,24,3,52,57,1,2009.0,2.0
0,23,17,0,4529,44,8,2023.0,3.0
0,34,17,11,1200,44,5,2010.0,2.0
0,34,14,11,6302,16,33,2019.0,9.0
0,58,17,0,10319,16,8,2017.0,2.0
0,34,17,11,3519,44,5,2009.0,7.0
0,34,17,11,2179,44,5,2013.0,5.0
0,23,17,0,4484,44,8,2025.0,9.0
0,30,17,12,10891,32,1,2010.0,3.0
0,34,17,11,2816,44,43,2013.0,11.0
0,34,17,11,5092,57,33,2018.0,5.0
0,34,17,11,768,44,5,2014.0,11.0
0,7,17,2,9728,32,43,2009.0,8.0
0,66,17,11,6686,6,43,2014.0,6.0
0,45,17,11,5097,36,8,2020.0,5.0
0,7,17,0,8331,32,43,2009.0,3.0
0,23,17,0,4368,47,8,2026.0,2.0
0,30,17,2,10052,16,1,2005.0,9.0
2,66,17,11,9046,16,33,2015.0,9.0
0,34,17,11,3737,44,5,2011.0,4.0
0,30,17,1,7910,32,1,2019.0,6.0
0,34,17,11,2954,44,5,2021.0,4.0
3,34,17,11,8971,16,33,2014.0,2.0
0,36,17,11,731,36,8,2019.0,10.0
0,34,17,11,2249,44,5,2011.0,7.0
0,66,17,1,6179,16,33,2007.0,2.0
0,66,1,1,71,16,8,2007.0,10.0
0,66,17,11,4402,16,33,2017.0,7.0
0,37,17,11,5061,44,33,2026.0,5.0
0,34,1,1,10430,16,5,2013.0,2.0
0,34,17,11,2698,16,33,2022.0,11.0
0,17,17,11,11098,36,8,2019.0,10.0
0,66,17,11,7764,16,0,2020.0,5.0
0,30,24,1,7370,32,1,2008.0,2.0
0,74,17,11,10949,44,1,2023.0,2.0
0,30,24,12,10364,32,1,2009.0,3.0
0,34,17,0,2235,44,5,2007.0,8.0
0,45,17,11,1006,16,8,2016.0,10.0
0,4,17,11,4658,44,33,2019.0,2.0
0,66,17,11,4619,57,33,2020.0,6.0
0,34,17,11,682,23,33,2023.0,6.0
0,66,17,11,7731,57,8,2013.0,5.0
0,34,17,11,2911,44,5,2013.0,10.0
0,66,17,2,5765,16,8,2011.0,8.0
0,45,17,13,9539,16,8,2017.0,5.0
0,66,17,11,1794,16,33,2011.0,5.0
0,7,17,0,8370,32,43,2012.0,5.0
0,34,17,11,7145,16,43,2013.0,5.0
0,34,17,11,2959,57,5,2016.0,2.0
0,34,14,11,5759,49,5,2022.0,12.0
0,66,17,2,6749,44,33,2012.0,11.0
0,34,14,11,9615,36,33,2018.0,8.0
0,66,17,0,1275,16,5,2013.0,8.0
0,34,17,11,3035,44,5,2013.0,10.0
0,12,17,11,10551,44,10,2022.0,6.0
0,34,17,11,1350,44,5,2009.0,3.0
0,58,17,11,10303,16,10,2008.0,8.0
0,26,88,1,7879,16,27,2018.0,7.0
0,52,14,11,5805,44,5,2025.0,1.0
0,66,17,11,819,16,5,2015.0,8.0
0,34,17,11,6095,44,43,2016.0,2.0
0,54,88,0,8576,16,27,2019.0,8.0
0,34,17,13,3797,44,43,2006.0,2.0
3,34,17,11,9354,16,43,2015.0,5.0
0,34,17,0,3654,44,5,2009.0,1.0
0,30,14,0,9900,32,1,2018.0,8.0
0,77,95,3,9731,57,43,2016.0,11.0
3,30,53,3,6571,32,1,2019.0,7.0
0,34,17,11,3684,16,33,2022.0,12.0
0,34,17,11,10414,16,33,2010.0,5.0
0,66,17,11,947,44,43,2020.0,7.0
0,30,17,1,10937,57,1,2006.0,10.0
0,66,17,11,3147,16,33,2010.0,3.0
0,34,17,11,1852,16,33,2021.0,4.0
0,34,17,11,2434,44,5,2023.0,9.0
0,34,17,11,3631,44,5,2011.0,10.0
0,66,21,11,2618,16,33,2023.0,5.0
0,61,17,11,5234,16,33,2026.0,7.0
3,34,17,11,5038,44,5,2014.0,6.0
0,66,17,11,7757,16,0,2013.0,9.0
0,63,17,7,9556,44,8,2025.0,6.0
0,34,17,11,3035,44,43,2013.0,10.0
0,34,17,11,672,44,33,2024.0,10.0
0,30,95,0,10074,57,1,2016.0,11.0
0,34,17,11,2905,44,5,2016.0,7.0
0,66,17,11,1810,16,19,2022.0,2.0
0,34,17,11,127,44,5,2012.0,5.0
0,30,24,12,7376,32,1,2013.0,1.0
0,30,17,3,6072,34,1,2010.0,7.0
0,45,17,0,6404,16,8,2014.0,8.0
3,34,17,11,2365,44,5,2014.0,5.0
0,63,17,1,11066,16,8,2013.0,2.0
0,66,1,11,616,16,8,2007.0,8.0
0,12,17,11,10543,16,10,2017.0,11.0
0,66,17,11,4775,16,33,2023.0,2.0
0,30,17,1,10039,16,1,2017.0,2.0
0,66,17,11,3536,6,33,2011.0,3.0
0,52,17,11,2742,44,5,2025.0,11.0
0,34,17,11,5481,16,33,2011.0,11.0
0,30,24,0,17,57,1,2009.0,2.0
0,34,17,11,2873,44,5,2018.0,1.0
0,30,24,0,6402,32,1,2008.0,9.0
0,45,17,1,8655,44,10,2014.0,4.0
0,63,17,3,6316,16,8,2023.0,5.0
0,45,17,11,1642,44,8,2018.0,9.0
0,34,17,11,5243,16,33,2009.0,8.0
0,66,17,11,5958,16,33,2007.0,1.0
0,30,17,3,6543,32,1,2007.0,1.0
0,66,17,11,4742,16,33,2008.0,7.0
0,7,17,11,8192,44,8,2016.0,5.0
0,45,17,11,637,44,8,2021.0,3.0
0,7,17,3,6969,44,43,2007.0,1.0
0,34,17,11,8235,16,43,2012.0,3.0
2,66,17,11,554,57,5,2014.0,7.0
3,34,17,11,2765,44,43,2014.0,4.0
0,66,17,1,5980,16,8,2012.0,7.0
0,34,1,1,10513,44,5,2010.0,6.0
0,34,17,11,2513,16,33,2023.0,6.0
0,34,17,0,7328,16,43,2007.0,8.0
0,66,17,11,3414,16,8,2011.0,8.0
0,34,17,11,2448,44,5,2024.0,6.0
0,45,17,11,1012,16,0,2022.0,10.0
0,34,17,11,9452,16,33,2022.0,4.0
0,66,17,11,3399,44,8,2019.0,12.0
0,66,17,1,385,6,8,2008.0,7.0
0,66,17,11,6244,44,33,2011.0,4.0
0,66,17,11,8124,16,33,2010.0,5.0
0,34,17,11,2315,44,5,2012.0,9.0
3,34,17,11,195,44,5,2014.0,8.0
0,34,17,11,1454,44,5,2022.0,8.0
0,34,95,11,2200,44,5,2011.0,5.0
0,63,79,2,8819,16,10,2022.0,1.0
3,34,17,11,5811,44,5,2014.0,12.0
0,34,17,0,3665,16,5,2008.0,5.0
0,34,14,11,8982,16,33,2021.0,7.0
0,34,17,11,9476,44,33,2011.0,1.0
0,66,17,11,396,16,8,2006.0,5.0
0,7,17,0,6820,44,8,2025.0,4.0
0,34,17,11,10610,16,5,2012.0,8.0
0,66,17,11,1224,44,5,2011.0,8.0
3,61,17,2,4630,44,33,2025.0,11.0
0,34,17,11,1999,44,5,2007.0,9.0
0,34,17,11,4195,16,33,2023.0,4.0
0,36,17,1,9264,16,8,2026.0,3.0
0,34,17,11,9487,16,33,2011.0,2.0
0,66,17,11,848,16,33,2013.0,3.0
0,66,17,1,8133,44,33,2007.0,5.0
0,30,12,12,10209,32,1,2007.0,6.0
0,34,17,11,2283,44,5,2023.0,1.0
0,34,17,11,5800,44,5,2024.0,12.0
0,34,17,0,9365,16,33,2012.0,3.0
0,34,17,11,2062,44,5,2011.0,11.0
0,30,24,3,11190,32,1,2010.0,10.0
0,34,17,11,2817,44,5,2013.0,11.0
0,7,17,3,8389,32,43,2010.0,1.0
0,30,19,1,10801,32,1,2015.0,6.0
0,34,1,11,10458,16,5,2012.0,5.0
3,66,17,11,890,16,0,2020.0,4.0
0,66,17,11,5635,44,5,2024.0,5.0
0,52,17,11,5209,16,33,2026.0,6.0
0,66,95,11,7653,16,33,2009.0,1.0
0,34,17,11,1753,44,5,2014.0,9.0
0,12,17,11,7225,44,10,2018.0,8.0
0,34,17,11,2106,44,5,2011.0,7.0
0,34,17,11,2203,44,5,2024.0,2.0
0,66,17,11,4713,16,33,2007.0,9.0
0,34,17,11,1111,16,19,2018.0,7.0
0,49,17,1,10337,36,33,2014.0,6.0
0,34,95,11,1996,44,5,2011.0,12.0
0,30,17,3,10761,32,1,2005.0,4.0
0,30,24,12,10973,32,1,2008.0,11.0
0,7,17,11,10154,57,8,2016.0,6.0
2,66,17,7,7285,16,5,2015.0,11.0
0,58,17,11,7997,16,28,2013.0,5.0
0,52,17,11,5809,44,5,2024.0,12.0
0,66,17,11,1786,16,19,2010.0,8.0
0,34,17,11,1881,16,33,2023.0,5.0
0,12,17,11,10547,16,10,2022.0,7.0
0,66,19,11,5348,57,5,2025.0,1.0
0,34,95,11,2836,44,5,2014.0,9.0
0,30,17,12,7392,32,1,2009.0,1.0
0,66,14,11,10662,16,8,2007.0,10.0
0,34,17,11,5578,44,5,2016.0,6.0
0,34,17,11,10466,16,33,2011.0,8.0
0,66,17,11,3134,44,33,2010.0,3.0
0,34,17,11,5484,16,33,2013.0,8.0
0,66,17,11,4605,16,43,2020.0,3.0
0,61,17,0,3613,44,33,2026.0,2.0
0,34,17,11,6199,16,8,2017.0,4.0
0,23,17,11,1727,36,43,2018.0,12.0
0,34,88,2,6925,44,5,2010.0,10.0
0,34,17,3,9121,44,5,2011.0,3.0
0,34,17,11,2515,16,33,2023.0,5.0
0,0,24,12,6454,32,43,2007.0,11.0
0,34,17,12,6982,44,43,2007.0,5.0
0,66,17,11,6798,44,8,2011.0,6.0
0,58,17,11,1623,16,25,2014.0,1.0
0,16,17,0,6773,44,33,2019.0,10.0
0,7,17,0,8423,32,43,2010.0,7.0
0,34,17,11,113,44,5,2019.0,8.0
3,66,17,11,4351,36,33,2014.0,11.0
0,34,17,11,7304,16,33,2017.0,6.0
0,30,17,1,6573,32,1,2018.0,6.0
0,34,17,11,2926,44,5,2015.0,11.0
0,30,17,12,7817,32,1,2009.0,1.0
0,34,17,11,1431,44,5,2013.0,9.0
0,70,24,12,10700,32,27,2013.0,7.0
0,34,17,11,2062,44,5,2012.0,5.0
0,66,17,11,3830,16,33,2012.0,11.0
0,34,17,11,10434,16,5,2015.0,11.0
0,34,17,11,2882,44,5,2017.0,3.0
0,34,17,11,1444,44,5,2022.0,3.0
0,34,17,11,5443,44,5,2023.0,9.0
0,52,17,1,3095,44,5,2024.0,11.0
0,45,17,11,4577,6,8,2014.0,10.0
0,34,17,11,2212,44,5,2012.0,1.0
0,12,17,11,5603,44,10,2021.0,6.0
0,34,17,11,9450,16,43,2018.0,5.0
0,7,17,13,9757,16,43,2006.0,9.0
0,66,17,11,4751,16,33,2014.0,6.0
0,34,20,11,6609,16,8,2010.0,3.0
0,30,17,1,9998,32,1,2017.0,6.0
0,66,17,0,799,16,33,2008.0,10.0
0,66,17,11,5643,16,33,2018.0,12.0
0,34,17,11,8230,16,33,2012.0,1.0
0,30,17,12,10113,16,1,2007.0,8.0
0,61,17,11,5351,57,33,2025.0,8.0
0,34,17,11,2046,44,5,2012.0,6.0
0,66,17,1,802,16,5,2011.0,11.0
0,66,17,12,6592,16,8,2011.0,7.0
0,66,17,11,4289,16,33,2012.0,9.0
0,66,17,11,4302,16,33,2007.0,5.0
0,34,17,11,1347,44,5,2022.0,9.0
0,66,17,2,8815,16,33,2020.0,12.0
0,34,17,13,6716,0,43,2006.0,7.0
0,44,17,11,9277,16,33,2024.0,6.0
0,66,17,11,4431,44,33,2014.0,5.0
0,30,24,12,8284,32,1,2008.0,12.0
0,66,17,11,5033,16,33,2023.0,12.0
0,34,95,11,9026,16,33,2022.0,6.0
0,34,14,11,5666,44,5,2022.0,9.0
2,66,17,11,5590,44,33,2014.0,7.0
0,34,17,11,2396,44,5,2014.0,3.0
3,34,17,11,5715,16,43,2015.0,5.0
0,7,17,0,9704,32,43,2009.0,6.0
0,34,17,11,10427,44,5,2018.0,4.0
0,34,14,11,8827,16,33,2014.0,1.0
0,34,17,11,359,44,33,2024.0,8.0
0,7,17,0,8356,32,43,2013.0,4.0
0,34,17,11,2918,44,5,2015.0,10.0
0,58,88,11,10289,16,8,2014.0,6.0
0,34,17,11,8949,36,43,2017.0,9.0
0,66,17,11,3586,16,33,2013.0,1.0
0,66,17,11,801,44,33,2008.0,11.0
0,66,17,11,806,16,5,2008.0,10.0
3,34,17,11,2480,16,33,2022.0,6.0
0,34,17,11,140,44,5,2013.0,5.0
0,30,24,3,10885,32,1,2010.0,8.0
0,45,21,11,5687,16,10,2023.0,2.0
0,34,17,1,2225,44,5,2010.0,7.0
0,34,17,11,9079,16,33,2007.0,9.0
0,34,17,11,4833,16,33,2013.0,2.0
0,34,17,11,2704,42,43,2017.0,7.0
0,66,17,1,9233,16,8,2011.0,6.0
0,7,17,13,8314,44,8,2011.0,10.0
0,4,17,11,9572,44,33,2018.0,6.0
0,34,17,11,3098,44,5,2024.0,9.0
0,22,17,11,5654,16,33,2025.0,11.0
0,23,17,0,4548,44,8,2023.0,2.0
0,34,17,11,9193,16,43,2011.0,6.0
0,34,17,11,5675,44,5,2024.0,9.0
2,70,17,1,8785,16,33,2019.0,9.0
0,16,17,11,6774,28,33,2018.0,9.0
0,58,88,11,1617,16,8,2014.0,8.0
0,34,17,11,301,28,8,2016.0,12.0
0,34,17,11,2947,44,5,2021.0,10.0
0,7,17,1,9738,57,43,2016.0,5.0
3,70,12,3,8127,16,33,2014.0,11.0
0,30,17,1,10995,32,1,2012.0,2.0
0,58,17,11,6592,16,8,2013.0,4.0
0,34,17,11,2822,44,5,2020.0,10.0
0,34,17,1,6285,16,19,2018.0,6.0
0,52,17,11,2498,36,5,2025.0,5.0
0,34,17,1,2227,44,5,2009.0,9.0
0,66,17,11,1754,16,33,2021.0,1.0
0,34,17,0,8249,16,33,2016.0,12.0
0,34,17,11,3702,16,33,2022.0,8.0
0,7,17,0,9707,32,43,2009.0,1.0
0,34,17,1,10506,44,5,2007.0,5.0
0,34,17,11,2401,44,43,2007.0,2.0
0,7,0,12,6940,32,43,2009.0,12.0
0,66,17,11,5990,16,33,2014.0,8.0
0,34,17,11,2912,44,5,2013.0,10.0
0,66,17,11,7871,16,43,2020.0,8.0
0,38,17,11,9272,16,8,2025.0,2.0
0,45,17,11,5410,16,10,2014.0,2.0
0,52,17,11,2942,44,5,2025.0,5.0
0,34,17,11,1441,44,5,2019.0,12.0
2,77,17,0,8190,16,32,2014.0,6.0
0,66,17,11,1016,16,33,2020.0,9.0
0,34,17,0,9589,16,43,2007.0,10.0
0,34,17,1,5277,44,5,2014.0,8.0
0,34,17,11,358,36,33,2023.0,11.0
0,66,17,1,3158,44,33,2011.0,8.0
3,34,17,11,536,44,5,2014.0,12.0
0,34,17,11,1452,44,5,2023.0,3.0
0,66,17,2,9175,16,19,2007.0,5.0
0,34,17,1,8953,16,33,2013.0,12.0
0,34,17,11,283,16,33,2010.0,10.0
0,66,1,11,718,16,8,2007.0,6.0
0,34,17,11,2164,44,5,2013.0,11.0
0,66,17,11,2023,44,33,2009.0,7.0
0,30,17,0,7409,32,1,2008.0,11.0
0,66,17,11,4687,16,33,2007.0,5.0
0,34,17,1,9829,16,43,2006.0,7.0
0,30,17,1,9994,57,1,2016.0,9.0
0,34,17,11,2886,44,5,2013.0,12.0
0,45,17,11,9309,44,10,2010.0,4.0
0,66,17,11,3203,44,8,2015.0,5.0
0,66,1,11,707,16,8,2007.0,6.0
0,34,14,1,9630,16,33,2021.0,5.0
0,34,17,11,4670,16,33,2024.0,6.0
0,30,17,12,7367,32,1,2008.0,10.0
0,38,17,11,678,44,8,2026.0,2.0
0,34,17,11,492,44,5,2016.0,6.0
0,34,17,11,3649,44,5,2009.0,4.0
3,34,17,11,7349,16,33,2020.0,3.0
0,34,17,11,3738,16,33,2011.0,11.0
0,66,21,11,4424,44,33,2023.0,7.0
0,34,17,11,5356,44,5,2012.0,1.0
0,30,24,3,10075,32,1,2013.0,7.0
0,34,17,11,2003,44,5,2012.0,9.0
0,13,17,1,7497,28,32,2024.0,6.0
0,34,17,12,9590,44,43,2007.0,12.0
0,34,17,11,10438,44,5,2012.0,6.0
0,66,17,11,11038,16,33,2007.0,5.0
0,22,17,11,5904,16,33,2025.0,4.0
0,34,17,1,9208,44,5,2009.0,12.0
0,34,17,11,9348,16,33,2012.0,11.0
0,34,17,0,2421,44,43,2007.0,11.0
0,66,95,2,10149,57,33,2008.0,3.0
0,34,17,1,10690,16,33,2009.0,4.0
0,66,17,11,5961,16,33,2018.0,2.0
0,66,17,11,1049,16,0,2019.0,9.0
0,34,17,11,8148,16,33,2008.0,8.0
0,34,17,11,2096,44,5,2012.0,2.0
0,23,17,0,4486,47,8,2023.0,5.0
0,34,21,11,8445,16,33,2023.0,2.0
3,34,17,11,2860,44,5,2014.0,5.0
0,58,17,11,10318,16,8,2016.0,4.0
0,34,95,11,121,44,5,2015.0,3.0
2,34,17,11,1401,16,19,2019.0,1.0
0,30,24,1,11155,32,1,2012.0,7.0
3,2,17,11,8253,16,33,2020.0,12.0
0,66,17,11,4353,44,33,2011.0,1.0
0,7,17,3,8355,32,43,2010.0,1.0
0,34,17,11,1163,16,19,2015.0,3.0
0,38,17,2,6601,36,8,2023.0,9.0
0,34,17,11,9427,16,33,2011.0,7.0
0,34,17,11,2542,44,5,2012.0,6.0
0,66,17,11,9058,16,33,2019.0,10.0
2,34,17,11,175,44,5,2014.0,11.0
0,66,17,11,10163,16,33,2023.0,10.0
0,34,17,11,5574,44,5,2022.0,3.0
0,30,17,1,11001,32,1,2005.0,4.0
0,34,17,11,3662,16,33,2023.0,5.0
0,34,17,11,65,44,43,2013.0,7.0
0,45,17,11,8654,16,10,2014.0,11.0
0,66,17,11,3495,57,43,2008.0,3.0
0,30,17,1,6381,32,1,2018.0,5.0
0,30,17,1,6673,16,1,2007.0,5.0
0,34,17,1,4963,16,33,2010.0,1.0
0,30,88,1,7494,57,1,2005.0,12.0
0,66,17,11,4421,44,43,2018.0,8.0
0,34,17,1,9147,44,5,2017.0,6.0
0,34,17,11,8232,16,33,2010.0,11.0
0,34,17,11,2225,44,5,2010.0,11.0
2,66,17,11,1573,23,19,2019.0,8.0
3,34,17,11,9798,16,33,2014.0,10.0
0,66,17,11,3968,44,33,2023.0,12.0
0,34,17,11,4817,16,8,2013.0,5.0
0,34,17,0,9364,16,33,2010.0,5.0
0,34,17,11,2181,44,5,2011.0,6.0
0,34,17,11,2957,44,5,2022.0,2.0
0,63,95,11,6307,56,8,2011.0,8.0
2,34,17,11,2801,44,5,2014.0,4.0
0,66,17,11,6430,16,43,2017.0,4.0
0,34,17,11,11242,16,38,2016.0,1.0
0,23,17,1,999,16,8,2022.0,6.0
0,34,17,11,82,44,5,2015.0,11.0
0,66,17,12,7222,44,33,2011.0,12.0
0,66,17,11,4190,36,33,2022.0,11.0
0,34,17,11,5279,44,5,2015.0,6.0
0,34,17,11,2926,44,5,2013.0,8.0
2,66,17,11,3387,16,33,2022.0,8.0
0,34,17,11,2412,44,5,2022.0,10.0
0,34,95,11,9937,44,43,2014.0,4.0
0,34,17,11,2134,44,5,2014.0,1.0
0,0,17,12,6411,32,43,2007.0,5.0
0,34,17,11,1444,44,5,2022.0,5.0
0,34,17,11,184,44,5,2012.0,2.0
0,7,17,3,8334,32,43,2007.0,2.0
0,66,17,11,8725,6,33,2015.0,2.0
2,34,95,12,11309,57,43,2018.0,6.0
0,34,17,11,4179,16,33,2019.0,10.0
0,34,17,11,4791,16,8,2023.0,2.0
0,23,17,0,4363,44,8,2018.0,6.0
0,66,17,11,969,16,43,2019.0,10.0
0,66,17,11,547,36,5,2018.0,6.0
0,34,17,11,2454,44,5,2014.0,2.0
0,30,66,0,10784,32,1,2016.0,2.0
0,7,17,0,8461,32,43,2008.0,8.0
0,45,19,11,10731,36,8,2016.0,4.0
0,30,17,0,10057,16,1,2013.0,11.0
0,30,95,12,6551,32,1,2016.0,5.0
2,30,24,1,7290,32,1,2020.0,2.0
0,34,17,11,2407,16,43,2006.0,11.0
0,66,17,11,3536,44,33,2011.0,3.0
0,34,17,11,2894,44,5,2013.0,9.0
0,12,17,11,5613,44,10,2021.0,7.0
0,66,17,11,3571,16,33,2019.0,8.0
0,63,21,1,9181,16,19,2026.0,2.0
3,34,17,11,2832,44,5,2014.0,5.0
0,34,24,1,9286,16,33,2010.0,5.0
0,34,17,0,5002,16,33,2010.0,10.0
0,57,17,11,5278,44,43,2010.0,12.0
0,34,17,11,157,44,5,2010.0,11.0
0,34,17,11,4021,16,33,2022.0,9.0
0,34,17,11,2070,44,5,2011.0,9.0
0,30,17,1,6546,32,1,2017.0,9.0
0,52,17,11,10926,16,33,2025.0,2.0
0,34,17,11,2905,44,5,2016.0,8.0
0,66,17,11,1025,16,33,2018.0,8.0
0,30,17,1,7483,32,1,2018.0,10.0
0,34,1,1,10513,44,5,2009.0,7.0
0,7,17,2,8408,32,43,2006.0,10.0
0,34,17,11,2350,44,5,2011.0,6.0
0,34,17,11,1171,44,5,2022.0,10.0
0,30,17,1,10768,32,1,2015.0,3.0
0,34,95,11,93,44,43,2015.0,1.0
0,30,24,13,10275,32,1,2010.0,11.0
2,34,17,12,1759,44,5,2015.0,2.0
0,34,17,11,2067,44,5,2012.0,5.0
0,72,88,13,6459,32,43,2021.0,6.0
0,45,17,11,8110,16,8,2013.0,7.0
0,34,17,11,2711,16,33,2022.0,11.0
0,62,17,3,10213,44,5,2011.0,10.0
0,34,17,11,9433,16,33,2007.0,12.0
0,66,17,11,10230,6,8,2014.0,6.0
0,66,17,0,11076,44,8,2007.0,10.0
0,34,17,11,1205,44,5,2009.0,1.0
0,35,17,11,5315,36,33,2018.0,7.0
0,58,17,11,9199,16,10,2012.0,12.0
0,34,17,11,9482,16,33,2013.0,9.0
0,34,17,11,1130,16,33,2009.0,5.0
0,63,17,11,9568,44,8,2015.0,9.0
0,34,17,1,10204,44,5,2013.0,10.0
3,34,17,11,5998,36,5,2015.0,2.0
0,30,17,1,10790,32,1,2006.0,5.0
0,66,17,11,4764,16,43,2014.0,4.0
0,69,17,3,9659,36,19,2024.0,10.0
0,34,95,11,7318,16,43,2017.0,5.0
0,66,17,2,6642,32,43,2021.0,2.0
0,34,17,11,2921,44,5,2016.0,8.0
0,34,17,11,2317,44,5,2016.0,7.0
0,66,17,2,6324,44,5,2011.0,10.0
0,4,17,11,3993,44,5,2024.0,8.0
0,34,17,2,592,44,8,2008.0,9.0
0,52,17,11,5823,44,5,2025.0,3.0
0,23,17,0,9221,16,8,2019.0,12.0
3,66,17,11,10234,44,33,2015.0,12.0
0,30,17,1,7798,32,1,2018.0,4.0
0,66,17,11,4209,16,33,2022.0,11.0
0,66,17,11,6647,44,33,2011.0,5.0
0,45,17,11,642,16,8,2022.0,11.0
0,66,17,11,230,44,5,2012.0,6.0
0,34,17,11,1850,57,33,2023.0,4.0
0,34,95,11,5794,57,43,2008.0,7.0
0,34,17,11,7794,16,8,2012.0,5.0
0,66,17,11,4290,16,33,2012.0,8.0
0,66,17,11,3313,16,33,2019.0,5.0
0,34,14,11,8910,16,33,2016.0,8.0
0,34,17,11,10529,44,5,2012.0,2.0
0,34,1,11,8238,16,33,2012.0,5.0
0,66,17,0,7796,57,5,2006.0,1.0
3,34,17,11,2471,44,5,2014.0,5.0
0,30,17,0,3823,32,1,2013.0,3.0
0,66,17,11,2609,16,33,2016.0,7.0
0,34,17,11,9007,16,33,2013.0,5.0
0,66,17,11,7734,36,0,2017.0,7.0
0,66,17,11,4381,6,33,2019.0,5.0
0,66,17,0,3885,44,33,2014.0,8.0
0,36,17,11,10714,36,8,2018.0,12.0
0,7,17,3,7797,32,43,2011.0,9.0
0,66,17,11,1278,16,5,2011.0,8.0
0,34,17,1,6607,16,8,2012.0,12.0
0,66,17,11,4003,16,33,2019.0,8.0
0,34,17,11,1440,44,5,2022.0,5.0
0,34,95,11,7088,16,33,2008.0,10.0
0,34,12,2,9062,16,33,2012.0,8.0
0,30,66,1,11171,57,1,2014.0,9.0
0,4,17,11,4667,44,33,2019.0,4.0
0,7,88,1,6483,6,8,2011.0,2.0
0,34,17,11,4025,36,33,2016.0,12.0
0,34,17,11,9405,16,33,2022.0,3.0
0,66,17,11,1244,16,33,2013.0,11.0
0,30,24,3,10646,32,1,2011.0,9.0
0,34,20,11,9077,16,33,2011.0,1.0
0,66,17,11,4217,44,33,2015.0,8.0
0,66,17,11,1313,16,33,2024.0,2.0
0,34,17,1,5353,44,5,2024.0,12.0
0,66,17,11,857,16,33,2013.0,5.0
0,34,17,11,734,44,5,2014.0,3.0
0,54,88,13,6305,16,27,2018.0,11.0
0,7,17,3,6700,44,43,2010.0,10.0
0,13,17,1,7495,32,43,2017.0,8.0
0,30,24,2,9873,32,1,2009.0,8.0
0,34,17,11,1965,16,33,2022.0,10.0
0,66,17,11,5378,16,33,2007.0,8.0
0,66,17,11,4753,16,33,2014.0,6.0
0,30,17,1,7360,32,1,2008.0,11.0
0,30,17,1,6566,32,1,2015.0,10.0
0,66,17,11,1472,16,33,2007.0,7.0
2,34,17,11,334,57,43,2019.0,1.0
0,66,14,11,6190,16,33,2018.0,5.0
0,30,24,12,6505,32,1,2008.0,9.0
0,66,17,11,939,6,5,2007.0,7.0
0,34,17,11,499,44,5,2019.0,2.0
0,66,17,11,3507,16,33,2011.0,6.0
0,66,95,11,4433,44,33,2023.0,3.0
0,7,17,11,6968,44,43,2007.0,6.0
0,34,17,11,7150,16,43,2012.0,8.0
0,34,17,11,11253,16,33,2018.0,4.0
0,30,17,1,10903,32,1,2019.0,6.0
0,34,17,11,4991,16,5,2009.0,10.0
0,7,17,3,6950,44,43,2010.0,10.0
0,34,17,11,7146,16,33,2013.0,1.0
0,30,24,12,10989,32,1,2008.0,10.0
0,66,21,11,9214,16,33,2023.0,5.0
0,63,17,11,10221,44,8,2021.0,8.0
0,34,17,1,9934,44,5,2009.0,3.0
0,34,17,11,6286,16,33,2007.0,5.0
0,34,17,11,10168,16,33,2007.0,9.0
0,34,17,11,1922,16,33,2019.0,4.0
0,70,77,1,5128,36,33,2014.0,10.0
0,34,17,11,5759,16,5,2022.0,6.0
0,30,17,1,10090,16,1,2007.0,10.0
0,66,17,11,1243,16,33,2023.0,10.0
0,23,17,0,4370,44,8,2024.0,4.0
0,66,17,11,3295,44,33,2011.0,8.0
0,30,17,1,10850,57,1,2015.0,4.0
0,34,17,11,5257,44,5,2007.0,2.0
0,66,17,11,3474,44,8,2007.0,1.0
0,30,17,2,10868,32,1,2025.0,7.0
0,66,17,11,4249,44,33,2017.0,6.0
0,34,17,11,10487,16,5,2018.0,4.0
0,30,66,2,11149,32,1,2015.0,3.0
0,66,17,11,5636,44,5,2016.0,10.0
0,34,17,11,3646,44,5,2009.0,8.0
0,34,17,1,6276,16,19,2010.0,10.0
0,34,17,11,206,44,43,2014.0,10.0
0,45,17,11,8597,44,8,2021.0,6.0
0,34,17,11,156,44,5,2012.0,7.0
3,34,17,11,2458,44,5,2014.0,1.0
0,34,17,11,2869,44,5,2016.0,11.0
0,57,17,11,447,16,8,2016.0,11.0
0,66,20,0,10922,16,8,2010.0,7.0
0,34,17,11,10432,16,5,2015.0,12.0
0,38,17,11,5647,53,8,2024.0,5.0
0,66,17,1,3403,44,8,2023.0,12.0
0,23,17,1,10697,36,8,2022.0,3.0
0,34,17,11,1409,57,43,2018.0,6.0
0,34,17,11,8236,16,33,2013.0,6.0
0,66,17,11,252,44,33,2011.0,6.0
0,66,17,11,3153,44,33,2010.0,2.0
0,34,21,11,1845,57,33,2023.0,2.0
0,52,17,11,5358,36,5,2025.0,5.0
0,66,17,11,5371,16,33,2012.0,12.0
0,34,17,11,2358,44,43,2014.0,1.0
0,34,17,11,3772,16,43,2007.0,1.0
0,61,17,11,1307,36,33,2025.0,12.0
0,66,17,1,6628,16,33,2011.0,12.0
0,66,17,2,8168,20,8,2007.0,11.0
0,34,17,11,4851,16,33,2023.0,11.0
0,66,17,11,581,16,8,2011.0,1.0
0,66,17,11,6176,16,33,2007.0,4.0
0,34,17,11,2544,44,5,2013.0,1.0
0,34,17,11,2310,44,5,2012.0,9.0
0,34,17,11,4928,16,33,2011.0,10.0
0,66,17,11,6032,57,33,2018.0,1.0
2,34,17,11,771,44,5,2014.0,11.0
0,30,17,1,8279,57,1,2008.0,1.0
0,7,17,1,10141,44,33,2011.0,1.0
0,34,17,11,5790,44,5,2015.0,8.0
0,57,14,11,9519,16,10,2007.0,9.0
2,34,17,11,7308,16,33,2014.0,6.0
0,48,17,0,5194,44,8,2021.0,3.0
0,36,17,1,10728,23,8,2019.0,8.0
0,34,17,13,2935,44,5,2019.0,2.0
0,61,17,11,5310,36,33,2025.0,6.0
0,34,17,11,1930,16,33,2023.0,5.0
0,70,17,12,9267,16,43,2007.0,12.0
0,60,17,11,6015,36,8,2026.0,6.0
0,7,88,1,6438,32,43,2008.0,7.0
0,30,17,3,6574,32,1,2013.0,8.0
0,30,17,1,10988,32,1,2005.0,10.0
0,63,17,0,10191,44,8,2019.0,8.0
0,34,17,11,79,44,5,2015.0,11.0
0,7,17,1,1009,44,8,2023.0,2.0
0,66,17,11,4763,16,33,2020.0,12.0
0,34,17,11,1987,44,5,2013.0,5.0
0,34,17,1,5953,44,5,2008.0,12.0
0,7,17,1,7630,57,43,2014.0,4.0
3,22,17,11,6005,16,33,2026.0,3.0
0,66,17,11,6762,44,33,2012.0,9.0
0,34,17,1,3666,36,5,2014.0,2.0
0,45,17,11,8633,44,10,2015.0,12.0
0,34,17,11,3712,44,5,2013.0,5.0
0,34,14,11,9393,57,33,2022.0,7.0
0,66,17,11,1266,44,5,2007.0,1.0
0,34,17,1,7123,16,33,2011.0,10.0
0,30,17,1,10982,32,1,2007.0,10.0
0,34,17,11,10443,16,5,2012.0,6.0
0,34,17,11,5004,16,33,2008.0,7.0
0,34,17,11,168,44,5,2015.0,5.0
0,34,17,11,2793,44,5,2008.0,2.0
0,34,17,0,5068,16,8,2021.0,7.0
0,66,17,11,7251,57,8,2010.0,4.0
0,30,17,2,10876,32,1,2014.0,1.0
0,66,17,1,3469,57,8,2008.0,11.0
0,18,17,11,10950,16,1,2024.0,5.0
0,34,17,11,2926,44,5,2016.0,8.0
3,7,95,0,6874,57,43,2014.0,11.0
0,66,17,11,1027,16,33,2018.0,8.0
0,70,24,13,8129,16,43,2013.0,11.0
0,66,17,11,5859,16,0,2010.0,1.0
0,66,17,11,2508,16,19,2019.0,6.0
0,34,17,1,7071,16,33,2008.0,4.0
0,66,21,11,4412,44,33,2023.0,7.0
0,34,95,11,10486,16,5,2013.0,3.0
0,34,17,11,2449,44,5,2024.0,4.0
0,34,17,11,2318,44,5,2012.0,8.0
0,34,17,11,1878,16,33,2019.0,6.0
0,66,17,1,10563,44,5,2017.0,7.0
0,63,17,11,3481,44,8,2012.0,10.0
0,34,17,11,4087,16,33,2022.0,12.0
0,52,17,11,4098,36,33,2024.0,11.0
0,66,17,11,6132,16,33,2007.0,6.0
3,70,17,11,5129,16,33,2015.0,5.0
0,58,17,11,8020,16,25,2011.0,8.0
0,62,17,2,10121,34,8,2011.0,10.0
0,63,17,0,10189,44,8,2018.0,4.0
0,34,17,11,7334,16,33,2018.0,4.0
0,34,17,11,3804,44,43,2006.0,5.0
0,66,17,11,6631,16,33,2008.0,6.0
0,30,24,3,10757,32,1,2010.0,6.0
0,34,17,11,2563,44,5,2013.0,3.0
0,66,95,12,3558,44,5,2014.0,6.0
0,34,17,11,2588,16,43,2006.0,8.0
0,34,17,2,5003,16,33,2012.0,3.0
3,66,17,11,6041,16,33,2019.0,12.0
3,34,14,11,9850,16,33,2021.0,2.0
0,34,17,11,6693,16,43,2007.0,9.0
0,7,17,1,6908,44,8,2018.0,2.0
0,66,17,11,3602,16,33,2023.0,5.0
0,58,17,11,7981,16,25,2011.0,12.0
0,34,17,11,8454,16,33,2022.0,10.0
0,18,17,3,10951,16,1,2014.0,11.0
0,31,17,11,8296,16,8,2023.0,10.0
0,66,17,11,3179,16,33,2022.0,2.0
0,34,17,11,612,16,33,2013.0,11.0
0,30,17,1,6425,32,1,2019.0,9.0
0,30,24,3,11004,32,1,2009.0,4.0
0,7,17,0,8392,32,43,2012.0,8.0
0,66,17,11,3370,44,8,2018.0,5.0
0,34,17,11,2518,16,33,2023.0,5.0
0,7,17,0,6939,32,43,2010.0,2.0
0,16,17,11,6738,47,33,2022.0,10.0
3,34,17,11,1750,44,5,2014.0,7.0
0,23,17,1,3118,16,8,2022.0,2.0
0,30,66,1,10856,32,1,2015.0,4.0
0,63,17,11,3321,44,8,2023.0,8.0
0,34,17,1,9632,16,43,2007.0,1.0
0,7,17,0,8357,32,43,2012.0,1.0
0,34,17,11,2299,44,5,2012.0,10.0
0,63,17,0,10179,44,8,2016.0,6.0
0,30,17,1,10808,32,1,2015.0,5.0
0,30,24,1,10100,16,1,2009.0,6.0
0,34,17,11,2005,44,5,2024.0,5.0
0,34,17,11,7057,16,43,2018.0,6.0
0,34,17,11,5025,16,33,2016.0,8.0
0,66,17,0,10751,16,33,2012.0,8.0
0,34,17,11,1154,16,19,2022.0,4.0
0,66,17,1,5005,16,33,2020.0,1.0
0,66,21,11,4745,16,33,2023.0,2.0
0,30,17,1,10956,32,1,2016.0,10.0
0,66,17,11,5864,16,0,2011.0,4.0
0,34,17,11,3652,44,5,2009.0,5.0
0,30,17,1,10813,32,1,2015.0,6.0
0,34,17,11,9614,36,33,2019.0,3.0
0,30,17,1,7242,32,1,2006.0,12.0
0,45,17,3,6123,44,8,2013.0,9.0
0,34,17,11,3082,44,5,2016.0,2.0
2,66,95,11,5779,16,0,2018.0,5.0
0,34,14,11,5500,36,5,2022.0,2.0
2,34,17,11,9449,16,43,2018.0,5.0
0,45,17,11,6120,16,8,2013.0,2.0
0,42,17,11,5028,44,33,2025.0,7.0
0,66,17,11,1042,16,33,2018.0,2.0
0,34,14,11,57,57,33,2021.0,7.0
0,7,17,3,8414,34,43,2008.0,3.0
3,66,17,11,4723,16,33,2023.0,3.0
2,66,17,11,8716,16,33,2019.0,9.0
0,34,12,1,282,16,43,2009.0,1.0
0,23,17,11,5380,16,33,2025.0,11.0
0,34,17,11,1396,16,19,2023.0,1.0
2,66,17,11,5050,16,5,2018.0,1.0
0,30,24,2,7226,32,1,2021.0,11.0
0,66,17,11,4386,16,33,2023.0,4.0
0,66,17,11,1371,16,43,2020.0,12.0
0,66,17,11,5983,16,33,2018.0,2.0
0,61,17,7,3186,44,33,2025.0,8.0
0,66,17,11,6207,6,5,2006.0,3.0
0,45,17,11,8585,44,8,2022.0,10.0
0,34,14,11,9389,16,33,2022.0,2.0
0,34,17,11,7199,16,33,2013.0,5.0
0,34,17,1,2234,44,5,2010.0,10.0
0,34,17,11,1989,44,5,2013.0,5.0
0,34,17,11,1380,16,19,2008.0,3.0
3,34,17,11,3028,44,5,2014.0,5.0
0,34,17,11,9410,16,33,2022.0,4.0
0,66,17,11,822,16,19,2011.0,10.0
0,34,17,11,9376,44,33,2018.0,11.0
0,34,17,11,5936,44,5,2009.0,4.0
0,66,17,11,1496,36,33,2019.0,9.0
0,7,17,2,6959,16,43,2006.0,7.0
2,34,17,11,10602,36,43,2015.0,7.0
0,66,17,11,6242,44,33,2010.0,8.0
0,66,17,11,4228,44,33,2020.0,2.0
0,34,17,11,9457,16,33,2007.0,5.0
0,30,17,0,10089,32,1,2023.0,1.0
0,30,17,2,7356,32,1,2012.0,4.0
0,30,17,3,6579,32,1,2025.0,12.0
0,34,17,11,2069,44,5,2013.0,8.0
0,63,17,0,6318,16,8,2021.0,11.0
0,45,17,1,6453,44,43,2012.0,7.0
0,7,17,0,8380,32,43,2009.0,1.0
0,23,17,0,7649,44,8,2025.0,3.0
0,34,17,11,2566,44,5,2014.0,11.0
0,34,17,11,497,44,5,2015.0,4.0
0,66,17,3,798,16,33,2008.0,11.0
0,66,17,11,4756,16,33,2012.0,7.0
0,66,17,2,10353,6,33,2017.0,12.0
0,34,17,0,2784,44,5,2008.0,1.0
0,7,17,11,9758,16,43,2007.0,5.0
0,34,95,11,3752,57,33,2023.0,8.0
0,34,17,11,3742,16,33,2011.0,9.0
0,58,88,12,8029,16,21,2012.0,9.0
3,34,17,11,2497,57,43,2014.0,9.0
0,34,19,11,10541,16,33,2015.0,10.0
0,34,17,11,1112,16,33,2009.0,1.0
0,34,17,11,1406,16,43,2019.0,12.0
0,66,17,11,6158,25,33,2015.0,7.0
0,23,17,11,4530,44,8,2017.0,10.0
0,34,17,11,5283,44,43,2007.0,2.0
0,34,17,11,5638,44,5,2022.0,6.0
3,66,17,2,10175,44,43,2014.0,6.0
0,34,17,11,4086,23,33,2017.0,12.0
0,66,17,11,5955,16,33,2007.0,8.0
0,66,17,11,1508,16,33,2015.0,5.0
0,34,17,11,2883,44,5,2016.0,11.0
3,34,17,11,11280,16,33,2022.0,8.0
0,30,17,1,10054,16,1,2007.0,7.0
0,34,17,11,671,16,33,2017.0,2.0
0,7,17,11,1077,16,8,2024.0,11.0
3,0,17,11,654,16,19,2014.0,6.0
0,34,17,11,3679,16,33,2012.0,1.0
3,34,17,11,2329,44,5,2015.0,2.0
0,34,17,11,10540,44,5,2016.0,2.0
0,70,17,1,9944,32,43,2023.0,11.0
0,34,17,11,4171,16,33,2023.0,11.0
0,34,17,1,6274,16,19,2012.0,2.0
0,16,17,2,6778,44,33,2019.0,1.0
0,30,17,3,11009,32,1,2008.0,8.0
0,34,17,1,10514,44,5,2013.0,3.0
0,66,17,11,11035,44,33,2014.0,6.0
0,30,88,2,9904,32,1,2008.0,4.0
3,34,17,11,667,36,33,2022.0,11.0
0,30,17,12,7412,32,1,2008.0,2.0
0,34,17,11,2702,16,33,2023.0,2.0
0,7,17,12,7531,57,43,2013.0,8.0
2,66,17,11,913,16,43,2014.0,2.0
0,66,17,11,3191,16,33,2023.0,4.0
0,66,17,11,3401,44,8,2023.0,4.0
0,66,17,11,3206,57,8,2013.0,9.0
0,66,17,11,10378,15,33,2016.0,3.0
3,34,95,11,2467,44,5,2014.0,5.0
0,23,17,11,9319,23,8,2017.0,11.0
3,34,17,11,2288,44,5,2014.0,12.0
0,30,17,1,10583,16,1,2007.0,7.0
0,30,24,12,7358,32,1,2010.0,1.0
0,66,17,11,4873,16,33,2021.0,9.0
0,7,17,1,6827,32,43,2013.0,6.0
0,34,17,11,435,57,5,2018.0,12.0
0,34,17,11,7108,16,33,2014.0,1.0
0,34,17,11,164,44,5,2016.0,2.0
0,34,17,1,2239,44,5,2009.0,9.0
0,30,17,0,10011,16,1,2007.0,11.0
0,34,17,1,5235,44,5,2015.0,11.0
0,7,17,0,6718,32,43,2014.0,1.0
0,63,17,11,3954,36,8,2023.0,1.0
0,34,17,2,10518,44,5,2009.0,6.0
0,34,1,11,291,16,43,2009.0,4.0
0,13,17,1,7497,32,32,2023.0,10.0
0,66,17,11,3841,44,33,2019.0,7.0
0,34,17,11,2745,44,5,2022.0,8.0
0,66,17,11,3592,16,33,2007.0,2.0
0,34,17,1,2428,44,43,2006.0,11.0
0,34,17,11,5701,44,5,2024.0,12.0
0,34,17,11,5718,16,5,2019.0,7.0
0,30,24,12,7411,32,1,2013.0,10.0
0,34,14,11,9601,16,33,2023.0,10.0
0,34,17,11,2310,44,5,2021.0,7.0
0,30,1,3,9884,32,1,2011.0,11.0
0,34,17,11,2416,44,5,2023.0,9.0
0,34,17,11,2926,44,5,2016.0,6.0
0,34,14,11,9032,36,33,2018.0,8.0
0,0,17,1,6484,32,7,2010.0,5.0
0,45,17,11,8680,44,43,2013.0,3.0
0,34,17,11,9079,16,33,2008.0,3.0
0,66,17,11,5375,16,33,2011.0,11.0
3,7,17,1,10159,44,33,2014.0,11.0
0,66,17,11,1496,44,33,2019.0,9.0
0,34,17,11,2580,16,33,2023.0,10.0
0,66,17,11,6096,16,33,2020.0,7.0
0,34,17,11,10419,16,5,2009.0,8.0
0,34,17,0,9341,16,33,2013.0,1.0
0,23,17,11,4490,44,8,2018.0,2.0
0,34,17,11,5815,44,5,2024.0,9.0
0,30,17,1,3545,32,1,2017.0,9.0
0,66,17,11,5900,57,33,2020.0,5.0
0,23,17,0,1653,44,8,2023.0,12.0
0,66,17,11,4706,16,33,2007.0,5.0
0,34,17,11,739,44,5,2014.0,9.0
0,34,17,11,7034,16,33,2007.0,9.0
0,66,17,11,11058,44,33,2014.0,6.0
0,30,88,1,11021,32,1,2008.0,1.0
0,34,17,11,9474,16,33,2009.0,6.0
0,34,17,11,2448,44,5,2024.0,4.0
0,45,17,11,9582,16,8,2010.0,2.0
0,66,17,11,10656,16,33,2007.0,7.0
0,34,17,11,492,44,5,2015.0,5.0
3,34,17,11,7149,16,33,2014.0,3.0
0,22,17,11,6033,57,33,2025.0,6.0
0,45,17,11,7730,53,8,2021.0,1.0
0,34,17,11,5670,44,5,2020.0,1.0
0,34,17,11,2314,44,5,2012.0,7.0
0,34,17,11,2954,44,5,2020.0,11.0
0,0,17,12,9913,16,43,2011.0,3.0
0,37,17,11,6297,44,33,2025.0,9.0
0,66,17,11,3154,16,5,2020.0,1.0
0,66,17,12,10559,44,8,2011.0,10.0
0,66,17,11,1506,16,33,2023.0,11.0
0,34,17,11,1435,44,5,2016.0,3.0
3,66,95,11,4880,16,5,2014.0,10.0
0,58,17,0,7959,16,30,2011.0,6.0
0,66,95,11,1597,44,5,2008.0,11.0
3,66,17,11,4514,44,37,2014.0,11.0
0,34,17,11,2081,44,5,2013.0,1.0
0,66,17,11,1826,16,19,2021.0,10.0
0,30,17,12,10819,32,1,2007.0,2.0
0,34,17,11,1526,16,43,2022.0,9.0
0,34,17,1,9502,44,5,2012.0,6.0
0,34,14,11,5741,16,5,2022.0,4.0
0,66,17,11,1014,16,33,2017.0,3.0
0,70,95,12,11312,57,43,2016.0,4.0
3,61,17,11,3192,16,33,2026.0,6.0
0,34,17,11,1834,36,33,2023.0,7.0
0,34,17,1,8187,16,43,2007.0,1.0
0,22,17,11,5976,16,33,2024.0,6.0
0,66,17,0,808,16,33,2009.0,8.0
0,34,17,11,589,16,8,2015.0,7.0
0,34,17,11,10605,36,5,2015.0,7.0
0,34,17,11,9802,16,43,2007.0,5.0
0,34,17,11,164,44,5,2018.0,12.0
0,66,17,11,5963,16,33,2008.0,5.0
0,34,88,1,8490,16,33,2012.0,9.0
0,34,17,11,4947,16,33,2011.0,12.0
0,66,17,11,10715,16,8,2007.0,7.0
0,66,17,11,6603,44,33,2007.0,8.0
0,66,17,11,1629,44,5,2024.0,2.0
0,34,17,1,6665,44,5,2008.0,6.0
0,34,17,11,2062,44,5,2013.0,10.0
0,66,17,11,4691,57,33,2019.0,6.0
0,34,17,11,2379,44,5,2014.0,4.0
0,34,17,11,2947,44,5,2022.0,2.0
0,66,17,2,4842,16,5,2014.0,11.0
0,34,17,11,3644,44,5,2011.0,9.0
0,34,17,11,3624,44,5,2011.0,11.0
0,66,17,11,4299,16,33,2014.0,5.0
0,34,17,11,5664,44,5,2018.0,11.0
0,66,17,11,9744,16,33,2021.0,9.0
3,34,17,11,1368,44,5,2014.0,2.0
0,66,17,1,6913,44,5,2010.0,6.0
0,34,17,11,4887,16,33,2011.0,4.0
0,66,17,11,3902,16,33,2012.0,8.0
0,34,17,11,2926,44,5,2016.0,3.0
0,34,17,11,2924,44,5,2016.0,1.0
0,66,17,1,8097,16,8,2010.0,9.0
3,34,17,11,159,44,5,2014.0,6.0
0,66,17,11,6633,16,33,2009.0,11.0
0,66,17,11,3142,44,33,2009.0,10.0
3,34,17,11,2547,44,5,2015.0,4.0
0,34,17,11,7682,16,33,2008.0,9.0
0,66,17,11,4919,16,33,2019.0,9.0
0,30,17,0,10884,32,43,2024.0,2.0
0,66,17,11,3200,44,8,2013.0,11.0
0,66,17,11,4425,44,33,2023.0,2.0
0,66,17,11,2027,44,33,2007.0,6.0
0,34,17,11,420,44,5,2013.0,1.0
0,66,17,1,7929,44,8,2008.0,11.0
0,34,17,12,578,6,8,2010.0,10.0
0,34,17,1,1428,44,43,2015.0,7.0
0,30,17,0,7839,32,1,2007.0,7.0
0,34,17,11,576,44,8,2012.0,6.0
0,34,17,11,5478,16,5,2017.0,1.0
0,34,17,12,9767,16,33,2018.0,2.0
0,30,17,0,6403,32,1,2008.0,1.0
0,34,19,11,8223,28,33,2016.0,5.0
0,34,17,11,2259,44,5,2011.0,1.0
0,34,17,11,9120,16,8,2011.0,12.0
0,34,17,11,3821,16,33,2019.0,1.0
0,63,17,11,5922,16,19,2022.0,9.0
0,34,17,0,181,44,5,2010.0,9.0
0,34,14,11,7007,16,33,2019.0,6.0
0,66,17,11,5931,16,33,2014.0,4.0
0,34,17,11,2882,44,5,2017.0,3.0
0,30,17,1,10569,34,1,2010.0,6.0
0,30,24,3,29,32,1,2008.0,12.0
0,30,88,12,7823,32,1,2008.0,1.0
0,34,17,11,123,44,5,2013.0,5.0
0,23,17,11,4574,44,8,2017.0,11.0
0,6,17,11,10161,44,33,2023.0,1.0
0,66,17,1,10258,16,5,2015.0,9.0
0,34,17,11,1427,44,5,2017.0,3.0
0,34,17,2,8489,36,8,2019.0,7.0
0,34,95,11,2682,16,33,2023.0,2.0
0,34,17,11,573,16,8,2016.0,6.0
0,52,17,11,1538,44,5,2025.0,3.0
0,66,17,11,5475,44,5,2013.0,12.0
0,34,17,11,188,44,5,2014.0,11.0
0,45,17,11,1691,44,8,2022.0,2.0
0,34,17,11,2117,44,5,2012.0,12.0
0,34,17,2,8803,44,5,2021.0,8.0
0,34,17,11,2104,44,5,2011.0,3.0
0,66,17,11,3278,16,33,2023.0,8.0
0,7,17,0,8365,32,43,2007.0,2.0
0,47,17,0,8189,16,32,2014.0,6.0
0,30,17,1,10051,16,1,2026.0,3.0
0,34,14,11,9593,16,33,2022.0,8.0
0,23,17,7,9576,16,8,2019.0,9.0
2,66,17,11,3303,16,43,2023.0,2.0
3,34,95,11,2468,44,5,2014.0,5.0
0,66,17,11,10712,16,8,2007.0,1.0
0,45,17,11,1555,16,43,2013.0,5.0
2,34,14,11,9638,16,33,2017.0,8.0
0,66,17,11,10377,44,33,2017.0,1.0
0,66,17,11,4719,16,33,2011.0,5.0
0,34,17,0,9126,16,33,2012.0,6.0
0,66,17,0,9217,44,33,2011.0,10.0
0,66,17,0,5051,44,8,2021.0,11.0
0,30,17,1,7558,32,1,2007.0,5.0
0,34,17,11,64,44,5,2015.0,8.0
0,66,17,11,1661,25,8,2012.0,5.0
0,34,14,11,5759,44,5,2022.0,12.0
0,12,17,11,10554,6,10,2019.0,1.0
0,22,17,11,5901,16,33,2023.0,9.0
0,66,17,11,5639,44,5,2022.0,6.0
0,7,17,1,8377,32,43,2008.0,1.0
0,34,17,11,2369,44,5,2023.0,11.0
0,34,17,11,575,16,8,2020.0,1.0
0,12,17,1,10202,16,10,2021.0,10.0
0,23,17,11,4470,44,8,2022.0,3.0
2,34,24,11,4817,16,8,2013.0,5.0
0,66,17,11,1354,16,33,2020.0,6.0
0,34,17,11,2577,44,5,2013.0,9.0
0,38,17,11,4827,44,8,2025.0,5.0
0,34,17,11,9471,16,33,2007.0,1.0
0,30,64,13,6523,32,1,2015.0,10.0
0,30,17,1,7385,32,1,2011.0,10.0
0,30,17,3,9996,34,1,2009.0,10.0
0,66,17,11,4874,16,33,2020.0,12.0
0,30,24,3,6653,32,1,2007.0,4.0
3,34,17,11,1405,16,33,2014.0,5.0
0,34,17,11,2282,44,5,2023.0,1.0
0,66,17,11,10264,16,8,2009.0,3.0
0,34,95,11,118,57,5,2015.0,3.0
0,66,17,11,794,16,33,2013.0,8.0
0,34,14,0,11257,44,33,2022.0,9.0
0,34,17,0,5010,44,43,2006.0,10.0
0,34,17,11,10500,16,5,2011.0,12.0
0,45,17,11,1004,16,8,2014.0,1.0
0,34,17,11,6091,16,33,2024.0,6.0
0,34,17,11,2155,57,5,2013.0,12.0
3,34,17,11,3011,44,5,2014.0,5.0
0,23,17,1,7567,36,8,2018.0,2.0
0,30,24,3,11178,34,1,2011.0,7.0
3,66,17,11,11199,16,33,2014.0,7.0
3,34,17,11,1958,16,33,2022.0,10.0
0,70,9,11,7721,16,33,2017.0,5.0
0,66,17,2,6710,16,43,2016.0,11.0
0,30,17,1,10832,32,1,2007.0,1.0
0,34,17,11,10449,36,5,2016.0,9.0
0,23,17,1,4149,16,8,2024.0,4.0
0,58,88,11,8054,16,14,2013.0,4.0
0,34,14,11,1206,44,5,2024.0,8.0
0,66,17,11,4704,18,33,2022.0,2.0
0,12,17,2,9186,6,8,2024.0,10.0
3,52,17,11,5036,16,33,2026.0,1.0
0,58,88,11,10284,16,8,2014.0,8.0
0,34,17,11,2212,44,5,2011.0,8.0
0,22,17,11,6051,16,33,2025.0,6.0
0,63,17,11,320,16,8,2024.0,10.0
0,34,17,11,6607,16,8,2012.0,12.0
0,52,17,11,5646,44,5,2025.0,7.0
0,34,17,11,2984,44,5,2014.0,3.0
0,66,17,12,6137,16,33,2010.0,7.0
0,30,17,0,10066,34,1,2009.0,11.0
3,63,17,2,6599,16,8,2019.0,5.0
0,34,17,11,4926,16,33,2010.0,9.0
0,66,95,11,1785,16,19,2009.0,3.0
0,66,17,1,7624,57,8,2013.0,9.0
0,63,88,2,11049,6,8,2013.0,1.0
3,34,17,11,3009,44,5,2014.0,2.0
0,45,17,11,8601,44,8,2016.0,8.0
2,34,14,11,7007,16,33,2019.0,6.0
0,34,17,11,101,44,5,2013.0,8.0
0,34,17,1,7572,44,5,2008.0,8.0
0,66,17,11,2622,16,19,2021.0,2.0
0,34,17,11,2644,16,33,2023.0,11.0
0,34,20,11,8989,16,33,2011.0,1.0
0,66,17,11,3948,16,8,2007.0,5.0
0,71,17,11,8773,16,33,2022.0,9.0
0,66,21,11,3759,16,33,2023.0,3.0
0,34,1,1,8952,16,33,2012.0,6.0
0,34,17,11,2881,44,5,2016.0,12.0
0,34,17,11,2863,44,5,2014.0,7.0
0,60,17,11,9955,23,8,2017.0,11.0
0,66,17,11,3197,44,5,2015.0,5.0
2,70,12,3,8560,57,43,2024.0,3.0
0,34,17,11,2529,16,33,2023.0,7.0
0,52,17,11,5136,16,33,2025.0,9.0
0,34,17,2,1900,16,33,2012.0,10.0
0,70,17,11,8072,16,33,2021.0,4.0
0,13,17,1,7504,32,43,2010.0,5.0
0,30,17,3,10755,32,1,2005.0,4.0
0,66,17,11,1033,16,33,2018.0,8.0
0,70,95,12,6254,32,43,2009.0,4.0
3,16,17,1,6736,36,33,2021.0,2.0
0,23,17,11,5896,16,33,2025.0,5.0
0,34,17,11,6200,28,8,2023.0,11.0
0,34,14,11,9027,16,33,2022.0,6.0
0,66,17,11,3239,16,33,2023.0,2.0
0,38,17,11,10708,16,1,2023.0,6.0
0,66,17,3,3445,16,19,2008.0,10.0
0,30,17,1,7440,32,1,2025.0,3.0
0,34,17,11,9437,16,33,2007.0,2.0
0,34,20,11,9203,16,8,2007.0,7.0
0,34,17,11,2713,16,33,2022.0,11.0
0,34,17,11,1151,16,33,2022.0,1.0
0,66,17,11,5989,16,33,2014.0,8.0
0,34,17,11,5468,44,5,2023.0,1.0
0,34,17,11,1908,16,33,2022.0,12.0
0,66,17,11,4338,16,33,2010.0,6.0
0,66,17,1,8093,25,8,2010.0,7.0
0,45,17,11,9786,16,10,2013.0,12.0
0,34,17,11,2402,16,43,2007.0,2.0
0,45,17,11,9926,16,43,2012.0,10.0
0,34,14,11,9815,16,33,2022.0,5.0
0,7,17,1,6899,44,8,2020.0,6.0
0,36,17,1,10203,44,8,2025.0,7.0
0,30,12,1,9856,32,1,2006.0,7.0
0,34,17,11,3066,6,43,2014.0,1.0
0,34,17,0,152,44,5,2010.0,9.0
0,34,17,11,7171,16,33,2020.0,12.0
0,34,17,11,1156,16,19,2023.0,10.0
0,34,17,11,4028,16,33,2023.0,1.0
0,34,17,11,10519,44,5,2010.0,12.0
0,7,17,0,9755,16,8,2013.0,3.0
3,70,17,11,8077,16,33,2019.0,12.0
0,63,17,0,4608,44,8,2017.0,6.0
3,34,17,11,7690,36,33,2014.0,4.0
0,34,17,11,2921,44,5,2015.0,12.0
0,30,17,12,7448,32,1,2014.0,4.0
0,34,17,11,10501,16,5,2012.0,6.0
0,45,17,1,8602,16,8,2015.0,11.0
0,66,17,11,5974,16,33,2019.0,8.0
0,66,17,1,9172,16,19,2010.0,2.0
0,36,17,11,719,49,8,2020.0,1.0
0,45,17,1,1713,36,8,2016.0,4.0
0,7,17,11,6398,57,43,2006.0,8.0
0,34,14,11,8872,16,43,2018.0,11.0
3,34,17,11,1852,16,33,2021.0,7.0
0,34,17,1,2272,44,5,2009.0,2.0
0,16,17,11,6729,44,33,2020.0,10.0
0,23,17,1,4380,44,8,2018.0,12.0
0,30,17,1,10110,16,1,2009.0,2.0
0,34,95,11,1294,44,5,2023.0,5.0
0,61,17,1,5842,57,33,2026.0,1.0
0,34,17,11,5874,16,8,2013.0,11.0
0,34,17,11,1987,44,5,2012.0,4.0
3,34,17,11,2926,44,5,2015.0,3.0
0,34,17,11,356,16,33,2019.0,4.0
0,30,24,2,7899,32,1,2008.0,2.0
0,34,17,11,4208,16,33,2018.0,5.0
0,34,17,11,2877,44,5,2017.0,1.0
0,34,17,0,4825,44,5,2019.0,11.0
0,30,24,3,10358,32,1,2009.0,3.0
0,63,17,0,9555,44,8,2023.0,12.0
0,66,95,11,5134,16,33,2023.0,6.0
0,34,17,11,9127,16,33,2009.0,5.0
0,34,17,11,2966,44,5,2014.0,9.0
0,7,17,3,8346,57,43,2016.0,3.0
0,23,17,1,4114,44,8,2017.0,7.0
0,58,17,11,1698,17,8,2017.0,5.0
0,30,17,1,7444,32,1,2023.0,5.0
0,34,17,11,9412,16,33,2013.0,3.0
0,34,17,11,2483,16,33,2023.0,3.0
0,66,17,11,5023,16,33,2023.0,6.0
0,34,17,1,6586,26,5,2015.0,2.0
0,34,14,11,11262,57,33,2018.0,3.0
0,7,17,0,8741,32,43,2011.0,2.0
0,34,17,11,2111,44,5,2011.0,8.0
0,66,17,1,6766,44,33,2011.0,10.0
0,66,17,11,676,16,8,2007.0,10.0
0,34,17,11,1106,16,33,2015.0,9.0
0,66,21,11,3286,16,33,2023.0,3.0
0,30,24,3,10883,32,1,2022.0,7.0
0,66,17,11,4244,44,43,2016.0,6.0
0,61,17,1,6978,44,5,2026.0,4.0
0,34,17,11,1377,57,33,2022.0,9.0
0,34,17,11,9840,36,33,2017.0,5.0
2,45,95,11,7873,16,0,2023.0,5.0
0,34,17,1,5327,44,5,2009.0,8.0
0,63,17,2,6315,16,8,2022.0,10.0
0,66,17,11,8549,16,33,2019.0,8.0
2,34,17,11,6269,23,19,2014.0,8.0
0,52,17,11,755,36,33,2024.0,10.0
0,34,17,11,9443,34,33,2013.0,8.0
0,34,17,11,2888,57,5,2013.0,12.0
0,34,17,1,6330,16,19,2019.0,7.0
0,45,17,11,9290,42,8,2021.0,1.0
2,34,17,11,2448,44,5,2024.0,6.0
0,66,17,7,3852,44,8,2018.0,5.0
0,30,72,1,9908,32,1,2018.0,5.0
0,34,17,11,2787,44,5,2007.0,6.0
0,36,17,1,10718,16,8,2026.0,3.0
0,66,21,11,3398,16,33,2023.0,7.0
0,23,17,1,4495,44,8,2018.0,2.0
0,30,24,3,7397,32,1,2013.0,2.0
0,66,17,11,1544,16,33,2024.0,10.0
0,7,17,0,8340,32,43,2008.0,5.0
3,34,17,11,2853,44,5,2014.0,5.0
0,58,17,11,3542,44,8,2011.0,11.0
0,66,17,11,5360,16,33,2013.0,11.0
0,34,17,1,6665,44,5,2008.0,8.0
0,16,17,1,6456,44,33,2018.0,8.0
0,66,17,2,4137,25,8,2011.0,10.0
0,34,17,11,4065,16,33,2023.0,5.0
0,63,17,11,686,44,8,2025.0,12.0
0,34,17,11,2089,44,5,2013.0,2.0
2,34,17,1,10679,16,33,2014.0,8.0
0,66,17,3,6104,6,5,2014.0,1.0
0,66,17,2,3342,16,33,2014.0,8.0
3,34,17,11,2550,44,5,2015.0,4.0
0,34,17,11,2314,44,5,2012.0,9.0
0,38,17,11,658,16,8,2025.0,2.0
0,45,17,11,8593,16,8,2015.0,7.0
0,66,17,0,6077,36,8,2017.0,11.0
0,7,17,0,10160,44,43,2015.0,11.0
0,34,17,11,524,44,5,2015.0,9.0
0,30,24,0,10827,32,1,2020.0,6.0
0,66,17,2,9236,16,8,2009.0,3.0
0,66,17,11,10239,44,33,2007.0,5.0
0,34,17,1,8843,16,33,2008.0,4.0
0,34,17,11,492,44,5,2015.0,12.0
0,34,17,11,5670,44,5,2023.0,8.0
0,66,17,11,3865,44,5,2008.0,9.0
0,34,17,1,11240,44,8,2007.0,3.0
0,34,17,11,574,16,8,2016.0,1.0
0,66,17,11,6132,16,33,2007.0,6.0
0,34,17,11,9081,16,33,2009.0,4.0
0,30,24,0,9518,32,1,2020.0,10.0
0,34,17,11,670,36,33,2018.0,6.0
0,45,17,11,3878,16,8,2015.0,7.0
0,66,17,11,891,44,33,2009.0,9.0
2,34,14,11,9653,16,33,2017.0,3.0
0,66,17,11,3510,44,33,2012.0,9.0
0,34,17,11,339,16,33,2011.0,7.0
0,34,17,11,481,44,5,2016.0,11.0
0,34,17,11,416,44,5,2007.0,2.0
0,34,17,11,2223,44,5,2012.0,3.0
0,66,6,11,1270,57,33,2019.0,5.0
0,16,17,11,6854,16,33,2020.0,5.0
0,70,17,11,9227,16,33,2006.0,7.0
0,66,95,1,11295,16,8,2009.0,10.0
0,45,17,11,8583,16,8,2014.0,3.0
0,66,17,11,5919,16,33,2007.0,2.0
0,0,17,12,9916,16,43,2008.0,5.0
0,4,17,11,4641,44,33,2020.0,1.0
0,45,17,0,10737,16,8,2016.0,1.0
0,66,17,11,582,16,8,2011.0,1.0
0,66,17,2,7598,32,8,2023.0,7.0
0,34,19,11,4782,44,33,2016.0,3.0
0,30,95,3,6426,34,1,2009.0,2.0
0,34,17,11,2795,44,5,2008.0,4.0
0,66,17,11,4528,44,8,2012.0,11.0
0,34,17,11,3727,16,33,2010.0,11.0
0,66,17,0,5255,44,33,2014.0,1.0
0,34,17,1,9438,16,33,2008.0,12.0
0,30,24,1,7395,32,1,2008.0,3.0
0,52,17,11,5651,44,5,2025.0,12.0
0,34,17,11,680,16,33,2023.0,7.0
0,58,17,11,8065,16,15,2011.0,6.0
0,23,17,1,4488,44,8,2021.0,1.0
2,34,19,11,8844,16,33,2018.0,9.0
0,7,17,3,8410,32,43,2011.0,3.0
0,34,14,11,9028,16,33,2022.0,12.0
0,66,17,11,3863,44,5,2014.0,7.0
0,66,17,11,9657,16,33,2016.0,5.0
0,66,17,11,4196,16,33,2023.0,5.0
0,34,1,11,8937,16,33,2009.0,6.0
0,34,17,11,6263,16,19,2014.0,3.0
0,66,17,11,1594,44,5,2008.0,8.0
0,34,17,11,2517,16,33,2023.0,5.0
0,16,17,11,11071,44,43,2017.0,10.0
0,34,14,11,8893,36,43,2018.0,8.0
0,66,17,12,9162,16,8,2011.0,8.0
0,66,17,11,4282,44,33,2008.0,4.0
0,23,17,11,993,16,8,2020.0,10.0
0,34,17,11,1212,44,43,2014.0,4.0
0,30,12,1,9771,34,1,2007.0,5.0
0,34,17,11,1209,44,5,2024.0,6.0
0,30,24,3,11309,32,1,2022.0,11.0
0,66,17,11,4186,16,33,2019.0,11.0
0,66,21,11,3762,16,33,2024.0,5.0
0,34,17,11,10468,16,5,2018.0,7.0
0,34,17,11,464,44,5,2019.0,2.0
0,34,17,11,1447,44,5,2022.0,5.0
2,66,17,11,546,44,5,2014.0,8.0
0,34,17,11,1444,44,5,2022.0,6.0
0,23,17,11,4474,44,8,2023.0,3.0
3,66,17,11,1481,16,33,2024.0,9.0
0,34,17,11,770,44,5,2014.0,11.0
0,63,17,2,9566,44,8,2024.0,12.0
0,34,17,11,6218,16,8,2012.0,1.0
0,7,88,2,7515,0,43,2011.0,3.0
0,34,17,1,4804,16,19,2009.0,7.0
0,63,17,1,10186,16,8,2018.0,9.0
2,66,17,11,5133,16,33,2023.0,6.0
0,30,12,1,11001,32,1,2005.0,4.0
0,30,17,1,10589,16,1,2007.0,5.0
0,34,17,11,4898,16,33,2011.0,12.0
0,30,17,1,7386,32,1,2011.0,3.0
0,30,17,1,10809,32,1,2015.0,6.0
0,34,14,11,9003,16,33,2022.0,6.0
0,7,17,0,9737,32,43,2009.0,3.0
0,34,17,11,7642,16,33,2014.0,3.0
0,66,17,11,10249,44,33,2015.0,3.0
0,34,17,11,8226,16,33,2012.0,3.0
0,66,17,11,4758,16,33,2024.0,3.0
0,34,17,1,19,16,43,2013.0,11.0
0,66,17,12,7947,44,5,2012.0,2.0
0,66,17,11,3380,16,33,2018.0,3.0
0,58,17,11,8052,16,15,2012.0,7.0
0,66,17,11,1574,16,19,2018.0,9.0
0,7,17,12,7208,34,43,2009.0,2.0
3,34,17,11,7161,16,33,2019.0,9.0
0,34,17,1,6331,44,5,2014.0,4.0
0,30,24,3,7544,32,1,2009.0,3.0
0,38,17,11,8531,42,8,2023.0,9.0
0,34,17,11,775,44,5,2015.0,1.0
0,34,95,0,2437,44,43,2007.0,3.0
0,34,17,11,2815,44,5,2013.0,12.0
0,34,17,11,3620,44,5,2012.0,1.0
0,66,17,0,6746,44,33,2008.0,6.0
0,30,17,1,7497,32,1,2012.0,1.0
3,34,17,11,5563,44,5,2014.0,5.0
0,30,24,1,7877,32,1,2009.0,8.0
0,7,17,0,8373,32,43,2007.0,12.0
0,30,17,1,10103,34,1,2008.0,5.0
0,30,17,3,7238,57,1,2006.0,10.0
0,45,17,11,5357,16,10,2014.0,12.0
0,34,14,11,8900,23,33,2017.0,8.0
0,31,17,11,8294,16,8,2023.0,8.0
0,30,17,3,10083,16,1,2007.0,3.0
0,34,17,2,8264,16,33,2007.0,6.0
0,30,17,1,11170,32,1,2017.0,9.0
0,7,17,1,6906,44,8,2016.0,8.0
0,70,88,12,7615,32,43,2013.0,1.0
3,34,17,12,2495,57,5,2014.0,9.0
0,38,17,1,1678,44,8,2023.0,10.0
0,34,17,11,7023,23,33,2017.0,6.0
0,66,17,11,4392,44,33,2019.0,2.0
0,34,17,11,296,16,43,2007.0,1.0
0,7,17,2,8406,32,43,2008.0,4.0
0,38,17,1,1679,44,8,2023.0,11.0
0,66,17,13,10740,25,8,2014.0,6.0
0,34,17,11,3014,44,5,2014.0,10.0
0,66,17,11,4291,16,33,2018.0,11.0
0,34,17,0,7679,16,5,2015.0,9.0
0,34,17,0,8876,16,33,2011.0,11.0
0,34,17,11,2308,44,5,2012.0,10.0
0,45,17,11,5684,16,8,2023.0,7.0
0,52,17,11,2947,44,5,2025.0,4.0
0,30,24,1,9997,16,1,2022.0,6.0
0,34,17,11,4793,16,8,2023.0,2.0
0,30,66,2,10035,16,1,2015.0,6.0
0,63,17,0,9564,44,8,2019.0,7.0
0,66,17,11,6155,16,33,2010.0,9.0
0,34,17,11,2884,44,5,2016.0,1.0
0,45,17,11,8579,16,33,2022.0,7.0
0,23,17,11,4613,6,8,2017.0,6.0
0,7,17,0,8390,32,43,2007.0,12.0
0,34,17,11,1859,16,33,2023.0,3.0
0,7,17,0,6941,32,43,2006.0,11.0
0,66,17,11,8164,36,5,2014.0,4.0
0,7,17,0,10144,44,33,2011.0,12.0
0,7,17,2,6956,44,43,2007.0,4.0
0,66,17,11,3245,16,33,2023.0,3.0
0,30,17,0,7463,32,1,2010.0,10.0
3,34,95,11,2584,44,5,2014.0,5.0
0,34,14,11,5762,36,5,2024.0,5.0
3,34,17,11,2352,44,5,2014.0,4.0
0,63,17,2,9571,6,8,2011.0,2.0
0,66,17,11,3250,16,33,2022.0,12.0
0,34,95,11,5139,57,33,2022.0,8.0
0,34,17,11,2268,44,5,2007.0,3.0
0,34,17,11,481,44,5,2016.0,10.0
0,34,17,11,4059,36,33,2022.0,5.0
0,63,12,1,6308,16,8,2024.0,10.0
0,66,17,3,705,16,8,2008.0,8.0
0,23,17,11,4367,44,8,2021.0,1.0
0,34,14,11,9619,23,33,2017.0,10.0
0,34,95,11,5528,16,5,2014.0,2.0
0,34,17,11,7688,16,33,2009.0,2.0
0,66,17,11,3577,16,33,2011.0,11.0
0,23,17,11,10750,44,8,2020.0,4.0
0,23,17,11,4550,44,8,2019.0,3.0
0,4,17,11,6781,44,33,2019.0,1.0
0,61,17,1,197,44,8,2025.0,6.0
0,34,17,11,3774,16,33,2023.0,1.0
0,61,17,0,5165,53,8,2026.0,4.0
0,66,17,11,8713,16,33,2022.0,3.0
0,23,17,11,1732,16,8,2020.0,10.0
0,34,14,11,7001,16,33,2019.0,8.0
0,36,17,2,10716,44,8,2023.0,8.0
0,30,17,2,7820,32,1,2008.0,9.0
0,34,17,11,9476,16,33,2007.0,7.0
0,34,17,11,5004,16,33,2008.0,6.0
0,63,17,1,10178,16,8,2016.0,8.0
0,34,17,11,3738,16,33,2010.0,10.0
0,66,95,11,3480,57,8,2008.0,3.0
0,7,17,1,8462,32,43,2016.0,9.0
0,66,17,11,5326,36,5,2024.0,2.0
0,66,17,11,1491,16,33,2024.0,6.0
0,34,17,11,9445,16,33,2013.0,9.0
0,34,17,11,2062,44,5,2013.0,10.0
0,34,17,11,1425,44,5,2017.0,3.0
0,66,17,11,1326,16,33,2019.0,11.0
0,66,17,11,3572,16,33,2013.0,3.0
0,30,17,1,10931,32,1,2014.0,3.0
0,34,17,11,7045,16,33,2009.0,12.0
0,63,81,3,6306,16,10,2021.0,4.0
0,34,17,11,1182,53,5,2014.0,11.0
3,34,95,11,78,44,5,2014.0,12.0
0,34,1,11,2089,44,5,2013.0,6.0
0,34,17,0,2834,44,5,2015.0,12.0
0,34,17,11,7712,16,5,2017.0,2.0
0,30,17,3,11187,32,1,2009.0,7.0
0,30,14,0,9868,32,1,2023.0,12.0
0,58,88,12,6469,16,31,2010.0,2.0
0,12,17,11,5624,44,10,2022.0,10.0
0,38,17,0,8539,16,8,2025.0,4.0
0,7,24,12,9756,44,43,2008.0,2.0
0,36,17,11,721,25,8,2020.0,1.0
0,30,17,1,11171,32,1,2009.0,10.0
0,66,17,3,6246,44,33,2011.0,12.0
0,66,21,11,2606,16,33,2023.0,5.0
0,34,17,11,8842,16,33,2010.0,4.0
3,34,17,11,2496,44,5,2014.0,9.0
0,66,17,11,7777,16,33,2010.0,5.0
0,61,17,11,3249,16,33,2025.0,6.0
0,66,17,11,3246,16,33,2021.0,3.0
0,34,17,11,10924,16,43,2005.0,7.0
0,66,17,11,6231,44,33,2011.0,8.0
0,34,17,11,458,44,5,2016.0,8.0
2,34,95,11,1979,2,33,2019.0,7.0
0,30,24,0,6661,32,1,2020.0,6.0
0,66,17,2,9683,16,33,2025.0,9.0
0,66,17,11,1717,16,8,2012.0,7.0
0,30,12,3,7574,16,1,2007.0,1.0
0,30,24,1,9896,32,1,2009.0,5.0
0,30,17,12,10976,32,1,2006.0,3.0
0,34,17,11,9480,57,43,2018.0,5.0
0,66,17,11,7741,16,33,2012.0,5.0
0,30,64,7,6558,57,1,2014.0,9.0
0,34,14,11,5751,16,5,2019.0,9.0
0,30,17,7,6534,32,1,2019.0,1.0
0,34,14,11,8901,57,33,2018.0,2.0
3,66,17,11,4989,44,5,2015.0,5.0
0,30,24,3,11157,32,43,2022.0,12.0
2,66,17,11,3350,23,33,2020.0,1.0
0,66,17,11,6754,44,33,2011.0,9.0
0,66,17,11,4784,16,33,2024.0,9.0
0,16,17,11,8134,57,33,2022.0,3.0
0,23,17,11,991,16,8,2023.0,4.0
0,34,17,11,3709,16,33,2009.0,9.0
0,30,88,12,9878,32,1,2007.0,4.0
0,34,17,3,11240,16,8,2007.0,2.0
0,34,17,11,7174,16,33,2020.0,1.0
0,66,17,11,4588,36,33,2021.0,4.0
3,66,17,11,4447,16,33,2014.0,2.0
0,30,24,3,6981,16,1,2009.0,7.0
0,34,17,11,8984,16,33,2010.0,5.0
0,34,14,11,9087,16,33,2018.0,6.0
3,66,17,11,4286,16,33,2014.0,5.0
0,34,17,11,5645,44,5,2022.0,3.0
3,34,17,11,217,44,5,2015.0,6.0
0,66,17,2,4188,57,5,2012.0,3.0
0,66,17,11,1316,16,33,2014.0,6.0
0,34,17,11,196,44,5,2014.0,8.0
0,30,17,1,6659,32,1,2020.0,2.0
0,34,17,11,502,44,5,2015.0,6.0
3,34,17,11,1175,44,5,2014.0,8.0
0,34,17,11,3071,44,5,2015.0,2.0
0,34,17,11,9411,16,33,2012.0,11.0
0,7,17,11,10695,32,43,2014.0,5.0
0,7,17,1,7522,32,43,2008.0,3.0
0,7,17,11,6951,44,43,2007.0,10.0
0,34,17,11,1177,44,5,2012.0,12.0
3,34,17,11,9463,36,33,2014.0,6.0
0,34,17,11,1992,44,5,2024.0,2.0
0,34,17,11,8922,16,33,2007.0,9.0
0,7,17,11,10147,44,43,2013.0,9.0
0,34,17,11,83,44,5,2013.0,9.0
0,7,17,3,8343,32,43,2008.0,12.0
0,34,17,11,5717,16,5,2016.0,2.0
0,30,17,12,10984,32,1,2007.0,12.0
3,66,17,0,4092,44,33,2014.0,11.0
0,30,17,1,10393,57,1,2009.0,10.0
0,66,17,11,5860,16,0,2009.0,10.0
0,23,17,1,4571,44,8,2017.0,6.0
2,66,17,11,5635,44,5,2024.0,5.0
0,66,17,2,7587,32,8,2022.0,1.0
0,66,17,11,884,16,33,2020.0,11.0
0,34,17,11,10435,16,5,2015.0,11.0
0,66,17,11,3835,16,33,2010.0,1.0
0,52,17,11,5043,16,33,2026.0,5.0
0,66,17,11,3459,44,33,2012.0,8.0
3,34,17,11,1441,44,5,2022.0,8.0
0,13,95,1,7493,57,43,2017.0,2.0
0,30,24,1,9770,16,33,2007.0,7.0
0,34,17,0,10677,16,33,2009.0,8.0
0,34,17,11,502,44,5,2019.0,11.0
0,13,17,12,7247,32,43,2009.0,4.0
0,30,95,1,7397,32,1,2009.0,3.0
0,34,17,11,2688,16,33,2008.0,1.0
0,34,17,11,360,44,33,2022.0,6.0
0,52,17,1,288,16,33,2025.0,4.0
2,34,17,11,2440,44,43,2015.0,1.0
0,66,17,12,6776,57,43,2014.0,10.0
0,34,17,11,2821,44,5,2019.0,2.0
0,34,1,1,8826,16,33,2010.0,1.0
0,34,17,11,2865,44,5,2013.0,6.0
0,30,12,1,6672,16,1,2008.0,1.0
0,34,17,1,2912,44,5,2016.0,3.0
0,34,17,11,2062,44,5,2013.0,7.0
0,34,14,2,3991,36,8,2021.0,2.0
0,30,17,2,9997,16,1,2024.0,7.0
0,34,14,11,9089,16,33,2018.0,3.0
0,34,17,11,1288,44,43,2007.0,2.0
0,66,17,11,6757,44,33,2013.0,8.0
0,7,17,0,6937,32,43,2007.0,4.0
0,34,14,11,9091,16,33,2018.0,6.0
0,66,17,11,6345,16,33,2019.0,6.0
0,34,17,11,477,44,43,2014.0,7.0
0,58,17,11,1693,16,10,2015.0,10.0
0,66,95,11,4773,16,33,2023.0,1.0
2,66,17,11,4296,16,33,2013.0,12.0
0,34,17,11,1851,16,33,2023.0,4.0
0,34,17,11,1452,44,5,2023.0,3.0
0,58,17,11,8141,16,30,2010.0,5.0
0,4,17,11,6852,44,33,2022.0,10.0
0,34,17,1,9134,44,5,2022.0,4.0
0,34,14,0,8849,36,33,2015.0,8.0
0,63,17,1,3489,16,8,2011.0,5.0
0,30,17,3,10883,32,1,2022.0,6.0
0,7,17,0,6892,32,8,2021.0,11.0
0,30,17,2,10119,16,1,2007.0,10.0
0,52,17,0,2020,44,5,2026.0,7.0
0,45,17,11,445,44,8,2022.0,12.0
0,22,17,11,6049,16,33,2024.0,1.0
0,66,17,11,3175,49,33,2019.0,12.0
0,38,17,11,650,16,8,2025.0,8.0
0,34,17,11,1291,44,5,2023.0,4.0
0,34,17,0,7069,16,33,2007.0,7.0
0,23,17,0,4348,44,8,2024.0,7.0
0,58,88,11,1616,44,8,2014.0,7.0
0,34,17,11,1956,16,33,2023.0,2.0
0,34,17,1,1899,16,33,2014.0,1.0
3,66,17,11,879,36,33,2014.0,8.0
0,34,17,11,174,44,5,2011.0,2.0
0,66,17,11,8121,16,5,2010.0,5.0
3,34,17,1,9421,36,33,2014.0,7.0
0,66,17,11,1484,16,33,2024.0,2.0
0,7,17,12,6840,44,43,2007.0,7.0
0,30,17,3,11190,32,1,2010.0,9.0
2,34,17,11,5543,44,43,2019.0,7.0
0,66,17,11,3309,16,33,2023.0,11.0
0,66,17,11,3433,44,33,2019.0,5.0
0,34,17,0,11090,44,5,2019.0,8.0
0,66,17,1,389,16,8,2008.0,9.0
0,66,17,11,10240,32,33,2022.0,1.0
0,27,88,3,8142,16,23,2020.0,7.0
0,34,17,11,7109,16,33,2013.0,7.0
0,34,17,11,1916,16,33,2010.0,2.0
0,70,17,0,8763,16,33,2025.0,6.0
0,45,17,11,6121,16,8,2013.0,11.0
0,30,24,12,9861,32,1,2014.0,4.0
0,34,17,11,10439,16,5,2012.0,11.0
0,34,17,11,11309,57,43,2024.0,7.0
0,66,17,11,4615,44,33,2015.0,10.0
0,66,17,3,6709,32,43,2016.0,11.0
0,30,17,1,9997,16,1,2025.0,2.0
0,34,17,11,5576,44,5,2020.0,2.0
0,58,17,11,11234,16,13,2018.0,6.0
0,34,17,11,3674,16,33,2010.0,6.0
3,34,17,11,1338,57,43,2014.0,8.0
0,66,17,11,3172,16,43,2020.0,11.0
0,66,17,11,1226,36,33,2019.0,10.0
0,34,17,11,4841,16,33,2015.0,9.0
0,70,17,1,981,16,33,2026.0,7.0
0,34,17,0,2950,44,5,2022.0,3.0
2,34,17,11,524,44,5,2015.0,9.0
0,66,17,11,3158,16,33,2010.0,5.0
0,70,24,12,6458,32,43,2009.0,4.0
0,34,95,11,2958,44,5,2016.0,2.0
0,45,17,0,8676,44,8,2010.0,9.0
3,34,17,11,2985,44,5,2014.0,4.0
0,34,17,11,2166,57,5,2013.0,11.0
0,23,17,1,4507,44,8,2017.0,9.0
0,30,17,1,10647,32,1,2018.0,4.0
0,66,17,11,3176,16,33,2021.0,9.0
0,30,88,12,10022,16,1,2006.0,8.0
0,34,17,11,665,16,33,2023.0,6.0
2,34,17,2,1453,16,5,2015.0,7.0
0,23,17,0,4214,44,8,2022.0,9.0
0,66,17,0,11139,47,8,2021.0,5.0
0,34,95,1,3140,16,5,2014.0,9.0
3,34,17,11,2156,44,5,2014.0,1.0
0,66,17,11,9542,57,8,2013.0,6.0
0,30,24,12,31,32,1,2008.0,5.0
0,66,17,11,4910,44,5,2010.0,10.0
0,7,17,2,8354,32,43,2016.0,7.0
0,66,1,11,446,16,8,2007.0,8.0
0,63,17,0,10187,36,8,2016.0,4.0
0,61,17,1,3344,57,33,2025.0,11.0
0,66,17,11,1483,36,43,2019.0,10.0
0,66,17,2,8508,44,5,2011.0,4.0
0,30,17,0,6648,32,1,2021.0,7.0
3,34,17,11,206,44,5,2014.0,10.0
0,30,24,3,49,32,1,2009.0,4.0
0,45,17,11,3546,16,8,2015.0,7.0
0,61,17,11,10564,44,5,2025.0,1.0
0,34,17,11,2488,16,33,2023.0,6.0
0,30,17,1,11156,32,1,2017.0,3.0
0,34,17,11,9631,16,33,2017.0,12.0
0,16,17,0,5595,6,33,2018.0,4.0
0,34,17,11,736,44,5,2015.0,11.0
0,7,12,1,8138,32,43,2011.0,3.0
0,34,17,11,8266,16,33,2010.0,8.0
0,61,17,11,1683,16,5,2026.0,3.0
0,66,21,11,8550,16,33,2023.0,3.0
0,34,17,11,1897,16,33,2023.0,3.0
0,7,17,11,1797,44,8,2010.0,5.0
0,34,17,11,7003,36,33,2019.0,3.0
0,30,17,1,7408,32,1,2008.0,8.0
0,34,17,11,458,44,5,2016.0,4.0
0,34,17,11,1741,44,43,2013.0,12.0
0,45,95,11,7873,16,0,2023.0,5.0
0,34,17,11,10423,16,5,2013.0,6.0
0,63,17,11,10181,6,8,2010.0,10.0
0,34,17,11,2957,44,5,2021.0,10.0
0,30,17,0,10774,32,1,2007.0,6.0
0,34,17,13,2375,16,43,2006.0,9.0
0,34,17,11,481,44,5,2016.0,8.0
0,34,17,0,8926,23,33,2022.0,5.0
0,7,17,1,8361,32,43,2006.0,11.0
0,30,95,0,7825,32,1,2011.0,8.0
0,58,17,11,8066,16,15,2011.0,5.0
0,66,17,11,9211,16,33,2010.0,9.0
0,66,17,11,6148,16,33,2011.0,9.0
0,34,17,11,10440,16,33,2011.0,6.0
0,66,17,1,7184,16,33,2020.0,9.0
0,34,17,11,1184,44,5,2019.0,12.0
2,34,17,11,9940,44,43,2016.0,11.0
0,34,17,11,8897,16,33,2008.0,1.0
0,58,17,0,7995,16,25,2006.0,6.0
0,66,17,3,9534,16,33,2016.0,9.0
0,34,14,11,5471,44,5,2024.0,3.0
0,34,17,11,746,44,5,2014.0,12.0
0,66,17,11,7772,16,0,2011.0,6.0
0,66,14,11,711,16,8,2007.0,5.0
0,30,24,12,10932,57,1,2012.0,10.0
0,30,95,1,11166,32,1,2016.0,5.0
0,20,17,1,9790,30,32,2020.0,4.0
0,34,17,11,4067,16,33,2023.0,1.0
0,66,21,11,4694,16,33,2023.0,7.0
0,66,17,2,11293,6,33,2025.0,9.0
0,30,17,1,10992,57,43,2018.0,12.0
0,34,24,11,7346,16,33,2013.0,5.0
0,34,17,11,502,44,5,2020.0,2.0
0,66,17,12,10238,57,43,2014.0,5.0
0,34,17,11,7038,57,33,2018.0,11.0
0,34,17,11,11266,16,33,2023.0,12.0
0,34,17,11,521,44,5,2018.0,2.0
0,34,14,11,349,16,33,2023.0,8.0
0,34,17,11,69,44,5,2015.0,10.0
0,34,17,2,10532,44,5,2009.0,10.0
0,66,17,11,3496,44,8,2008.0,3.0
0,30,17,1,6656,57,1,2015.0,5.0
0,66,17,11,3588,16,33,2013.0,12.0
3,34,17,11,2393,44,5,2014.0,4.0
0,30,17,1,7641,32,1,2007.0,6.0
0,66,17,11,1738,16,43,2016.0,5.0
0,58,17,12,7974,16,30,2011.0,5.0
0,23,17,0,4547,44,8,2023.0,8.0
0,66,17,11,7740,16,0,2021.0,7.0
0,34,95,1,8987,16,33,2009.0,5.0
0,34,17,11,7855,16,33,2015.0,2.0
0,34,17,1,6329,44,5,2011.0,9.0
0,45,17,3,8679,16,10,2012.0,4.0
3,34,17,11,2910,44,5,2022.0,10.0
0,34,17,11,176,44,5,2012.0,11.0
0,34,17,11,10477,16,33,2012.0,6.0
2,34,17,11,7856,16,33,2016.0,6.0
0,34,1,11,10407,16,33,2012.0,5.0
0,58,17,11,1703,16,8,2014.0,10.0
0,34,17,11,2013,44,5,2024.0,2.0
0,66,17,11,3881,16,8,2009.0,9.0
0,34,95,11,9284,16,33,2014.0,2.0
0,66,17,11,15,36,33,2018.0,3.0
0,58,17,0,7958,16,13,2011.0,6.0
0,66,17,11,8087,16,5,2010.0,7.0
0,66,17,11,4650,44,33,2014.0,4.0
0,58,17,11,11298,16,25,2014.0,6.0
0,34,17,1,5355,44,5,2011.0,8.0
3,34,17,1,9827,36,33,2014.0,11.0
0,34,17,11,10447,16,5,2016.0,7.0
0,66,10,11,3188,16,33,2023.0,3.0
0,30,17,1,10933,32,1,2005.0,8.0
0,63,17,11,3487,44,8,2024.0,11.0
3,34,17,11,2831,44,5,2014.0,5.0
0,12,17,11,7727,51,10,2017.0,9.0
0,30,24,1,11184,32,1,2009.0,5.0
0,34,17,11,1949,16,33,2021.0,4.0
0,7,17,1,5875,44,33,2015.0,5.0
0,34,17,11,292,34,43,2008.0,8.0
0,34,17,0,9356,16,33,2006.0,12.0
0,66,21,11,3304,16,33,2023.0,3.0
0,30,12,12,7575,16,1,2007.0,1.0
2,34,17,11,532,57,43,2018.0,8.0
0,34,17,11,5267,44,5,2007.0,2.0
0,34,17,11,5404,44,5,2024.0,5.0
0,63,17,11,1076,44,8,2023.0,9.0
0,34,17,11,3048,44,5,2013.0,7.0
0,66,95,11,4115,44,8,2018.0,2.0
0,34,17,11,7123,16,33,2008.0,3.0
0,34,14,11,5513,16,5,2022.0,8.0
0,34,17,11,10411,16,5,2009.0,9.0
0,66,95,11,5810,57,33,2017.0,3.0
0,52,17,11,2143,44,5,2025.0,1.0
0,7,17,11,9729,32,43,2009.0,7.0
0,66,17,11,1261,16,33,2024.0,3.0
2,34,17,13,2722,44,5,2013.0,11.0
0,34,17,11,7127,16,33,2020.0,4.0
0,34,14,0,8833,16,33,2015.0,11.0
0,34,17,11,1451,44,5,2022.0,4.0
0,66,21,11,2613,16,33,2023.0,5.0
3,34,17,11,2590,44,5,2014.0,5.0
0,7,17,11,6909,44,8,2024.0,4.0
0,50,89,2,7862,16,27,2017.0,1.0
0,58,17,11,6348,16,10,2012.0,12.0
3,34,17,11,1744,44,5,2014.0,6.0
3,34,17,11,10505,36,5,2014.0,3.0
0,34,17,11,4836,16,33,2010.0,2.0
0,34,17,11,4182,16,33,2019.0,8.0
0,30,24,3,11158,32,1,2014.0,1.0
0,34,17,11,2081,44,5,2013.0,6.0
0,34,17,11,5447,44,5,2023.0,9.0
0,34,17,11,507,44,5,2019.0,3.0
0,34,17,11,3029,44,5,2013.0,7.0
0,66,17,2,6623,44,5,2018.0,3.0
0,7,17,11,9775,44,8,2012.0,1.0
3,34,17,11,1987,44,5,2014.0,2.0
0,34,17,11,3700,16,33,2022.0,8.0
0,34,17,1,9942,44,5,2012.0,10.0
0,34,17,12,10618,44,43,2007.0,5.0
0,34,14,11,8996,16,33,2022.0,6.0
0,45,17,11,6333,57,8,2015.0,8.0
0,30,24,1,7365,32,1,2008.0,5.0
0,23,17,11,1719,16,8,2021.0,7.0
0,66,17,11,4682,16,33,2016.0,3.0
0,34,17,11,2706,57,33,2023.0,7.0
0,34,17,1,1437,57,5,2015.0,4.0
0,31,17,11,8295,16,8,2022.0,10.0
0,34,17,11,6463,16,43,2006.0,12.0
0,30,24,3,8572,32,1,2008.0,4.0
0,34,17,11,2054,44,5,2013.0,1.0
0,66,17,11,5334,36,5,2023.0,2.0
0,34,17,11,2670,16,33,2023.0,2.0
0,7,17,0,7638,57,8,2020.0,6.0
0,45,17,11,823,16,8,2013.0,7.0
0,34,17,11,2075,44,5,2012.0,7.0
0,66,17,2,10633,16,5,2009.0,3.0
0,34,17,11,9333,16,33,2011.0,7.0
0,7,17,11,11311,16,43,2006.0,6.0
2,4,17,0,4441,44,33,2016.0,6.0
0,34,17,11,2062,44,5,2013.0,8.0
0,7,17,3,9965,32,43,2007.0,5.0
0,34,17,11,2882,44,5,2017.0,1.0
0,34,17,11,3814,16,33,2019.0,4.0
0,66,17,1,6198,16,8,2014.0,6.0
0,66,17,11,9530,16,33,2010.0,8.0
0,34,17,0,10406,16,5,2009.0,1.0
0,34,17,11,466,44,5,2013.0,10.0
0,66,17,11,3901,16,33,2012.0,3.0
0,34,17,0,8855,16,33,2019.0,3.0
0,70,42,11,5127,36,33,2014.0,10.0
0,61,17,0,5769,16,8,2026.0,3.0
0,63,17,11,3959,16,8,2020.0,6.0
0,34,17,11,4105,16,33,2023.0,12.0
3,34,95,11,2319,44,5,2014.0,4.0
0,34,17,0,135,44,5,2010.0,1.0
0,34,17,11,10605,36,5,2015.0,7.0
0,5,17,1,7535,16,19,2023.0,9.0
0,34,17,11,499,44,5,2019.0,2.0
0,58,17,11,10309,16,43,2012.0,8.0
0,45,17,11,8596,44,8,2020.0,11.0
0,66,17,11,10379,57,33,2022.0,1.0
0,34,17,11,1289,44,43,2007.0,2.0
0,66,17,11,6170,44,8,2010.0,4.0
0,66,17,1,11077,16,33,2007.0,2.0
0,66,17,11,812,16,5,2011.0,8.0
0,66,17,0,4133,44,8,2018.0,4.0
0,34,17,11,2926,44,5,2013.0,11.0
0,34,14,11,329,16,33,2023.0,3.0
0,66,17,11,3576,16,33,2012.0,6.0
0,45,17,11,9926,44,43,2013.0,2.0
0,30,14,1,7444,32,1,2014.0,9.0
0,34,17,11,1873,16,33,2023.0,1.0
0,34,17,11,1194,44,5,2007.0,2.0
0,30,17,1,10901,32,1,2018.0,5.0
0,34,17,12,1130,16,33,2010.0,12.0
0,30,17,3,10854,32,1,2012.0,10.0
0,58,17,11,7965,16,43,2011.0,3.0
0,34,17,11,1280,4,5,2014.0,3.0
0,34,17,11,142,44,5,2013.0,5.0
0,34,14,1,4911,44,5,2010.0,5.0
0,66,17,1,7221,44,33,2012.0,12.0
3,70,17,11,8791,16,33,2014.0,3.0
2,66,17,11,3308,16,33,2018.0,7.0
0,34,17,11,2065,44,5,2011.0,9.0
0,34,17,11,107,44,5,2015.0,1.0
0,30,24,1,11160,32,1,2012.0,6.0
0,34,17,11,2486,57,33,2023.0,12.0
0,34,17,11,4032,57,33,2023.0,5.0
0,34,14,11,7321,16,33,2018.0,8.0
0,22,17,11,5909,16,33,2025.0,4.0
0,30,17,1,7458,32,1,2014.0,7.0
0,66,17,11,2030,44,33,2007.0,4.0
0,34,17,11,2199,44,5,2012.0,8.0
0,17,17,2,9687,36,8,2018.0,7.0
0,30,41,13,8478,32,1,2023.0,12.0
0,30,24,1,10016,16,1,2007.0,10.0
0,66,17,2,11238,16,5,2015.0,8.0
0,34,17,12,9435,16,33,2010.0,12.0
3,66,95,11,894,16,33,2019.0,3.0
0,34,17,1,4077,57,5,2022.0,6.0
0,63,17,0,4636,16,8,2025.0,9.0
0,23,17,11,6067,16,8,2023.0,1.0
0,34,14,11,9616,23,33,2017.0,9.0
0,34,17,11,8443,16,33,2015.0,11.0
0,34,17,11,9451,16,33,2012.0,5.0
0,66,17,11,3300,36,33,2023.0,12.0
0,7,17,3,9969,32,43,2010.0,12.0
0,34,17,1,7070,16,33,2007.0,11.0
3,66,17,11,3614,16,33,2023.0,4.0
0,34,17,11,2482,16,39,2022.0,7.0
0,34,17,11,8828,16,33,2009.0,10.0
0,34,17,11,1969,16,33,2023.0,3.0
0,34,17,11,9469,16,33,2012.0,7.0
0,34,17,11,124,44,5,2012.0,6.0
0,30,17,12,7432,32,1,2007.0,11.0
3,66,17,11,5338,16,0,2019.0,2.0
0,34,14,11,9102,36,33,2018.0,8.0
0,34,17,1,4803,16,19,2009.0,7.0
0,66,17,11,4233,44,33,2013.0,6.0
0,34,17,11,3681,44,5,2009.0,4.0
0,30,17,1,6985,32,1,2011.0,4.0
0,23,17,0,4472,44,8,2020.0,6.0
0,34,17,11,5070,16,8,2021.0,9.0
0,7,88,2,10129,44,43,2007.0,3.0
0,30,24,1,11160,32,1,2012.0,6.0
3,66,17,11,950,16,19,2024.0,9.0
0,7,17,1,1796,44,8,2014.0,4.0
0,58,17,11,6593,44,8,2012.0,3.0
0,30,88,1,7640,32,1,2006.0,6.0
0,34,17,11,2384,44,5,2014.0,4.0
0,34,17,11,346,16,33,2007.0,8.0
0,52,17,11,1346,57,36,2024.0,9.0
0,66,17,11,7863,16,0,2009.0,12.0
0,63,17,1,9552,16,8,2024.0,11.0
0,66,17,11,3900,16,33,2013.0,1.0
0,63,17,0,10190,44,8,2015.0,12.0
0,36,17,11,10726,36,8,2019.0,7.0
0,34,17,11,7051,16,33,2010.0,3.0
0,34,17,11,9475,16,33,2007.0,5.0
0,34,95,11,2681,16,33,2023.0,2.0
0,66,17,11,1366,16,33,2020.0,5.0
0,34,17,11,3037,44,5,2013.0,9.0
0,34,17,11,2232,44,5,2012.0,6.0
0,36,17,1,7610,44,8,2025.0,7.0
0,62,17,1,9119,56,8,2014.0,6.0
0,30,24,12,11191,57,1,2009.0,3.0
0,34,17,11,2712,23,33,2019.0,6.0
0,66,17,11,5370,16,33,2013.0,5.0
0,66,88,2,9239,16,8,2006.0,9.0
0,70,2,12,6255,32,43,2009.0,4.0
0,66,17,11,5134,16,33,2023.0,6.0
0,66,17,11,6135,16,33,2010.0,9.0
0,16,17,11,6789,57,43,2016.0,5.0
0,66,17,11,3343,16,33,2022.0,1.0
0,60,17,11,9951,16,8,2013.0,5.0
0,66,17,11,4795,16,33,2011.0,7.0
0,66,17,11,1360,42,33,2018.0,4.0
0,30,24,12,43,32,1,2008.0,9.0
0,34,17,11,6057,44,5,2008.0,5.0
0,34,17,1,4628,44,5,2011.0,4.0
0,34,95,11,2685,16,33,2008.0,11.0
0,34,17,11,5198,44,5,2008.0,2.0
0,70,17,11,8790,16,33,2026.0,1.0
0,66,17,11,3136,44,33,2007.0,11.0
0,34,17,1,129,44,5,2013.0,1.0
0,34,95,1,7569,16,5,2008.0,5.0
0,66,17,11,2031,44,33,2009.0,8.0
0,45,95,11,3884,16,8,2015.0,8.0
0,34,17,1,9360,16,33,2008.0,2.0
0,30,17,3,7484,32,1,2019.0,3.0
0,34,17,11,10609,16,43,2019.0,4.0
0,34,17,11,2955,44,5,2023.0,2.0
0,66,17,11,913,16,43,2014.0,2.0
0,31,17,11,1059,16,8,2024.0,6.0
2,34,17,11,2982,57,5,2014.0,7.0
0,34,17,11,3707,16,33,2009.0,9.0
0,62,17,11,5854,16,2,2025.0,2.0
0,71,17,11,8159,16,33,2023.0,1.0
3,16,17,11,9326,44,33,2019.0,4.0
0,66,17,1,7939,44,5,2007.0,1.0
0,34,17,11,2190,44,5,2014.0,11.0
0,70,14,1,6253,32,33,2026.0,7.0
0,34,17,11,3738,16,33,2010.0,7.0
0,58,17,11,10294,16,43,2013.0,10.0
0,66,17,1,7591,32,8,2024.0,8.0
0,30,17,0,10914,32,1,2013.0,12.0
0,30,17,2,7430,32,1,2006.0,5.0
0,34,17,1,2234,44,5,2010.0,7.0
0,34,17,11,2562,44,5,2013.0,3.0
0,62,17,3,8561,28,8,2013.0,8.0
0,16,17,11,6847,44,43,2017.0,2.0
0,36,17,11,11039,44,8,2023.0,4.0
0,34,17,11,4994,16,33,2010.0,4.0
0,30,17,1,9996,34,1,2009.0,10.0
0,34,17,11,1904,16,33,2012.0,10.0
0,58,88,11,8028,16,16,2013.0,6.0
0,72,17,2,7426,32,43,2020.0,7.0
0,66,17,11,3443,16,43,2022.0,11.0
0,34,17,11,1211,44,5,2015.0,5.0
0,66,17,11,1017,16,43,2019.0,1.0
0,30,17,2,10097,32,1,2008.0,11.0
0,66,17,11,4378,16,33,2014.0,6.0
0,34,17,0,4076,44,5,2019.0,2.0
0,66,17,12,9553,16,8,2007.0,11.0
0,45,17,11,4160,44,8,2015.0,1.0
0,34,95,11,3089,44,5,2024.0,12.0
0,34,17,11,1444,44,5,2022.0,4.0
0,30,17,12,7434,32,1,2008.0,4.0
0,34,17,11,4835,16,33,2010.0,2.0
0,34,17,12,2430,44,43,2007.0,3.0
0,66,17,13,9044,16,33,2020.0,1.0
0,34,17,11,3754,44,5,2012.0,3.0
0,34,17,11,1520,44,5,2014.0,9.0
0,34,17,11,9375,57,33,2018.0,3.0
0,23,17,2,10744,16,8,2018.0,9.0
0,34,17,11,2519,16,33,2023.0,5.0
0,63,17,7,9567,44,8,2017.0,7.0
0,63,17,3,3943,36,8,2016.0,8.0
0,34,17,11,2641,16,33,2023.0,1.0
0,23,17,1,4572,36,8,2022.0,12.0
0,31,17,11,8291,16,8,2020.0,11.0
0,22,17,11,6059,16,33,2022.0,12.0
0,34,17,11,9143,44,5,2021.0,7.0
0,66,17,11,4559,44,33,2015.0,1.0
0,34,17,11,661,16,33,2017.0,9.0
0,58,88,12,8043,16,30,2013.0,2.0
0,34,17,11,1390,16,33,2020.0,10.0
0,34,14,0,9654,16,33,2021.0,1.0
0,45,17,1,9159,16,8,2010.0,5.0
0,34,17,11,453,44,5,2017.0,10.0
0,34,17,11,3042,44,5,2013.0,10.0
0,34,17,11,2825,44,5,2014.0,5.0
0,30,17,12,9907,32,1,2011.0,7.0
0,34,17,11,2871,44,5,2017.0,1.0
0,66,17,11,10251,44,8,2010.0,1.0
0,16,17,11,5317,44,33,2020.0,8.0
0,34,17,11,2318,44,5,2012.0,8.0
0,57,17,11,646,16,8,2016.0,1.0
3,34,17,11,2137,44,5,2014.0,6.0
0,58,95,13,11193,16,43,2018.0,10.0
0,34,17,11,1833,16,33,2024.0,7.0
0,34,17,11,10516,44,5,2010.0,12.0
0,30,24,3,6482,32,1,2013.0,12.0
0,58,88,11,7963,16,33,2007.0,3.0
0,45,17,11,8630,16,8,2017.0,2.0
0,30,17,1,10991,32,1,2018.0,11.0
0,63,17,11,3956,16,8,2023.0,10.0
2,34,17,11,10456,16,43,2016.0,7.0
0,34,17,11,5832,36,5,2015.0,2.0
0,34,17,11,5664,44,5,2018.0,8.0
0,66,17,11,7263,16,8,2008.0,4.0
0,34,17,11,2199,44,5,2013.0,11.0
0,30,17,2,10883,32,1,2023.0,9.0
0,34,17,11,8859,16,33,2017.0,11.0
0,30,88,1,9863,32,1,2006.0,5.0
0,34,17,11,4930,16,33,2010.0,4.0
3,34,17,11,2457,44,5,2014.0,12.0
0,34,17,11,3096,44,5,2024.0,11.0
0,34,17,11,2669,16,33,2023.0,2.0
0,66,17,0,9586,16,33,2015.0,9.0
0,34,17,11,156,44,5,2020.0,12.0
0,66,17,11,948,16,19,2021.0,9.0
0,45,17,11,8617,16,8,2017.0,11.0
0,30,17,1,10844,32,1,2015.0,3.0
0,34,17,11,1513,16,5,2020.0,5.0
2,34,17,11,2085,57,43,2014.0,4.0
0,66,17,11,1707,44,43,2015.0,10.0
0,22,17,1,6089,16,33,2025.0,5.0
0,13,95,1,7496,32,43,2009.0,8.0
0,52,17,11,662,16,33,2025.0,2.0
0,34,17,11,1887,16,33,2019.0,9.0
0,7,17,11,6962,44,43,2007.0,3.0
0,66,17,11,10151,16,33,2023.0,3.0
0,66,17,1,1568,16,19,2012.0,9.0
0,34,17,11,67,44,5,2016.0,3.0
0,30,32,1,6380,32,1,2019.0,5.0
0,66,17,11,3314,36,33,2024.0,6.0
0,30,17,1,10572,16,1,2007.0,7.0
0,34,17,11,5675,44,5,2021.0,12.0
0,34,17,11,3984,16,33,2023.0,5.0
0,66,17,11,1599,44,5,2012.0,5.0
0,34,17,11,3788,16,33,2020.0,1.0
0,48,17,0,5932,44,8,2024.0,9.0
3,4,17,11,4645,44,33,2020.0,2.0
0,30,17,1,7412,32,1,2008.0,10.0
0,30,17,1,10781,32,1,2007.0,7.0
0,30,95,12,7815,32,1,2009.0,1.0
0,66,17,0,10561,44,9,2009.0,4.0
0,7,24,3,6933,32,43,2007.0,12.0
0,45,14,1,8628,36,10,2018.0,3.0
0,34,17,11,1215,44,5,2014.0,11.0
0,34,17,11,5332,44,43,2006.0,10.0
2,66,17,11,3362,44,43,2023.0,6.0
0,66,1,11,958,16,33,2011.0,10.0
0,0,17,11,268,36,19,2018.0,10.0
0,7,17,1,6437,32,43,2008.0,5.0
0,66,21,11,8553,16,33,2023.0,5.0
3,34,17,11,2290,44,5,2014.0,12.0
0,52,17,11,2973,44,5,2025.0,6.0
0,36,14,11,5835,44,8,2024.0,9.0
0,34,14,11,8883,57,43,2018.0,4.0
0,7,95,3,8327,57,43,2019.0,1.0
0,58,17,11,8088,16,8,2013.0,6.0
0,30,88,0,10014,16,1,2007.0,3.0
0,16,17,11,6237,44,33,2019.0,2.0
0,34,14,11,7008,16,33,2019.0,1.0
0,52,17,11,10504,16,5,2025.0,1.0
0,34,17,11,2050,44,5,2011.0,3.0
0,48,17,11,8580,44,8,2021.0,9.0
0,70,17,11,8152,16,33,2023.0,3.0
0,66,17,11,1774,16,33,2008.0,3.0
0,34,17,11,8878,57,43,2018.0,4.0
0,61,17,11,5250,44,36,2025.0,5.0
3,23,17,11,5895,16,33,2025.0,4.0
0,34,17,11,6818,44,5,2011.0,6.0
0,7,17,3,8352,32,43,2007.0,6.0
0,30,24,0,7372,32,1,2008.0,1.0
0,66,17,11,5920,16,33,2012.0,11.0
0,57,17,11,448,16,8,2006.0,9.0
0,66,17,11,1791,16,19,2011.0,6.0
0,34,17,1,2175,44,5,2009.0,1.0
0,58,17,11,9306,44,8,2013.0,10.0
0,66,95,0,6103,57,33,2009.0,7.0
0,7,17,11,6969,44,43,2007.0,9.0
0,34,17,11,2153,44,5,2024.0,8.0
0,30,66,1,10796,32,1,2016.0,3.0
0,7,17,0,4987,44,8,2015.0,1.0
2,34,17,11,533,44,5,2014.0,12.0
0,66,17,0,4263,44,33,2014.0,3.0
0,30,17,0,7435,32,1,2014.0,1.0
0,30,43,2,10806,57,1,2024.0,9.0
0,34,17,11,1432,44,5,2016.0,5.0
0,34,17,11,2677,16,33,2021.0,6.0
0,66,17,11,7359,16,8,2006.0,5.0
0,34,17,11,2208,44,5,2012.0,6.0
0,7,88,3,7515,34,43,2011.0,7.0
0,30,12,13,7579,57,1,2006.0,2.0
0,63,17,1,11060,16,10,2019.0,7.0
0,66,17,11,6058,16,33,2007.0,7.0
0,30,17,2,10954,32,1,2005.0,4.0
0,34,17,11,5270,44,5,2007.0,2.0
0,30,17,1,10993,32,1,2005.0,1.0
0,66,17,11,931,16,33,2024.0,1.0
0,66,17,1,9528,16,33,2007.0,9.0
0,34,17,11,6611,6,43,2009.0,9.0
0,34,17,11,3052,44,5,2015.0,8.0
0,66,17,1,11092,16,8,2009.0,10.0
0,34,17,11,2796,44,5,2013.0,8.0
0,34,17,0,2426,44,43,2006.0,8.0
0,61,17,11,8712,16,33,2025.0,1.0
0,31,17,11,10635,16,8,2017.0,5.0
0,66,17,11,1631,16,8,2011.0,10.0
0,30,17,7,11125,32,1,2018.0,2.0
0,66,17,11,4322,16,33,2023.0,3.0
0,36,17,11,692,16,8,2021.0,10.0
0,66,17,11,4404,16,33,2014.0,3.0
0,30,95,3,11292,32,1,2009.0,2.0
0,34,17,11,2062,44,5,2012.0,2.0
0,7,17,2,5101,32,8,2021.0,3.0
0,66,17,11,1021,16,0,2016.0,8.0
0,45,17,11,8108,57,8,2013.0,5.0
3,34,17,11,1441,44,5,2022.0,8.0
0,34,17,11,9941,44,5,2016.0,11.0
2,34,95,1,2190,44,43,2015.0,8.0
0,34,17,11,3610,57,33,2023.0,6.0
0,34,95,11,9035,16,33,2008.0,11.0
0,34,14,11,9844,16,33,2021.0,7.0
0,66,17,1,4621,57,33,2024.0,5.0
0,66,17,0,3895,16,33,2012.0,5.0
0,7,17,11,6822,44,8,2023.0,10.0
0,34,17,11,1895,16,33,2019.0,9.0
0,7,17,1,6954,6,8,2013.0,7.0
0,34,17,11,2908,44,5,2016.0,12.0
0,45,17,1,8518,16,8,2023.0,1.0
2,34,17,11,1986,44,5,2013.0,4.0
0,30,17,1,8433,32,1,2015.0,10.0
0,30,17,1,10060,16,1,2008.0,5.0
0,34,14,11,8979,16,33,2022.0,2.0
0,17,17,11,8039,16,8,2020.0,7.0
0,52,17,11,2956,44,5,2025.0,4.0
0,23,17,11,4520,44,8,2024.0,4.0
0,4,17,11,8500,44,33,2021.0,10.0
0,34,17,11,2275,44,5,2007.0,5.0
0,34,17,11,2258,44,5,2009.0,7.0
0,34,17,1,9149,44,5,2021.0,10.0
0,34,88,1,7516,34,43,2007.0,7.0
0,34,17,1,8768,23,33,2021.0,12.0
0,30,88,2,9772,32,1,2017.0,5.0
0,34,17,11,3103,44,5,2024.0,9.0
0,62,17,3,6446,28,9,2013.0,8.0
0,30,17,1,7503,32,1,2010.0,2.0
0,66,1,11,619,16,8,2007.0,6.0
0,30,17,12,6654,57,1,2010.0,1.0
0,34,17,11,2118,44,5,2012.0,12.0
0,34,17,0,86,44,8,2024.0,12.0
0,66,17,11,7742,16,0,2017.0,7.0
0,66,17,11,5972,16,33,2012.0,8.0
0,58,88,11,7977,16,33,2007.0,5.0
0,34,17,11,478,44,5,2017.0,3.0
0,63,17,1,8820,16,43,2022.0,4.0
0,34,17,11,4027,44,33,2018.0,1.0
0,34,17,11,1219,44,5,2010.0,3.0
0,66,17,11,6147,25,5,2017.0,8.0
0,34,17,11,6218,16,8,2012.0,2.0
0,7,24,0,10594,32,43,2016.0,1.0
2,66,17,11,3590,57,43,2018.0,6.0
0,4,17,11,7224,44,33,2018.0,6.0
0,7,17,0,10146,44,33,2013.0,3.0
0,66,17,11,5849,16,33,2010.0,12.0
0,34,17,0,9849,16,43,2007.0,4.0
0,52,17,11,2461,44,5,2025.0,1.0
0,63,17,1,7793,6,8,2012.0,3.0
0,34,17,11,10410,16,5,2009.0,1.0
3,16,17,0,6014,44,33,2021.0,12.0
0,45,21,11,5244,16,8,2023.0,1.0
0,66,17,11,3589,16,33,2013.0,8.0
0,7,17,2,8387,32,43,2006.0,9.0
0,30,17,1,10851,32,1,2012.0,4.0
0,66,17,11,3124,16,33,2023.0,9.0
0,66,17,0,9527,44,43,2010.0,12.0
0,34,17,11,4996,16,5,2011.0,10.0
0,66,17,11,864,16,0,2011.0,6.0
0,66,17,3,804,16,33,2008.0,9.0
3,34,95,1,10126,57,43,2015.0,4.0
0,34,17,11,2697,16,33,2019.0,10.0
0,45,17,1,639,44,8,2022.0,11.0
0,66,17,11,1260,36,33,2024.0,8.0
0,61,17,11,7945,44,5,2025.0,8.0
0,66,17,11,4647,6,33,2014.0,12.0
0,30,24,0,10091,28,43,2024.0,9.0
0,66,17,11,3376,44,8,2018.0,12.0
0,34,95,1,6219,16,33,2008.0,11.0
0,58,17,11,3824,44,8,2014.0,8.0
3,34,17,11,2383,44,5,2014.0,6.0
0,63,17,11,1074,44,8,2015.0,8.0
0,30,17,2,7545,32,1,2008.0,9.0
3,16,17,1,6777,44,33,2015.0,6.0
0,7,17,11,816,44,8,2008.0,12.0
0,45,17,0,8660,44,8,2014.0,5.0
0,34,17,11,7145,16,43,2013.0,5.0
0,66,17,11,3357,16,33,2019.0,1.0
0,66,17,11,1480,16,33,2021.0,3.0
0,30,88,13,6989,32,1,2005.0,12.0
0,30,42,1,11007,32,1,2018.0,7.0
0,30,17,0,6694,32,1,2014.0,7.0
0,34,17,11,5547,44,5,2014.0,7.0
0,34,14,11,9022,16,43,2016.0,8.0
0,66,17,11,9577,57,8,2010.0,2.0
0,31,17,11,4113,16,8,2017.0,11.0
0,34,17,11,1581,16,43,2009.0,8.0
0,45,17,11,8521,42,33,2023.0,3.0
2,66,95,0,1553,16,33,2018.0,5.0
0,7,17,11,7656,44,33,2015.0,1.0
0,34,17,11,9168,23,43,2019.0,7.0
0,66,17,11,8717,16,33,2019.0,9.0
0,30,12,2,8285,32,1,2018.0,3.0
0,34,24,12,5301,44,43,2008.0,8.0
0,34,17,11,2267,44,5,2009.0,12.0
0,13,85,2,7502,32,43,2020.0,2.0
0,34,14,1,9136,16,5,2015.0,5.0
0,34,17,11,4995,16,5,2010.0,1.0
0,7,17,11,1584,44,8,2006.0,7.0
3,66,17,11,1479,23,33,2020.0,2.0
0,34,17,11,3738,16,33,2011.0,1.0
0,34,17,11,3757,16,33,2023.0,11.0
0,66,17,11,5966,16,33,2010.0,12.0
0,45,17,11,8624,16,8,2014.0,12.0
0,58,17,11,6349,16,10,2012.0,4.0
0,38,17,11,5057,44,8,2023.0,11.0
0,34,17,11,2000,44,5,2010.0,6.0
0,66,17,11,1271,16,5,2013.0,11.0
0,7,17,1,9778,16,43,2007.0,7.0
0,34,17,11,2056,44,5,2012.0,8.0
0,66,17,11,3473,16,8,2008.0,11.0
2,30,17,12,7376,32,1,2014.0,10.0
0,66,17,11,1259,16,33,2024.0,2.0
2,34,17,11,2551,44,5,2015.0,4.0
0,34,17,11,3891,16,6,2023.0,12.0
2,34,17,0,5201,44,5,2016.0,12.0
0,34,17,11,2386,44,5,2024.0,10.0
0,7,88,1,7647,32,43,2007.0,4.0
0,30,17,1,11006,32,1,2019.0,6.0
0,66,17,11,9583,16,8,2010.0,3.0
0,34,17,11,4022,16,33,2023.0,1.0
0,34,17,11,10481,36,5,2016.0,6.0
0,30,24,12,11305,32,1,2011.0,9.0
0,34,17,1,2876,44,5,2017.0,2.0
2,34,17,1,9138,44,5,2021.0,6.0
0,30,17,2,11002,32,1,2005.0,8.0
0,31,17,11,13,16,8,2023.0,9.0
0,66,17,11,387,16,8,2006.0,7.0
0,66,17,11,3370,44,8,2017.0,6.0
0,34,95,11,2686,16,33,2008.0,10.0
0,66,17,1,4725,16,33,2023.0,4.0
0,66,17,11,4709,16,33,2023.0,3.0
0,34,17,11,7343,16,43,2007.0,1.0
0,66,17,0,5641,36,8,2023.0,2.0
0,7,17,0,11117,32,43,2006.0,12.0
0,66,17,11,4692,16,33,2020.0,12.0
2,34,14,11,8935,57,33,2017.0,11.0
0,34,17,1,6372,44,5,2011.0,5.0
0,30,88,1,10842,32,1,2007.0,2.0
0,34,17,11,3629,44,5,2010.0,3.0
2,34,17,11,209,44,43,2019.0,7.0
0,34,17,11,2009,44,5,2013.0,1.0
0,30,17,1,10571,34,1,2007.0,7.0
0,52,14,11,5812,44,5,2025.0,11.0
0,30,17,13,7886,32,1,2005.0,10.0
0,58,88,11,8040,16,33,2007.0,4.0
0,66,17,11,7737,16,0,2020.0,9.0
0,34,17,11,502,44,5,2019.0,3.0
0,34,17,11,7010,16,33,2018.0,12.0
0,34,17,1,9098,16,33,2009.0,7.0
0,30,2,3,7378,32,1,2009.0,10.0
0,58,17,11,10328,16,10,2014.0,7.0
0,34,14,11,8995,16,33,2022.0,7.0
0,66,17,11,4425,44,33,2023.0,3.0
0,34,14,11,5805,44,5,2024.0,12.0
0,34,14,11,8890,16,33,2017.0,3.0
0,34,17,11,2062,44,5,2013.0,8.0
0,30,17,2,7396,32,1,2007.0,5.0
0,66,17,11,6221,16,33,2016.0,7.0
0,34,17,1,2961,44,5,2021.0,3.0
0,34,17,11,5517,44,8,2014.0,9.0
0,34,17,11,2264,44,5,2009.0,7.0
0,34,17,11,3748,44,5,2013.0,5.0
0,66,17,11,7599,32,8,2018.0,9.0
0,34,17,11,578,16,8,2010.0,5.0
0,63,17,0,9558,36,8,2025.0,2.0
0,34,14,11,9655,16,33,2018.0,11.0
0,34,17,11,1441,44,5,2021.0,3.0
0,13,88,12,7243,32,1,2016.0,1.0
3,34,17,11,2287,44,5,2015.0,4.0
0,34,17,11,7154,16,33,2013.0,6.0
0,63,17,11,5695,44,8,2023.0,7.0
0,45,17,11,8595,36,8,2014.0,10.0
3,34,17,11,8892,16,43,2018.0,5.0
0,66,17,11,994,36,5,2018.0,2.0
0,52,14,11,5927,16,33,2025.0,3.0
0,66,17,0,5303,6,33,2014.0,3.0
0,34,17,11,748,44,5,2014.0,11.0
0,45,17,11,11218,44,10,2012.0,12.0
0,34,17,11,5145,36,8,2022.0,12.0
0,30,24,3,10382,32,1,2012.0,3.0
0,66,95,11,1784,16,33,2013.0,2.0
0,34,17,12,9800,16,43,2007.0,11.0
0,66,17,11,3514,44,33,2013.0,7.0
0,34,17,11,4958,16,33,2009.0,2.0
0,34,14,11,9668,57,33,2018.0,5.0
0,23,17,0,4538,44,8,2023.0,1.0
0,70,17,12,9268,16,43,2008.0,8.0
3,34,17,11,11212,16,33,2014.0,5.0
0,34,17,11,478,44,5,2016.0,11.0
0,30,17,0,7444,32,1,2024.0,5.0
0,34,17,11,2501,44,5,2023.0,7.0
0,30,14,0,7444,32,1,2023.0,1.0
0,34,17,11,4792,16,8,2023.0,2.0
0,34,1,0,8847,16,33,2013.0,4.0
0,30,17,1,10777,32,1,2007.0,2.0
0,66,17,11,3337,44,33,2019.0,6.0
0,66,17,11,7752,16,33,2017.0,2.0
0,30,17,12,34,32,1,2008.0,9.0
0,66,17,1,385,17,8,2008.0,6.0
0,58,88,11,10286,6,8,2014.0,7.0
0,30,17,0,7813,32,1,2019.0,3.0
0,34,17,11,2767,44,5,2013.0,10.0
0,34,17,11,1913,16,33,2022.0,8.0
0,30,17,3,10902,32,1,2012.0,10.0
0,34,17,1,280,16,8,2016.0,4.0
0,70,17,11,6600,57,33,2014.0,1.0
0,66,17,1,3351,36,33,2024.0,9.0
0,34,17,11,4049,9,33,2015.0,7.0
0,34,17,11,1104,16,33,2016.0,4.0
0,66,17,11,2031,44,33,2009.0,8.0
0,34,14,11,9397,16,33,2022.0,2.0
0,34,17,1,7703,16,5,2016.0,3.0
0,58,88,11,10291,16,8,2015.0,8.0
0,23,17,11,8109,16,8,2019.0,8.0
0,34,17,0,5202,44,5,2016.0,12.0
0,66,17,11,4387,16,33,2023.0,4.0
0,34,17,11,2128,44,5,2013.0,12.0
2,34,17,11,2448,44,5,2024.0,6.0
0,38,17,11,8519,16,8,2025.0,4.0
0,34,17,11,3084,16,33,2024.0,11.0
0,30,24,12,10372,32,1,2008.0,10.0
0,16,17,11,5597,36,33,2020.0,8.0
0,63,17,11,10166,44,8,2024.0,7.0
0,66,17,0,8558,44,33,2011.0,5.0
0,66,17,11,8506,57,5,2014.0,4.0
0,34,17,11,502,57,5,2018.0,8.0
0,34,17,11,5446,44,5,2023.0,4.0
0,34,17,11,2062,44,5,2013.0,8.0
0,34,17,11,8268,16,33,2011.0,6.0
0,66,17,1,6353,44,33,2011.0,5.0
0,34,17,11,7710,16,33,2010.0,5.0
0,66,21,11,4005,16,33,2022.0,6.0
0,66,17,1,10244,44,8,2010.0,4.0
0,34,17,11,8948,16,33,2010.0,2.0
0,34,17,11,8205,16,33,2008.0,2.0
0,58,17,11,8088,16,8,2013.0,6.0
0,66,21,11,3966,44,33,2023.0,7.0
0,58,17,11,10152,16,43,2013.0,3.0
0,34,17,11,2213,44,5,2012.0,6.0
0,34,17,11,5669,44,5,2022.0,5.0
0,34,14,11,8924,16,43,2018.0,3.0
0,52,17,1,1138,16,33,2025.0,9.0
0,66,17,11,892,16,33,2012.0,11.0
0,34,17,11,2811,44,5,2013.0,11.0
0,66,17,11,5917,16,43,2020.0,1.0
0,58,17,11,1618,44,8,2014.0,8.0
0,30,17,3,10986,32,1,2012.0,8.0
0,34,17,11,94,44,5,2014.0,1.0
0,66,17,1,11129,16,8,2008.0,11.0
3,34,17,11,203,44,5,2015.0,2.0
0,34,17,11,7155,16,33,2011.0,7.0
0,34,17,1,2263,44,5,2009.0,6.0
0,66,17,11,6434,57,33,2016.0,10.0
0,34,17,11,1297,44,5,2024.0,11.0
0,34,17,1,2549,44,5,2015.0,4.0
0,66,17,12,10747,44,8,2008.0,10.0
0,34,17,11,2130,44,5,2014.0,1.0
0,7,17,12,6560,34,43,2010.0,8.0
0,34,17,11,9369,16,33,2012.0,6.0
0,34,95,11,8262,16,33,2023.0,2.0
0,34,17,11,493,44,5,2015.0,5.0
0,66,17,11,4875,16,0,2020.0,7.0
0,66,17,12,5089,6,5,2025.0,9.0
0,34,17,2,8808,44,5,2010.0,5.0
0,66,17,11,7775,16,33,2013.0,4.0
3,34,17,11,2954,44,5,2021.0,12.0
0,34,17,11,11277,16,33,2021.0,7.0
0,66,17,11,3922,16,33,2023.0,4.0
0,0,17,12,9252,32,43,2008.0,1.0
0,34,17,11,9481,16,33,2012.0,6.0
0,31,17,11,997,16,8,2020.0,2.0
0,34,17,11,357,16,33,2022.0,12.0
0,34,17,11,5386,44,5,2024.0,6.0
2,30,24,1,11171,32,43,2019.0,11.0
0,34,17,11,2791,44,5,2008.0,2.0
0,66,17,11,905,16,0,2014.0,6.0
0,34,17,11,2212,44,5,2011.0,1.0
0,34,17,11,10457,16,5,2013.0,10.0
0,66,17,11,10748,16,8,2009.0,7.0
0,58,17,11,6341,44,26,2014.0,6.0
0,72,89,1,7201,32,43,2022.0,8.0
0,30,17,0,10857,57,1,2013.0,12.0
0,34,17,11,10434,16,5,2015.0,11.0
0,66,17,11,1572,36,19,2019.0,8.0
0,34,14,11,9808,16,33,2021.0,7.0
0,13,17,1,7245,32,43,2008.0,9.0
0,45,17,1,7637,44,8,2020.0,11.0
0,30,88,12,10340,32,1,2007.0,2.0
0,34,17,11,2310,57,5,2013.0,11.0
0,34,17,11,5580,44,5,2023.0,2.0
0,34,17,11,3692,36,43,2018.0,6.0
0,66,21,11,4708,16,33,2023.0,3.0
0,30,17,0,258,16,1,2017.0,4.0
0,34,17,11,2259,44,5,2010.0,12.0
2,34,95,1,9651,16,33,2013.0,5.0
0,66,17,11,7749,16,43,2013.0,11.0
0,66,95,11,1877,44,33,2014.0,6.0
0,52,17,11,6070,16,33,2025.0,6.0
0,34,17,11,418,44,5,2013.0,1.0
0,60,17,11,5608,16,8,2021.0,2.0
0,34,17,11,8259,16,33,2023.0,4.0
0,38,17,11,5120,16,8,2024.0,1.0
0,66,17,12,8173,44,5,2010.0,6.0
0,34,17,11,3059,16,33,2023.0,12.0
0,34,17,11,9467,16,33,2007.0,1.0
0,66,17,11,4872,16,33,2021.0,7.0
0,22,17,11,5829,16,33,2024.0,4.0
0,34,14,11,9843,16,33,2021.0,7.0
0,34,17,11,3107,44,5,2020.0,10.0
0,34,17,11,1107,16,19,2019.0,1.0
0,66,17,0,9783,44,5,2014.0,3.0
3,34,17,11,2516,16,33,2022.0,7.0
0,30,17,0,7559,32,1,2005.0,12.0
0,66,24,11,7723,16,8,2011.0,12.0
0,34,17,11,3776,16,33,2023.0,4.0
0,66,14,11,9031,16,33,2017.0,11.0
0,30,17,1,11304,32,1,2015.0,2.0
0,58,17,11,3542,44,8,2012.0,7.0
0,34,17,11,9076,16,33,2013.0,9.0
0,66,17,11,3617,16,33,2024.0,5.0
0,34,17,11,10473,16,33,2012.0,7.0
0,34,17,11,5670,44,5,2020.0,1.0
0,34,17,1,8219,16,33,2011.0,9.0
0,34,17,11,9833,16,43,2006.0,8.0
0,35,17,0,5316,16,33,2018.0,7.0
0,30,24,12,25,32,1,2008.0,4.0
0,34,14,11,5175,4,33,2016.0,9.0
3,16,17,12,6739,57,43,2015.0,1.0
0,66,17,11,4592,44,33,2021.0,8.0
0,66,21,11,3354,16,33,2023.0,1.0
0,66,17,11,1671,16,33,2020.0,9.0
0,34,17,2,7162,16,43,2019.0,7.0
0,34,17,0,2376,44,43,2007.0,11.0
0,12,17,11,5630,44,10,2020.0,4.0
2,66,17,11,1235,57,33,2019.0,6.0
0,34,17,11,5939,44,5,2010.0,1.0
0,34,17,11,1296,44,43,2007.0,2.0
0,66,17,11,1811,16,19,2021.0,10.0
0,34,17,1,2950,44,5,2022.0,3.0
0,30,17,1,11149,32,1,2013.0,10.0
0,7,17,3,11217,32,43,2009.0,1.0
0,7,17,0,7932,16,43,2013.0,8.0
0,7,17,0,6945,32,43,2008.0,12.0
0,66,17,11,3171,44,33,2015.0,7.0
0,30,24,3,7836,32,1,2010.0,7.0
0,30,24,12,8730,32,1,2009.0,2.0
2,30,17,0,7888,32,1,2024.0,7.0
0,34,17,11,2341,44,5,2011.0,12.0
0,66,17,11,2028,44,33,2007.0,6.0
0,66,17,11,4767,16,33,2023.0,6.0
0,30,17,2,7477,32,1,2008.0,5.0
0,70,17,12,11116,32,27,2013.0,3.0
0,34,17,11,4849,16,33,2023.0,5.0
0,30,19,1,10845,32,1,2016.0,4.0
0,63,17,1,3491,16,8,2011.0,7.0
0,7,17,0,6113,44,8,2011.0,7.0
0,34,17,0,4806,16,43,2012.0,9.0
0,45,17,11,4385,44,8,2013.0,7.0
0,34,17,11,7336,16,43,2007.0,2.0
0,66,17,11,1507,36,43,2019.0,10.0
0,66,17,11,4913,16,33,2012.0,6.0
0,34,17,11,169,44,5,2015.0,5.0
0,66,17,11,4178,23,33,2019.0,10.0
2,34,14,11,9038,16,33,2022.0,6.0
0,34,17,11,2299,44,5,2012.0,10.0
0,70,24,12,6252,32,43,2012.0,1.0
0,7,17,12,6502,32,43,2007.0,7.0
0,12,17,7,10545,16,10,2019.0,10.0
0,34,17,1,8492,44,5,2019.0,4.0
2,66,17,11,861,16,33,2015.0,5.0
0,66,17,11,4353,44,33,2011.0,2.0
0,34,17,0,8991,16,33,2010.0,12.0
0,34,17,11,2119,44,5,2012.0,12.0
0,34,17,11,2954,44,5,2021.0,9.0
0,66,17,11,4384,44,33,2014.0,7.0
0,30,17,12,10034,32,1,2007.0,12.0
0,70,17,11,8772,16,43,2016.0,11.0
0,34,17,11,2689,16,33,2022.0,12.0
0,34,17,11,3738,16,33,2011.0,10.0
0,37,17,1,6727,6,33,2026.0,2.0
0,34,17,11,2119,44,5,2012.0,11.0
0,66,17,11,6894,16,33,2015.0,8.0
0,34,17,11,8244,16,33,2011.0,6.0
0,7,17,0,10138,44,8,2017.0,7.0
0,38,17,11,5177,36,8,2024.0,11.0
0,66,17,11,1249,16,33,2009.0,11.0
2,34,17,0,500,44,5,2020.0,9.0
0,34,17,11,1862,16,33,2023.0,4.0
3,34,14,1,11275,16,43,2015.0,4.0
0,58,17,11,3543,44,8,2012.0,7.0
0,63,17,1,10218,36,8,2022.0,11.0
0,34,17,1,6278,57,19,2008.0,9.0
0,52,17,11,3972,44,5,2025.0,6.0
0,36,17,3,8682,25,8,2014.0,6.0
0,30,17,1,10982,32,1,2007.0,10.0
0,34,17,11,11240,16,8,2007.0,6.0
0,34,17,11,4109,0,43,2005.0,6.0
0,66,17,11,4610,17,33,2017.0,12.0
0,66,17,11,4720,16,33,2011.0,4.0
0,45,17,1,8669,16,8,2015.0,5.0
0,66,17,11,1814,16,33,2022.0,11.0
0,66,17,11,4268,16,33,2009.0,10.0
0,34,17,11,9113,16,33,2009.0,6.0
0,45,17,11,8627,16,10,2018.0,11.0
0,34,17,11,2727,44,43,2013.0,10.0
0,66,17,11,1225,16,33,2008.0,8.0
0,7,17,1,6387,44,43,2008.0,3.0
0,66,17,11,3358,16,33,2023.0,1.0
0,30,24,3,8705,32,1,2008.0,4.0
0,23,17,11,4538,44,8,2018.0,5.0
0,34,17,11,2089,44,5,2013.0,10.0
0,75,14,1,11099,25,8,2007.0,7.0
0,34,17,11,5073,36,8,2017.0,12.0
0,34,17,11,3793,44,43,2006.0,2.0
0,45,17,11,7760,16,0,2023.0,7.0
0,34,17,11,779,44,43,2015.0,11.0
3,34,17,11,2803,44,5,2014.0,4.0
0,66,17,11,6450,16,33,2016.0,7.0
0,66,17,1,694,25,8,2007.0,12.0
0,45,17,11,608,44,8,2021.0,8.0
0,58,17,11,6350,16,43,2013.0,5.0
0,66,17,11,4127,36,8,2022.0,1.0
0,66,95,11,6247,44,33,2008.0,11.0
0,34,17,11,2177,44,5,2009.0,12.0
0,58,17,11,8067,16,13,2011.0,5.0
0,30,17,0,10876,32,43,2024.0,11.0
0,70,17,11,8783,23,33,2022.0,11.0
0,34,17,11,154,44,5,2010.0,2.0
0,42,17,11,9258,44,33,2025.0,2.0
0,45,17,11,365,16,8,2013.0,10.0
0,34,17,1,9595,16,43,2005.0,7.0
0,34,17,1,10454,16,5,2018.0,4.0
0,7,17,11,1065,44,8,2022.0,2.0
2,34,17,11,1105,16,43,2016.0,4.0
0,30,17,0,8439,32,1,2017.0,1.0
0,66,17,11,321,16,8,2007.0,1.0
0,38,17,2,10661,16,8,2025.0,8.0
0,58,17,11,10327,16,10,2014.0,6.0
0,34,17,1,8170,44,5,2015.0,1.0
2,34,17,11,9479,36,43,2018.0,5.0
0,34,14,11,8908,16,43,2016.0,11.0
0,66,17,11,3235,16,33,2023.0,5.0
0,34,17,1,7706,16,33,2007.0,3.0
0,34,17,11,8206,57,33,2020.0,12.0
0,66,17,11,5975,16,33,2012.0,7.0
0,6,17,11,7809,44,33,2025.0,6.0
0,34,17,11,10418,16,5,2009.0,8.0
2,34,17,1,163,44,5,2015.0,4.0
0,34,17,11,5141,16,8,2021.0,12.0
0,66,17,11,4189,16,33,2023.0,6.0
0,30,17,3,7806,32,1,2010.0,1.0
0,66,17,11,3424,16,43,2019.0,2.0
0,66,17,11,7288,16,43,2013.0,8.0
0,0,17,11,9522,44,19,2021.0,5.0
0,38,14,11,1080,16,8,2025.0,1.0
3,34,95,11,434,44,33,2014.0,5.0
0,34,17,11,2954,44,5,2021.0,9.0
0,66,17,0,9547,44,8,2012.0,10.0
0,34,14,11,350,16,33,2023.0,7.0
0,70,17,12,9249,32,43,2009.0,8.0
0,34,17,1,6611,16,43,2009.0,5.0
0,57,17,11,685,16,8,2016.0,2.0
3,34,17,11,7859,16,33,2020.0,12.0
0,34,17,11,2947,44,5,2021.0,12.0
0,66,1,11,319,16,8,2007.0,2.0
0,34,17,11,7671,16,33,2011.0,6.0
0,38,17,11,564,16,10,2026.0,3.0
0,66,17,11,7934,57,8,2011.0,9.0
0,45,17,11,5016,16,8,2013.0,11.0
3,66,17,11,6079,16,33,2019.0,8.0
0,30,95,2,11120,57,1,2016.0,10.0
0,34,17,11,2131,44,5,2014.0,1.0
0,7,21,11,2594,44,8,2023.0,2.0
0,63,17,11,9563,16,8,2012.0,1.0
0,66,95,11,3143,16,43,2021.0,7.0
0,34,17,11,10408,16,5,2019.0,8.0
0,34,17,11,6366,44,5,2016.0,4.0
0,34,17,11,8807,44,5,2019.0,6.0
0,34,14,11,8446,16,33,2022.0,11.0
0,34,17,11,6607,16,8,2012.0,12.0
0,7,17,0,8376,32,43,2007.0,10.0
0,30,17,1,7651,16,1,2006.0,10.0
3,66,17,1,8565,16,33,2015.0,7.0
0,34,17,11,2293,44,5,2014.0,8.0
0,23,17,0,4505,44,8,2022.0,4.0
0,63,17,11,3479,16,8,2024.0,4.0
0,66,17,11,4698,16,33,2023.0,6.0
0,34,17,11,10484,16,5,2018.0,7.0
0,30,24,2,8204,32,1,2008.0,11.0
3,34,17,11,1421,44,5,2014.0,5.0
0,34,17,1,9138,44,5,2021.0,6.0
0,45,17,1,5017,25,8,2013.0,10.0
0,34,17,11,315,16,43,2014.0,2.0
0,45,17,11,6801,44,8,2014.0,1.0
0,34,14,11,5759,44,5,2022.0,6.0
0,45,17,11,11063,36,33,2023.0,6.0
3,34,17,11,2458,44,5,2014.0,1.0
0,34,17,11,511,44,5,2008.0,7.0
0,45,17,11,8634,16,8,2016.0,9.0
0,70,17,13,8788,44,43,2014.0,3.0
0,34,17,11,2318,44,5,2024.0,6.0
0,34,14,11,9282,57,43,2018.0,4.0
0,34,17,11,3694,16,33,2023.0,3.0
0,66,17,11,558,44,5,2019.0,7.0
0,34,17,11,2484,16,33,2023.0,3.0
0,34,17,11,4045,16,33,2022.0,12.0
0,38,17,11,8528,16,8,2023.0,10.0
0,7,17,0,7633,32,43,2013.0,5.0
2,66,17,11,4761,16,33,2019.0,2.0
0,7,17,12,11012,32,43,2010.0,5.0
0,30,24,1,8728,32,1,2012.0,9.0
0,7,17,11,6955,44,8,2014.0,3.0
3,35,17,11,5542,57,33,2014.0,3.0
0,37,17,2,6779,57,33,2025.0,6.0
0,34,17,11,5880,44,5,2012.0,11.0
0,30,24,3,7388,32,1,2012.0,9.0
0,34,17,11,169,44,5,2015.0,5.0
0,12,17,11,5596,44,8,2020.0,5.0
0,45,17,11,8594,16,8,2016.0,5.0
0,23,17,11,1001,36,8,2021.0,8.0
0,34,17,11,3928,16,33,2019.0,7.0
0,34,17,11,7091,57,43,2015.0,6.0
0,66,17,11,3406,44,8,2020.0,11.0
0,34,17,11,2947,44,5,2021.0,6.0
0,34,14,11,4787,16,33,2021.0,11.0
3,34,17,11,2798,44,5,2014.0,4.0
0,23,17,1,4155,16,8,2019.0,9.0
0,63,17,1,3958,36,8,2026.0,7.0
0,66,17,2,9063,44,8,2009.0,11.0
0,34,17,11,7333,44,33,2022.0,2.0
0,34,95,11,2195,44,5,2022.0,12.0
0,34,1,1,7795,16,43,2009.0,7.0
0,16,17,11,6478,25,33,2019.0,8.0
0,34,1,11,7044,16,33,2011.0,6.0
0,58,17,11,11229,16,28,2016.0,5.0
0,66,17,11,4396,44,33,2024.0,11.0
0,66,17,11,3598,44,33,2012.0,8.0
0,34,17,11,2671,16,33,2023.0,6.0
0,34,95,11,6998,16,33,2019.0,1.0
0,70,17,11,8752,36,33,2021.0,1.0
0,66,17,11,1048,16,0,2019.0,1.0
0,34,17,11,4885,16,33,2011.0,4.0
0,13,45,2,9256,32,43,2019.0,12.0
0,66,17,3,4393,44,33,2015.0,11.0
0,61,17,0,5586,44,33,2025.0,7.0
0,34,17,11,2041,44,5,2011.0,7.0
0,34,17,11,9801,16,43,2007.0,6.0
0,34,14,11,5739,16,5,2020.0,1.0
0,34,17,11,1125,16,19,2010.0,7.0
0,30,17,2,10983,32,1,2005.0,4.0
0,66,17,11,4004,16,33,2019.0,8.0
0,34,17,1,482,44,5,2017.0,3.0
2,66,17,11,3207,57,8,2013.0,10.0
0,66,17,1,390,16,8,2008.0,7.0
0,34,17,11,10508,44,5,2012.0,1.0
0,58,24,11,1639,44,43,2011.0,5.0
0,34,95,11,1993,44,5,2011.0,9.0
0,34,17,0,4859,44,5,2011.0,11.0
1,23,17,0,4478,44,8,2019.0,4.0
3,34,17,11,5675,44,5,2022.0,8.0
0,66,17,1,7252,16,8,2009.0,8.0
0,34,17,11,2478,16,33,2023.0,3.0
0,7,88,1,9734,32,8,2011.0,9.0
0,34,17,11,11279,16,33,2021.0,11.0
0,66,17,11,3523,44,33,2023.0,12.0
0,34,17,11,502,44,5,2020.0,1.0
0,7,17,0,6904,44,8,2019.0,4.0
0,34,17,11,2101,44,5,2011.0,3.0
0,34,95,13,1434,44,5,2016.0,6.0
0,66,17,11,3570,16,33,2022.0,7.0
0,7,1,0,8301,32,43,2013.0,10.0
0,34,17,11,2413,44,5,2014.0,2.0
3,66,17,11,3384,16,33,2022.0,8.0
0,34,17,11,8216,16,33,2012.0,1.0
0,34,17,11,8191,44,5,2014.0,6.0
0,30,24,3,7248,32,1,2008.0,2.0
0,34,17,11,737,44,5,2014.0,9.0
0,34,17,11,2339,44,5,2012.0,10.0
0,61,17,7,4776,16,33,2025.0,7.0
0,34,17,1,2234,44,5,2010.0,10.0
0,7,24,2,8137,32,43,2011.0,10.0
0,34,17,11,2167,44,5,2013.0,12.0
0,34,17,2,6667,44,5,2007.0,7.0
0,58,17,11,3824,44,8,2014.0,8.0
0,66,17,11,4357,44,33,2010.0,8.0
0,34,17,11,6028,44,5,2017.0,1.0
0,66,17,1,381,16,8,2007.0,12.0
2,34,17,11,1367,44,5,2014.0,2.0
3,70,17,11,8076,16,33,2020.0,1.0
0,34,17,11,1858,16,33,2024.0,4.0
0,34,17,11,10536,16,5,2013.0,6.0
0,66,17,11,3463,44,33,2011.0,10.0
0,34,17,11,8146,16,33,2008.0,7.0
0,30,88,2,11309,16,1,2021.0,7.0
0,63,17,11,3907,16,8,2011.0,5.0
0,66,17,11,6143,16,5,2011.0,4.0
0,66,17,11,6224,57,33,2014.0,11.0
0,66,17,1,10734,16,8,2014.0,6.0
0,34,17,11,10526,44,5,2012.0,2.0
0,34,17,11,2351,44,5,2013.0,5.0
0,30,17,3,10384,32,1,2009.0,4.0
0,34,17,11,478,44,5,2017.0,4.0
0,34,17,0,3978,44,5,2021.0,3.0
0,30,24,12,9245,32,1,2008.0,9.0
0,34,17,11,1948,16,33,2022.0,7.0
0,66,17,11,5018,16,33,2023.0,6.0
0,34,17,11,9824,16,43,2007.0,7.0
3,66,17,11,855,16,0,2020.0,9.0
0,30,17,1,7435,32,1,2014.0,5.0
0,66,17,11,6621,44,5,2015.0,11.0
0,34,17,11,7128,16,33,2015.0,6.0
0,34,95,11,478,44,5,2017.0,3.0
0,22,17,11,6099,16,33,2023.0,8.0
0,34,17,11,8267,16,33,2009.0,5.0
0,34,17,11,3667,44,33,2011.0,12.0
2,34,14,11,8838,16,33,2024.0,2.0
0,34,17,1,4077,44,5,2022.0,3.0
0,34,17,1,9938,44,5,2008.0,3.0
0,23,17,1,4544,16,8,2026.0,1.0
0,30,17,1,10857,32,1,2013.0,2.0
0,34,17,11,9099,16,33,2009.0,6.0
3,66,17,11,4318,16,33,2024.0,12.0
0,66,17,11,9746,16,33,2022.0,11.0
3,34,17,11,2083,44,43,2014.0,4.0
0,66,17,11,4722,16,33,2023.0,3.0
0,34,14,11,8994,16,33,2018.0,3.0
0,34,17,11,1333,16,33,2010.0,9.0
0,34,17,11,8866,16,33,2012.0,9.0
0,30,24,12,7246,32,1,2008.0,11.0
0,7,17,11,6109,44,8,2016.0,5.0
0,45,17,11,3877,16,8,2015.0,8.0
0,30,17,1,6887,34,1,2009.0,9.0
0,66,17,0,3837,16,33,2008.0,12.0
0,66,17,11,803,16,5,2010.0,8.0
0,34,17,11,4055,16,33,2023.0,12.0
0,45,17,0,643,16,8,2022.0,11.0
0,34,17,11,5479,16,5,2013.0,4.0
0,30,24,3,7383,32,1,2012.0,2.0
0,66,17,11,1091,16,43,2020.0,7.0
0,34,17,1,6218,16,8,2012.0,10.0
0,34,17,11,2062,44,5,2012.0,7.0
0,34,17,11,10412,16,5,2013.0,12.0
0,34,17,11,3624,44,5,2012.0,2.0
0,34,17,11,2514,16,33,2023.0,4.0
0,70,17,1,8011,16,33,2013.0,7.0
0,30,17,1,7360,32,1,2008.0,11.0
0,34,17,11,1841,57,33,2023.0,2.0
0,34,17,11,10528,44,5,2009.0,10.0
0,30,17,1,7192,32,1,2007.0,9.0
0,34,17,11,484,44,5,2017.0,2.0
0,34,17,11,1137,16,19,2010.0,10.0
0,66,17,11,3332,23,33,2018.0,10.0
0,66,17,1,3167,36,33,2015.0,10.0
0,66,17,11,8106,17,8,2009.0,7.0
0,30,17,1,10576,57,1,2006.0,10.0
3,70,95,12,8459,57,43,2014.0,7.0
0,66,17,11,3350,23,33,2020.0,1.0
0,34,17,11,2057,44,5,2013.0,5.0
0,66,17,11,4718,16,33,2013.0,6.0
0,34,17,11,1129,16,19,2013.0,2.0
0,66,17,11,1475,23,33,2020.0,2.0
0,66,17,11,2026,44,33,2010.0,4.0
0,34,17,11,1836,16,33,2024.0,7.0
0,52,17,11,5819,44,5,2025.0,2.0
0,23,17,1,4541,44,8,2026.0,2.0
0,66,17,11,4442,16,33,2013.0,11.0
0,7,17,1,9709,32,43,2010.0,7.0
0,34,17,11,2756,44,5,2008.0,6.0
0,45,17,0,6122,36,8,2014.0,1.0
3,34,17,11,3691,16,33,2022.0,8.0
0,45,17,11,9307,16,10,2013.0,7.0
2,16,17,2,6787,44,33,2019.0,7.0
0,58,88,11,8153,16,3,2013.0,6.0
0,70,17,13,8000,16,33,2007.0,4.0
0,70,17,12,7968,16,43,2014.0,6.0
0,30,17,1,10107,16,1,2007.0,11.0
0,61,17,11,4013,16,33,2025.0,5.0
0,34,17,11,9819,16,43,2005.0,7.0
0,23,17,1,11088,53,8,2017.0,10.0
0,66,17,11,1034,16,0,2019.0,3.0
2,34,17,11,2924,44,5,2016.0,1.0
0,34,17,11,2289,44,5,2015.0,1.0
0,34,17,11,2394,44,5,2014.0,4.0
3,34,17,11,5933,44,5,2014.0,6.0
0,66,17,1,3506,44,33,2009.0,9.0
0,66,17,11,7279,44,8,2023.0,3.0
0,34,95,11,2976,44,5,2015.0,1.0
0,34,17,11,4203,16,33,2020.0,1.0
0,34,17,1,9424,36,33,2015.0,7.0
0,34,1,1,6830,44,5,2012.0,12.0
2,66,17,0,9177,16,19,2016.0,3.0
0,34,17,11,1145,36,19,2021.0,11.0
0,45,17,1,8644,16,8,2015.0,1.0
0,34,14,11,8918,16,33,2014.0,1.0
0,66,17,11,3202,44,8,2015.0,1.0
0,34,17,11,1936,16,33,2021.0,5.0
0,16,17,0,6844,57,33,2022.0,8.0
0,16,17,11,5583,44,33,2018.0,3.0
0,34,17,11,2954,44,5,2022.0,9.0
0,34,14,11,6055,16,33,2023.0,8.0
0,34,17,11,2553,44,5,2015.0,2.0
3,34,17,11,2311,44,5,2014.0,12.0
0,34,17,11,2645,16,33,2021.0,6.0
0,0,17,11,6130,16,33,2021.0,7.0
0,34,17,11,2065,44,5,2013.0,3.0
0,30,17,1,11143,32,1,2005.0,3.0
3,66,17,11,847,57,0,2020.0,3.0
0,30,24,1,10920,34,1,2011.0,5.0
0,34,17,2,6926,44,5,2006.0,7.0
0,30,24,3,9246,32,1,2008.0,4.0
0,22,17,2,5899,16,33,2025.0,3.0
0,16,17,11,6298,44,33,2017.0,11.0
0,58,17,11,6798,44,8,2012.0,2.0
3,34,17,11,1875,16,33,2021.0,7.0
0,30,17,1,10887,32,1,2011.0,1.0
0,13,88,12,9260,32,43,2007.0,12.0
0,34,17,11,9455,44,5,2007.0,2.0
0,66,17,11,4325,17,33,2015.0,2.0
0,7,17,1,10127,36,8,2019.0,11.0
0,34,17,11,2926,44,5,2016.0,9.0
0,34,17,11,11201,16,33,2017.0,7.0
0,34,17,11,3682,16,33,2009.0,7.0
0,66,17,0,4273,16,33,2008.0,8.0
0,34,17,11,362,44,33,2024.0,7.0
0,66,21,11,3969,44,33,2023.0,8.0
0,66,17,11,4261,44,33,2023.0,10.0
0,30,17,1,9905,32,1,2006.0,12.0
0,34,17,11,5419,44,5,2011.0,11.0
0,48,17,11,8581,44,8,2022.0,5.0
0,70,17,1,9248,32,33,2008.0,2.0
0,30,24,1,7891,32,1,2013.0,3.0
0,66,17,11,5020,36,5,2014.0,4.0
0,34,95,11,8229,16,33,2018.0,7.0
0,34,17,2,9685,16,43,2005.0,4.0
0,34,17,11,5486,16,5,2011.0,10.0
0,66,17,11,9532,16,33,2010.0,8.0
0,66,17,11,547,36,5,2018.0,6.0
0,34,17,11,10482,16,5,2015.0,11.0
0,7,17,13,1830,44,8,2009.0,3.0
0,34,17,11,3642,44,5,2010.0,8.0
0,34,17,11,502,44,5,2018.0,12.0
3,34,17,11,2380,44,5,2014.0,6.0
0,34,17,11,2212,44,5,2011.0,8.0
0,30,17,1,10888,32,1,2010.0,12.0
0,66,17,11,8817,16,33,2023.0,11.0
0,34,17,11,2129,44,5,2015.0,3.0
0,34,17,11,2904,44,43,2013.0,7.0
0,34,17,11,4018,16,33,2023.0,5.0
0,66,17,0,811,16,33,2008.0,1.0
2,34,17,11,2998,44,43,2018.0,8.0
0,30,17,1,10987,32,1,2005.0,10.0
0,34,14,11,9503,16,33,2022.0,2.0
2,66,17,12,3189,25,33,2016.0,6.0
0,34,17,11,4108,16,43,2005.0,4.0
3,66,95,11,556,44,5,2015.0,6.0
0,23,17,0,1675,44,8,2017.0,12.0
0,34,17,0,6283,16,19,2013.0,6.0
0,7,17,0,11013,44,8,2010.0,4.0
0,22,17,1,6069,16,33,2025.0,10.0
0,7,17,0,9708,32,43,2010.0,8.0
0,30,17,0,7836,32,1,2010.0,5.0
0,34,17,12,8455,16,43,2007.0,6.0
0,66,17,11,557,44,5,2014.0,12.0
0,30,24,12,10369,57,1,2008.0,11.0
0,16,17,11,6786,57,33,2022.0,1.0
0,7,17,0,10142,44,33,2012.0,5.0
0,30,17,1,23,32,1,2008.0,9.0
0,66,1,11,675,16,8,2007.0,8.0
0,45,17,11,7260,53,8,2015.0,3.0
0,12,17,11,5621,44,43,2022.0,10.0
0,34,17,11,5486,16,5,2011.0,10.0
0,72,17,11,8774,36,33,2021.0,6.0
0,30,17,1,10703,32,1,2018.0,5.0
0,34,17,1,8812,44,5,2011.0,1.0
0,66,17,11,4438,16,33,2023.0,2.0
0,34,17,11,2045,44,5,2012.0,6.0
0,34,17,2,6815,44,5,2017.0,1.0
0,34,17,11,2299,44,5,2014.0,8.0
0,66,17,11,4430,44,33,2023.0,11.0
0,66,17,0,256,44,33,2011.0,8.0
0,66,17,11,7746,16,0,2012.0,5.0
0,66,17,11,10739,57,8,2013.0,5.0
0,34,88,1,7617,16,33,2015.0,2.0
0,38,17,11,1689,44,8,2023.0,6.0
0,66,17,1,6017,36,5,2017.0,6.0
0,34,17,11,4101,16,33,2023.0,7.0
0,66,17,0,4274,44,33,2008.0,7.0
0,7,17,3,8410,32,43,2010.0,5.0
3,66,17,7,6711,6,33,2014.0,8.0
0,30,17,1,7553,32,1,2021.0,6.0
0,66,17,12,6175,16,33,2010.0,6.0
3,22,17,11,6048,16,33,2024.0,1.0
0,66,17,11,801,44,33,2009.0,6.0
0,34,17,11,10925,16,43,2005.0,8.0
0,66,17,0,8573,44,8,2007.0,10.0
0,34,17,1,1431,44,5,2016.0,2.0
0,66,95,11,955,16,5,2015.0,8.0
0,7,17,3,7904,32,43,2011.0,11.0
0,66,17,11,9165,16,8,2011.0,1.0
0,66,17,11,4866,16,33,2018.0,11.0
0,0,17,2,9521,16,19,2020.0,6.0
0,34,17,12,2405,44,43,2007.0,7.0
0,34,17,11,4100,16,33,2018.0,11.0
0,34,17,11,2867,44,5,2014.0,10.0
0,66,17,11,10215,44,5,2014.0,10.0
3,34,17,11,2802,44,5,2014.0,4.0
0,30,95,3,18,32,1,2009.0,1.0
0,30,17,1,6651,32,1,2020.0,7.0
0,7,17,0,6934,32,43,2009.0,12.0
0,34,17,11,3738,16,33,2011.0,8.0
0,34,17,11,2918,44,5,2015.0,12.0
0,30,17,13,10876,32,1,2025.0,3.0
2,66,17,11,6222,16,33,2016.0,7.0
0,34,1,11,10438,16,5,2012.0,5.0
0,23,17,1,8101,16,8,2026.0,5.0
0,34,14,11,5760,16,5,2022.0,12.0
0,30,24,1,9868,32,1,2021.0,10.0
0,30,88,13,9515,32,1,2006.0,11.0
3,34,17,11,2858,44,5,2014.0,5.0
0,58,17,0,9171,16,25,2017.0,3.0
0,61,17,1,5520,36,8,2025.0,2.0
0,63,17,0,10188,53,8,2018.0,9.0
0,34,17,11,2878,44,5,2008.0,4.0
0,66,17,11,10568,44,5,2015.0,10.0
0,66,17,1,7584,32,8,2012.0,8.0
0,7,17,0,8379,32,43,2007.0,5.0
0,34,17,11,114,44,5,2010.0,5.0
0,7,17,11,2639,44,8,2023.0,8.0
0,30,66,0,11171,32,1,2015.0,3.0
0,34,17,11,5174,16,43,2017.0,6.0
0,34,17,11,10673,16,33,2016.0,3.0
0,66,17,11,8090,57,8,2012.0,1.0
0,7,17,1,8375,32,43,2009.0,5.0
0,66,17,11,1311,16,33,2021.0,12.0
0,34,17,11,5071,16,8,2021.0,9.0
0,66,17,11,1766,23,33,2024.0,7.0
0,7,17,0,8345,32,43,2008.0,2.0
0,34,21,11,2938,44,5,2023.0,2.0
0,34,17,11,2886,57,5,2013.0,12.0
0,34,7,11,5264,44,5,2022.0,12.0
0,34,17,11,3709,16,33,2010.0,3.0
0,34,17,11,5948,44,5,2009.0,3.0
0,66,17,11,8163,39,5,2014.0,11.0
0,34,17,11,9664,16,43,2006.0,10.0
0,34,17,11,485,57,5,2013.0,12.0
0,66,17,0,10391,16,8,2009.0,12.0
0,22,17,11,6034,16,33,2025.0,11.0
0,34,17,11,11197,44,5,2014.0,12.0
0,34,17,3,7516,34,43,2007.0,11.0
3,23,17,1,1054,44,8,2022.0,9.0
0,34,17,11,283,16,33,2009.0,1.0
0,30,17,1,6423,32,1,2005.0,7.0
0,34,17,11,2886,44,5,2013.0,12.0
0,66,17,11,10165,44,33,2015.0,7.0
0,30,17,13,7481,32,1,2018.0,6.0
0,34,95,11,3001,44,5,2014.0,11.0
0,66,17,11,6169,16,8,2010.0,12.0
0,66,17,0,6750,44,33,2011.0,7.0
0,7,17,2,6111,44,8,2020.0,10.0
3,34,17,11,8441,16,33,2014.0,5.0
0,66,17,11,4234,16,33,2012.0,8.0
0,30,24,1,10900,34,1,2009.0,12.0
0,34,17,11,1940,16,33,2022.0,11.0
0,58,17,12,8063,57,43,2011.0,11.0
0,61,17,11,1821,57,33,2026.0,3.0
0,66,17,11,3561,44,33,2012.0,6.0
0,34,17,11,519,44,5,2018.0,7.0
0,34,17,1,8222,16,33,2010.0,9.0
0,34,17,11,2391,44,5,2014.0,3.0
0,66,17,11,3361,42,33,2019.0,2.0
0,36,17,11,729,25,8,2019.0,10.0
0,66,17,11,4431,44,33,2015.0,3.0
0,30,17,13,10351,32,1,2012.0,8.0
0,66,17,0,10565,57,5,2017.0,7.0
0,30,17,0,10816,32,1,2009.0,11.0
0,34,17,11,11240,57,8,2007.0,3.0
0,52,17,11,4845,16,33,2025.0,1.0
0,45,17,1,8645,16,8,2014.0,10.0
0,66,17,11,4681,57,33,2013.0,12.0
0,30,17,1,7382,32,1,2014.0,3.0
0,66,17,0,6171,28,8,2014.0,9.0
0,61,17,11,5292,36,33,2025.0,6.0
0,7,17,1,8429,32,43,2007.0,2.0
0,34,17,1,8766,16,33,2013.0,6.0
0,7,17,11,8322,44,43,2008.0,10.0
0,66,17,11,3601,44,33,2012.0,5.0
0,66,17,1,9546,16,8,2007.0,12.0
0,34,17,11,3063,6,43,2013.0,12.0
0,34,17,11,7014,16,33,2019.0,10.0
0,34,14,1,5736,16,5,2020.0,2.0
0,45,17,11,8577,44,10,2011.0,12.0
0,30,17,1,10815,32,1,2009.0,3.0
0,34,17,11,431,16,33,2023.0,10.0
0,34,1,0,9010,16,33,2009.0,10.0
0,66,17,11,4759,16,33,2023.0,6.0
0,66,14,1,5767,36,8,2019.0,11.0
0,34,17,11,1337,44,5,2010.0,8.0
0,7,17,0,4205,16,43,2006.0,10.0
0,30,17,1,10820,32,43,2026.0,3.0
0,23,17,1,11047,44,8,2023.0,7.0
0,34,17,11,2954,44,5,2018.0,7.0
0,34,17,11,2065,44,5,2013.0,10.0
2,66,17,11,1492,16,43,2020.0,12.0
0,34,17,11,3016,44,5,2014.0,9.0
0,0,17,2,6487,16,43,2008.0,12.0
0,34,17,11,2268,44,5,2012.0,10.0
0,7,17,3,8371,32,43,2013.0,5.0
0,34,17,11,5674,44,5,2022.0,3.0
0,34,17,11,2707,16,33,2022.0,11.0
0,34,17,11,3786,16,33,2024.0,9.0
0,34,17,1,6811,44,5,2009.0,12.0
0,34,17,11,2651,16,33,2023.0,1.0
0,22,17,11,6026,16,33,2025.0,6.0
0,66,17,1,3274,16,8,2009.0,9.0
0,70,12,3,9279,16,33,2013.0,5.0
0,34,17,11,5759,16,5,2022.0,6.0
0,66,17,11,818,17,5,2014.0,6.0
0,30,17,1,7551,32,1,2014.0,2.0
0,34,17,11,2651,16,33,2023.0,1.0
0,66,17,11,7801,16,8,2009.0,4.0
0,34,17,11,8794,16,33,2012.0,3.0
3,34,17,1,1217,44,43,2015.0,7.0
0,66,17,11,3168,36,33,2024.0,11.0
0,30,24,3,8,32,1,2009.0,3.0
0,45,21,11,5117,16,8,2023.0,2.0
0,30,17,0,6652,32,1,2014.0,3.0
0,66,17,11,881,16,0,2013.0,9.0
0,34,17,11,2212,44,5,2011.0,11.0
0,66,17,11,925,16,8,2012.0,3.0
0,66,17,11,5892,16,33,2012.0,3.0
0,30,24,3,10389,32,1,2014.0,3.0
0,34,17,11,7122,16,33,2013.0,3.0
0,66,17,0,11134,44,8,2011.0,8.0
0,34,17,11,10426,16,5,2012.0,5.0
0,34,17,11,213,44,5,2019.0,5.0
0,34,17,11,2073,44,5,2011.0,12.0
3,34,17,11,1856,16,33,2022.0,8.0
3,16,17,2,6787,44,33,2019.0,7.0
0,34,17,11,5404,44,5,2024.0,5.0
0,34,17,11,1442,44,5,2021.0,9.0
0,72,17,2,7202,32,43,2020.0,8.0
0,34,17,11,5308,28,8,2007.0,8.0
0,34,17,11,2674,57,33,2023.0,4.0
0,30,17,0,7483,32,1,2019.0,5.0
0,7,17,11,8309,44,8,2010.0,8.0
3,34,14,11,9403,16,33,2022.0,4.0
0,34,17,11,2324,44,5,2016.0,8.0
0,30,24,3,7,32,1,2011.0,1.0
0,34,17,11,2088,44,5,2011.0,6.0
0,34,1,11,8227,16,33,2012.0,5.0
0,45,17,11,4390,44,8,2014.0,3.0
0,34,95,11,5387,44,5,2015.0,3.0
0,34,17,1,194,44,5,2011.0,2.0
0,66,17,11,1003,16,8,2007.0,10.0
0,30,17,12,7878,32,1,2010.0,2.0
0,34,17,11,2530,16,33,2023.0,2.0
0,34,17,11,2746,44,5,2022.0,5.0
2,34,17,11,2725,44,43,2013.0,11.0
0,7,17,1,7632,57,43,2011.0,2.0
2,34,17,11,2418,44,5,2015.0,11.0
0,34,17,11,1170,44,5,2010.0,4.0
2,34,17,11,164,44,33,2015.0,12.0
0,34,17,11,1220,44,5,2010.0,3.0
0,66,1,11,10717,44,8,2009.0,4.0
0,30,17,1,9988,16,1,2005.0,4.0
0,37,17,11,6764,44,33,2025.0,6.0
0,34,17,11,2777,44,5,2008.0,4.0
0,30,17,0,9999,16,1,2019.0,6.0
0,30,17,0,10961,32,1,2008.0,8.0
0,34,17,11,1203,44,5,2007.0,2.0
0,34,14,11,4789,16,33,2024.0,7.0
0,34,17,11,1454,44,5,2023.0,3.0
3,34,17,11,2824,44,5,2014.0,5.0
0,66,17,11,10231,6,8,2006.0,2.0
0,23,17,0,4545,44,8,2023.0,5.0
0,34,17,11,2063,44,5,2012.0,8.0
3,66,17,11,4444,16,33,2015.0,6.0
0,30,17,1,11175,32,1,2007.0,3.0
0,34,17,13,6585,16,43,2006.0,11.0
0,34,17,11,7120,16,33,2013.0,11.0
0,7,95,13,6824,36,8,2019.0,6.0
0,34,17,11,9078,16,33,2008.0,4.0
0,66,17,11,1595,44,5,2013.0,12.0
0,34,17,11,10472,16,5,2013.0,2.0
0,34,17,11,313,16,33,2012.0,11.0
3,23,17,1,8095,23,8,2020.0,7.0
0,34,17,11,1132,16,19,2007.0,8.0
0,36,17,11,8681,44,8,2019.0,11.0
0,30,24,3,7877,32,1,2009.0,8.0
0,34,17,11,2249,44,5,2011.0,3.0
0,34,17,12,2431,44,43,2007.0,2.0
0,70,17,11,7999,23,33,2023.0,2.0
3,34,17,11,2493,44,5,2014.0,9.0
0,34,17,11,2062,44,5,2013.0,12.0
3,34,17,11,8947,16,33,2014.0,3.0
0,34,17,0,4945,16,33,2012.0,2.0
0,23,17,11,4163,16,8,2017.0,6.0
0,66,17,12,8107,16,8,2011.0,12.0
0,34,17,11,4073,44,5,2018.0,8.0
0,66,17,11,4270,16,33,2024.0,10.0
0,23,17,0,4475,44,8,2022.0,10.0
0,34,17,11,2722,44,5,2013.0,11.0
0,22,17,11,5911,16,33,2025.0,8.0
0,66,17,11,3975,16,33,2013.0,12.0
0,66,95,7,7286,16,5,2015.0,9.0
0,66,17,11,238,44,5,2010.0,5.0
0,66,17,11,4295,16,33,2013.0,12.0
0,34,17,11,2215,44,5,2009.0,12.0
0,66,17,0,4537,44,8,2012.0,12.0
0,16,17,11,6741,44,33,2023.0,2.0
0,34,17,11,2374,44,5,2014.0,4.0
0,66,17,11,3456,16,33,2024.0,4.0
3,66,17,11,4177,44,33,2012.0,6.0
0,34,14,11,5406,44,5,2024.0,7.0
0,36,17,3,8683,25,8,2014.0,6.0
0,34,17,11,7152,16,33,2019.0,9.0
0,34,17,11,2197,44,5,2019.0,12.0
0,7,17,11,10131,44,8,2016.0,7.0
0,31,17,11,1081,36,8,2017.0,6.0
2,34,17,11,2370,44,5,2024.0,6.0
0,30,24,12,7577,16,1,2008.0,5.0
0,30,24,12,7902,32,1,2007.0,10.0
2,52,14,11,629,16,33,2025.0,3.0
0,34,17,0,2225,44,5,2007.0,9.0
0,66,17,11,9536,16,33,2009.0,6.0
0,66,17,11,305,36,5,2024.0,2.0
0,34,17,11,2458,44,5,2014.0,1.0
0,66,17,11,6581,57,43,2014.0,4.0
0,34,14,0,8226,16,33,2012.0,4.0
0,66,17,11,1764,16,33,2008.0,5.0
0,34,17,11,5664,44,5,2018.0,11.0
0,34,95,11,404,44,43,2015.0,2.0
0,7,17,13,11019,44,8,2008.0,8.0
0,34,17,11,11240,16,8,2007.0,5.0
0,22,17,0,8830,16,33,2024.0,7.0
0,30,24,12,7538,32,1,2008.0,12.0
0,34,17,11,1842,16,33,2023.0,2.0
0,34,17,12,5474,44,43,2007.0,2.0
0,34,17,11,9665,16,43,2007.0,10.0
0,34,14,11,5156,36,33,2016.0,10.0
0,30,17,12,10111,16,1,2008.0,2.0
0,30,42,3,8437,32,1,2019.0,3.0
0,34,17,1,5950,44,5,2008.0,12.0
0,23,17,0,4485,16,8,2021.0,1.0
0,34,17,0,9596,16,43,2006.0,6.0
3,34,17,11,9823,16,33,2014.0,12.0
0,30,24,12,3111,32,1,2008.0,4.0
0,30,24,13,5228,32,1,2008.0,11.0
0,66,17,11,4000,16,33,2019.0,8.0
0,66,88,2,11084,16,8,2006.0,9.0
0,45,17,11,693,16,8,2016.0,2.0
0,34,17,11,4986,16,33,2023.0,8.0
0,7,17,12,8333,57,43,2011.0,7.0
0,66,17,1,6751,44,33,2008.0,10.0
0,34,17,11,7302,16,43,2019.0,7.0
0,45,95,11,7873,16,0,2023.0,5.0
0,34,17,11,2926,44,5,2016.0,1.0
0,34,17,11,779,44,5,2015.0,11.0
0,34,17,11,2342,44,5,2014.0,1.0
3,34,95,11,5263,44,43,2015.0,5.0
0,34,17,11,2435,57,5,2023.0,9.0
0,30,17,1,10779,32,1,2017.0,8.0
0,34,17,11,2388,44,5,2014.0,3.0
0,30,17,2,10022,16,1,2006.0,7.0
2,61,17,11,5724,44,5,2026.0,5.0
0,30,17,3,7616,32,1,2007.0,11.0
0,66,17,11,1254,16,5,2019.0,5.0
0,34,17,11,161,44,5,2016.0,1.0
0,34,17,11,2924,44,5,2016.0,1.0
0,65,17,13,6702,32,43,2016.0,8.0
0,23,17,2,7568,16,8,2022.0,10.0
0,66,17,1,235,44,5,2007.0,11.0
0,66,17,11,3868,16,33,2014.0,3.0
0,66,17,11,7866,16,0,2019.0,9.0
0,23,17,1,4526,44,8,2018.0,6.0
0,66,17,11,3151,36,33,2018.0,4.0
0,66,17,1,6595,34,8,2011.0,5.0
0,0,17,11,9526,44,19,2013.0,3.0
0,34,17,11,3698,23,33,2018.0,9.0
0,30,17,2,7880,16,1,2006.0,5.0
0,66,17,1,391,25,8,2008.0,6.0
0,66,17,11,1050,16,0,2018.0,8.0
0,34,17,11,2723,57,43,2013.0,11.0
0,34,17,11,2524,36,33,2019.0,8.0
0,66,17,11,1512,16,33,2022.0,8.0
0,45,17,11,11105,16,0,2023.0,5.0
0,66,17,11,3119,16,8,2016.0,12.0
0,34,17,11,5262,44,5,2024.0,11.0
0,30,24,0,8727,32,1,2012.0,1.0
0,34,17,11,1206,44,43,2024.0,8.0
0,7,17,0,5642,44,8,2021.0,3.0
0,7,17,0,9701,32,43,2009.0,6.0
0,34,17,0,5553,16,8,2016.0,9.0
0,66,17,11,1765,16,33,2021.0,6.0
0,66,17,11,3216,44,8,2014.0,2.0
0,7,17,2,1078,44,8,2020.0,1.0
0,38,17,11,5064,36,10,2024.0,1.0
0,70,17,1,318,16,33,2009.0,7.0
0,52,17,11,3105,44,5,2024.0,12.0
0,34,17,11,3783,23,33,2021.0,6.0
0,45,17,0,6124,57,8,2014.0,2.0
0,30,24,0,11157,32,1,2023.0,8.0
0,34,17,1,1433,44,5,2015.0,12.0
0,34,14,11,9812,16,33,2022.0,9.0
0,34,17,11,1869,16,33,2021.0,4.0
0,23,17,0,4471,36,8,2022.0,2.0
0,30,16,12,10118,34,1,2008.0,3.0
0,34,17,1,9365,16,33,2011.0,5.0
0,30,17,3,7877,32,1,2009.0,8.0
3,70,17,11,11233,16,33,2015.0,5.0
0,66,21,11,8556,16,33,2023.0,5.0
0,34,14,11,9005,16,33,2021.0,8.0
0,66,17,11,4690,16,33,2012.0,8.0
0,63,17,1,3949,36,8,2023.0,7.0
0,34,17,11,2744,44,5,2013.0,6.0
0,30,17,1,10769,32,1,2015.0,6.0
0,66,17,1,6684,6,33,2017.0,7.0
0,38,17,11,10123,16,8,2025.0,6.0
0,22,17,11,8722,16,33,2023.0,12.0
3,34,95,11,2469,44,5,2014.0,5.0
0,66,17,11,1474,16,33,2018.0,8.0
0,34,17,11,1116,16,33,2023.0,8.0
2,34,14,11,8888,16,33,2018.0,5.0
0,34,17,11,2991,44,5,2014.0,2.0
0,34,17,0,10510,44,5,2008.0,2.0
0,38,17,11,5118,16,8,2024.0,1.0
0,30,17,0,10998,57,1,2025.0,10.0
0,34,17,11,2249,16,5,2012.0,2.0
0,34,17,11,4079,44,5,2022.0,8.0
0,30,66,1,10992,32,1,2015.0,3.0
0,45,17,11,8614,36,8,2014.0,5.0
0,34,17,11,10475,16,5,2012.0,7.0
0,34,17,1,2225,44,5,2010.0,10.0
0,22,17,11,6039,16,33,2024.0,3.0
0,7,17,3,6973,44,43,2008.0,12.0
0,34,17,2,9492,16,33,2007.0,12.0
0,66,17,11,10537,44,8,2011.0,3.0
0,30,17,1,10058,57,1,2018.0,5.0
0,30,17,1,6471,32,1,2024.0,4.0
3,66,17,11,3427,16,33,2021.0,7.0
0,30,17,1,10077,16,1,2008.0,7.0
0,34,17,11,3626,44,5,2012.0,5.0
0,66,17,11,7753,16,33,2017.0,4.0
0,30,24,1,10896,32,1,2011.0,7.0
0,34,17,3,6717,44,43,2007.0,12.0
0,7,17,1,7658,57,43,2015.0,4.0
0,34,17,11,1934,16,33,2023.0,3.0
0,23,17,1,5705,16,8,2022.0,5.0
0,34,17,11,5305,44,43,2007.0,7.0
0,23,17,1,1648,36,8,2024.0,8.0
0,34,17,11,3802,44,43,2005.0,11.0
0,23,17,11,4502,44,8,2022.0,9.0
0,45,17,11,10725,16,8,2018.0,11.0
0,38,17,11,8537,44,8,2024.0,9.0
0,30,24,12,10387,32,1,2008.0,5.0
0,7,17,11,7273,44,8,2017.0,1.0
0,34,17,11,1540,44,5,2024.0,12.0
0,13,24,12,7507,57,43,2008.0,2.0
0,34,17,11,8208,16,33,2012.0,1.0
0,34,17,11,9497,44,5,2007.0,4.0
0,34,17,11,2077,44,5,2012.0,4.0
0,30,17,2,9514,32,1,2005.0,8.0
0,30,24,3,10634,32,1,2012.0,5.0
0,30,24,1,11003,32,1,2009.0,7.0
0,65,17,12,6701,32,43,2013.0,7.0
0,34,17,11,508,44,5,2014.0,7.0
0,66,17,11,840,16,43,2017.0,7.0
0,34,17,11,10412,16,5,2013.0,12.0
0,52,17,11,2528,16,33,2024.0,10.0
0,66,17,7,5066,57,43,2017.0,7.0
0,16,17,11,6234,44,33,2016.0,10.0
0,34,17,2,8958,16,33,2009.0,10.0
2,34,14,11,8905,16,43,2016.0,9.0
0,7,17,0,1677,44,8,2023.0,11.0
0,34,17,11,7303,36,33,2022.0,10.0
0,7,17,2,6803,44,8,2021.0,3.0
3,66,17,11,5872,16,0,2019.0,11.0
0,66,17,11,3341,16,33,2018.0,7.0
0,34,17,11,2808,44,5,2013.0,11.0
3,66,17,11,1237,16,33,2019.0,6.0
0,34,17,11,1180,44,5,2009.0,9.0
0,30,17,1,7437,32,1,2019.0,10.0
0,34,17,11,9444,16,33,2012.0,9.0
0,34,17,0,1181,44,5,2009.0,10.0
0,34,17,11,2417,44,5,2014.0,1.0
0,30,24,12,10341,16,1,2009.0,7.0
0,66,17,11,5022,16,33,2023.0,6.0
0,7,12,12,6963,44,43,2007.0,2.0
0,66,17,12,10746,44,8,2008.0,2.0
0,34,19,11,8263,16,43,2016.0,2.0
0,66,17,11,1476,23,33,2020.0,2.0
0,7,17,12,6520,44,43,2010.0,9.0
3,34,14,1,8848,36,33,2014.0,12.0
3,34,17,11,1886,16,33,2022.0,8.0
3,66,17,11,2605,16,33,2014.0,10.0
0,34,17,11,338,16,33,2016.0,11.0
0,60,17,11,9949,16,8,2016.0,5.0
0,34,17,11,4864,16,33,2009.0,8.0
0,61,17,0,8697,44,5,2024.0,12.0
0,31,17,11,8272,16,8,2023.0,2.0
0,34,17,11,4107,44,43,2013.0,7.0
0,34,17,1,7167,16,33,2010.0,7.0
0,30,24,3,51,32,1,2009.0,4.0
0,34,17,11,5559,44,5,2008.0,7.0
0,63,17,1,9680,32,1,2026.0,5.0
0,7,17,11,9222,44,8,2022.0,8.0
0,34,17,11,6448,16,43,2007.0,2.0
0,7,17,0,6807,44,8,2025.0,4.0
0,66,17,11,647,16,8,2011.0,11.0
3,34,17,11,73,36,33,2022.0,11.0
0,16,17,11,6472,44,33,2019.0,4.0
0,61,17,11,5588,36,5,2026.0,5.0
0,34,17,11,1861,16,33,2023.0,3.0
0,22,17,11,5789,16,33,2024.0,4.0
0,7,17,0,6931,16,43,2006.0,5.0
0,34,14,1,6832,44,5,2014.0,3.0
0,34,17,11,2292,44,5,2021.0,7.0
2,34,17,0,10406,16,5,2009.0,1.0
0,34,17,11,1110,16,19,2018.0,7.0
0,30,24,12,10908,32,1,2010.0,1.0
0,45,17,11,9318,44,8,2013.0,6.0
0,34,95,11,1456,44,5,2014.0,8.0
0,34,17,11,342,36,33,2019.0,5.0
0,66,17,1,8689,44,5,2020.0,3.0
0,34,14,11,5734,16,5,2022.0,4.0
0,46,17,11,3977,25,33,2024.0,11.0
0,66,17,11,3477,16,8,2007.0,1.0
0,66,17,3,974,16,0,2019.0,4.0
0,66,17,0,5253,25,33,2013.0,11.0
0,34,17,1,1148,16,19,2023.0,3.0
0,7,17,11,957,44,32,2023.0,6.0
0,66,17,11,1326,16,33,2019.0,11.0
0,52,17,11,361,16,33,2024.0,10.0
3,66,17,11,3520,52,43,2014.0,11.0
0,7,17,1,8383,32,43,2006.0,7.0
0,34,14,11,782,16,33,2023.0,9.0
0,34,17,11,5661,44,5,2020.0,11.0
0,63,17,0,9554,44,8,2022.0,7.0
0,34,17,11,2062,44,5,2012.0,5.0
2,66,17,3,11096,16,43,2020.0,1.0
0,37,17,11,6881,57,33,2026.0,2.0
0,66,17,11,1473,44,5,2007.0,1.0
2,34,17,11,5195,44,5,2015.0,9.0
3,61,17,1,4828,44,5,2025.0,4.0
0,34,17,11,4193,16,33,2022.0,12.0
0,66,95,11,244,44,5,2009.0,3.0
0,66,17,11,5210,23,33,2018.0,11.0
0,52,17,11,6075,44,5,2025.0,9.0
0,7,17,12,10354,32,43,2008.0,6.0
0,34,17,11,1208,44,5,2016.0,2.0
0,45,17,11,8637,44,10,2018.0,5.0
0,45,17,11,1650,44,8,2023.0,6.0
0,13,17,2,7501,32,32,2026.0,2.0
0,7,17,11,6107,44,8,2017.0,3.0
0,30,24,1,9893,32,1,2007.0,7.0
0,7,17,0,11119,32,43,2009.0,8.0
0,66,17,0,4279,44,33,2009.0,6.0
0,34,17,11,2772,44,5,2008.0,4.0
0,45,17,11,7259,16,8,2013.0,7.0
0,66,17,11,849,16,0,2019.0,4.0
0,34,14,11,683,16,33,2024.0,3.0
0,30,95,1,11023,32,1,2019.0,3.0
0,34,17,11,2089,44,5,2013.0,10.0
0,34,17,11,2724,44,5,2016.0,10.0
0,34,17,12,2491,44,5,2013.0,11.0
0,34,12,1,9465,16,33,2014.0,6.0
0,34,17,11,2536,16,33,2022.0,9.0
0,34,17,11,2311,44,5,2016.0,7.0
0,34,17,11,1441,44,5,2022.0,6.0
0,34,21,11,2442,44,5,2024.0,9.0
0,66,17,11,935,16,19,2010.0,8.0
0,34,17,11,2905,44,5,2015.0,12.0
0,7,17,0,8341,32,43,2008.0,8.0
0,34,17,11,1441,44,5,2022.0,7.0
0,7,88,3,7515,34,43,2012.0,8.0
0,58,17,11,7792,16,43,2012.0,2.0
0,34,17,11,2115,44,5,2013.0,1.0
0,58,17,13,8061,16,15,2010.0,9.0
0,23,17,11,4379,44,8,2019.0,2.0
0,34,17,11,2255,44,5,2007.0,2.0
0,45,17,3,8662,16,10,2012.0,4.0
0,30,24,3,47,32,1,2009.0,4.0
0,34,14,11,9807,44,33,2022.0,5.0
0,34,17,11,7129,16,33,2015.0,6.0
0,66,17,11,4119,44,8,2018.0,2.0
0,30,95,13,7447,32,1,2024.0,8.0
0,34,17,11,5670,44,5,2023.0,8.0
0,34,17,11,11222,16,33,2022.0,8.0
0,34,17,11,3787,16,33,2022.0,6.0
0,34,17,11,160,44,5,2011.0,10.0
0,58,17,11,3450,44,8,2012.0,11.0
2,34,17,11,3018,44,5,2014.0,5.0
0,34,17,11,2905,44,5,2016.0,3.0
0,34,17,1,6468,16,43,2005.0,7.0
0,7,17,3,7291,32,8,2011.0,8.0
0,66,17,11,9151,44,8,2006.0,7.0
0,30,17,2,7384,32,1,2008.0,11.0
3,34,17,11,6203,16,33,2014.0,7.0
0,34,24,11,2460,44,5,2013.0,5.0
3,34,17,11,2132,44,5,2014.0,1.0
0,34,14,11,9092,16,33,2018.0,6.0
0,66,17,11,7747,16,33,2011.0,6.0
0,66,17,11,3505,44,33,2013.0,4.0
0,34,17,11,3739,16,33,2010.0,1.0
0,66,17,1,8131,44,33,2007.0,7.0
0,66,1,1,382,16,8,2007.0,12.0
0,23,17,0,4532,44,8,2017.0,5.0
0,34,17,11,2666,16,33,2023.0,4.0
0,34,17,1,9626,16,43,2005.0,11.0
0,37,17,11,11104,36,33,2026.0,4.0
0,34,14,0,9639,16,33,2021.0,7.0
0,13,17,2,7497,32,32,2026.0,2.0
0,30,24,12,1546,32,1,2008.0,7.0
3,66,17,11,4016,16,33,2024.0,7.0
0,22,17,11,5006,16,33,2025.0,8.0
0,30,17,1,11164,32,1,2009.0,9.0
0,4,17,11,9573,44,43,2018.0,10.0
0,66,17,11,1363,36,33,2024.0,10.0
0,30,17,1,7468,32,1,2005.0,8.0
0,34,17,11,4850,16,33,2023.0,11.0
0,34,17,11,502,44,5,2019.0,3.0
0,52,14,11,4974,16,33,2025.0,9.0
0,34,17,11,3755,44,33,2011.0,3.0
0,34,17,11,7155,16,33,2009.0,2.0
0,66,17,11,322,16,8,2008.0,5.0
0,66,17,0,10675,16,33,2011.0,3.0
0,66,17,11,1577,16,19,2024.0,10.0
0,23,17,11,4150,16,8,2022.0,8.0
0,34,17,1,9345,16,33,2008.0,6.0
0,30,17,1,10649,32,1,2018.0,9.0
0,66,17,11,2026,44,33,2010.0,4.0
0,34,17,11,1454,44,5,2022.0,9.0
0,66,17,11,1763,16,33,2008.0,2.0
0,34,17,11,2445,44,5,2024.0,4.0
0,34,14,11,9648,16,33,2021.0,8.0
0,34,17,11,8902,16,33,2018.0,8.0
0,23,17,0,4538,44,8,2023.0,2.0
0,66,17,11,6240,44,33,2014.0,11.0
0,34,17,11,2145,44,5,2007.0,9.0
0,23,17,11,6432,16,8,2017.0,4.0
0,66,17,11,11091,16,8,2009.0,3.0
0,34,17,11,2212,44,5,2011.0,8.0
0,63,17,1,3320,44,8,2023.0,8.0
0,66,17,0,1461,16,5,2019.0,7.0
0,34,17,11,2212,44,5,2011.0,1.0
0,34,17,11,2035,44,5,2014.0,1.0
0,45,17,11,8619,44,8,2016.0,10.0
0,34,14,11,9285,16,33,2018.0,3.0
0,22,17,11,5960,16,33,2024.0,4.0
0,66,95,11,5836,16,8,2007.0,11.0
0,34,17,11,2099,44,5,2011.0,6.0
0,30,17,7,6514,32,1,2018.0,7.0
0,66,17,11,397,6,8,2008.0,7.0
0,34,14,11,5727,16,5,2019.0,12.0
3,34,17,11,415,44,43,2014.0,6.0
0,34,17,11,8825,16,33,2009.0,12.0
0,7,17,1,9779,44,8,2010.0,9.0
0,34,17,11,3669,16,33,2010.0,2.0
0,34,17,11,10524,44,5,2021.0,5.0
2,66,17,11,11195,16,33,2015.0,5.0
0,66,17,11,1324,16,33,2020.0,7.0
0,30,17,2,7473,32,1,2019.0,8.0
0,30,17,1,9996,34,1,2009.0,10.0
0,34,17,1,8946,16,33,2015.0,12.0
0,34,17,11,7132,16,33,2015.0,6.0
0,34,17,11,4831,16,33,2018.0,9.0
0,66,17,11,8551,16,33,2024.0,6.0
0,34,17,11,4033,16,33,2023.0,5.0
0,61,17,0,6011,44,33,2025.0,7.0
0,66,17,0,1696,44,8,2011.0,8.0
0,34,17,11,2183,44,5,2013.0,11.0
0,34,17,11,4922,16,33,2011.0,10.0
0,34,17,11,2954,44,5,2020.0,3.0
0,34,17,11,2212,57,5,2013.0,12.0
0,45,17,11,8520,44,8,2023.0,4.0
0,34,17,11,3622,44,5,2010.0,12.0
0,34,17,11,10485,16,43,2014.0,8.0
3,66,17,11,4210,57,43,2015.0,2.0
0,45,17,1,4580,44,8,2014.0,7.0
0,34,17,11,2090,44,5,2012.0,11.0
0,45,17,11,7875,16,0,2023.0,5.0
0,30,95,0,10385,32,1,2009.0,3.0
0,66,17,11,4190,16,33,2022.0,11.0
0,7,17,12,10350,32,43,2009.0,3.0
3,30,24,1,7542,32,1,2020.0,2.0
0,34,17,11,2463,44,43,2012.0,9.0
0,66,17,11,801,44,33,2007.0,6.0
0,34,17,11,2526,16,33,2022.0,8.0
0,34,17,11,2962,44,5,2021.0,3.0
0,34,14,11,5749,16,5,2020.0,2.0
0,34,17,1,3113,16,43,2006.0,10.0
0,34,14,1,9020,16,33,2021.0,7.0
0,66,17,11,7872,16,0,2021.0,2.0
3,7,17,3,7810,6,43,2014.0,5.0
0,34,95,11,2565,44,5,2015.0,5.0
0,66,17,11,853,36,33,2021.0,3.0
2,34,17,11,10605,36,5,2015.0,7.0
0,34,14,11,2974,16,5,2022.0,12.0
0,30,24,12,7822,32,1,2009.0,5.0
0,66,17,0,5027,44,33,2013.0,8.0
0,60,17,11,9953,36,8,2020.0,10.0
0,34,17,11,462,44,5,2020.0,1.0
0,34,17,11,2865,44,5,2015.0,9.0
0,7,24,3,8415,32,43,2007.0,12.0
0,7,17,0,11016,44,8,2009.0,3.0
0,7,17,3,6839,44,43,2007.0,6.0
0,34,17,1,510,44,5,2020.0,9.0
0,66,17,11,4297,16,43,2014.0,3.0
0,34,17,11,1283,44,43,2007.0,4.0
0,34,17,11,10497,16,5,2017.0,1.0
0,7,17,11,2595,44,8,2020.0,8.0
0,34,17,11,4030,16,33,2023.0,1.0
0,30,17,1,11006,32,1,2018.0,7.0
0,70,17,13,7566,16,33,2012.0,11.0
0,30,24,3,9869,32,1,2012.0,1.0
0,7,17,1,7523,32,43,2008.0,8.0
0,34,95,11,8920,16,33,2018.0,5.0
0,34,17,11,156,44,5,2012.0,1.0
0,34,95,11,2323,44,5,2014.0,12.0
0,66,17,11,3526,16,33,2023.0,2.0
0,34,17,11,5464,44,5,2009.0,3.0
0,58,88,11,10283,16,8,2014.0,8.0
0,66,17,1,7289,36,5,2019.0,8.0
0,45,17,11,4361,44,8,2014.0,12.0
3,34,17,11,7329,16,33,2014.0,5.0
0,30,34,1,10026,32,1,2019.0,7.0
0,34,17,11,5087,16,33,2015.0,11.0
0,30,24,3,10947,32,1,2012.0,10.0
3,66,17,11,3964,44,33,2014.0,1.0
0,30,24,0,10974,32,1,2020.0,11.0
0,34,17,11,335,16,33,2011.0,6.0
0,61,17,2,3407,44,8,2026.0,1.0
0,58,17,11,7210,44,43,2012.0,2.0
0,66,21,11,3402,44,8,2023.0,1.0
0,66,17,11,3390,16,33,2023.0,1.0
0,34,17,11,2947,44,5,2019.0,5.0
0,66,17,11,4258,44,33,2014.0,8.0
0,7,95,13,10170,57,43,2012.0,4.0
0,34,17,11,2732,44,5,2019.0,9.0
0,34,17,11,5476,16,5,2012.0,7.0
0,45,17,11,8640,44,8,2014.0,5.0
0,30,24,3,24,32,1,2008.0,2.0
0,66,17,11,878,16,43,2015.0,5.0
2,34,17,11,10478,44,5,2018.0,7.0
0,66,17,11,4468,44,8,2011.0,10.0
0,66,17,11,4349,44,33,2023.0,3.0
2,34,95,11,4837,16,43,2015.0,9.0
0,66,17,11,4382,6,33,2018.0,11.0
0,30,17,1,7626,16,1,2009.0,10.0
0,30,88,12,9895,32,1,2007.0,8.0
0,66,17,11,4914,36,33,2019.0,6.0
0,66,17,11,1046,16,43,2019.0,7.0
0,66,17,11,1478,23,33,2020.0,2.0
0,34,17,2,8144,53,8,2019.0,12.0
0,7,17,0,8397,32,43,2010.0,11.0
0,66,17,1,10352,32,43,2015.0,7.0
0,34,17,1,163,44,5,2015.0,4.0
0,34,17,11,8899,16,33,2012.0,4.0
0,66,17,12,6136,16,33,2010.0,6.0
0,34,14,11,9004,16,33,2022.0,9.0
0,34,17,11,4861,16,33,2011.0,7.0
0,34,17,11,425,57,5,2015.0,6.0
0,34,17,11,481,44,5,2016.0,3.0
0,34,17,11,2447,44,5,2024.0,4.0
0,30,46,13,11026,32,1,2023.0,10.0
0,34,17,1,6611,16,43,2009.0,5.0
0,58,88,11,1615,44,8,2014.0,7.0
2,7,17,0,11291,44,33,2014.0,11.0
3,34,17,11,7099,16,33,2014.0,6.0
0,34,17,11,9822,16,43,2007.0,6.0
0,13,17,12,8720,32,43,2007.0,12.0
0,34,17,11,2972,44,5,2014.0,9.0
0,34,17,11,164,57,5,2018.0,12.0
0,34,17,11,10599,16,43,2006.0,2.0
0,45,17,11,8598,36,8,2017.0,2.0
0,34,17,11,2189,44,5,2024.0,1.0
0,7,17,11,9761,44,8,2010.0,10.0
3,34,17,11,2381,44,5,2014.0,6.0
0,34,17,0,5249,44,5,2007.0,10.0
0,66,17,11,1362,23,33,2020.0,4.0
0,52,14,11,5034,16,33,2024.0,5.0
2,34,17,11,2311,57,5,2014.0,11.0
0,7,17,0,4207,44,43,2006.0,10.0
0,34,20,11,8237,16,33,2011.0,1.0
0,34,17,11,1987,44,5,2014.0,2.0
0,6,17,11,6060,44,33,2022.0,8.0
0,34,17,11,1218,44,5,2009.0,9.0
0,30,17,7,9511,32,1,2019.0,2.0
0,66,17,11,4731,16,33,2021.0,5.0
0,7,17,1,9973,32,43,2006.0,1.0
0,60,17,3,8026,44,8,2018.0,11.0
0,30,17,0,10883,32,1,2024.0,5.0
0,34,95,11,2981,44,5,2014.0,7.0
0,34,17,0,9932,44,5,2007.0,4.0
0,34,17,11,9835,16,33,2014.0,9.0
3,66,17,11,4653,57,43,2014.0,6.0
0,34,17,11,2937,44,5,2021.0,2.0
0,34,17,11,1931,16,33,2022.0,9.0
0,34,17,11,2310,44,5,2016.0,5.0
0,30,30,0,10652,32,43,2019.0,10.0
0,63,17,2,10197,16,8,2021.0,2.0
0,66,17,11,3524,36,33,2022.0,12.0
0,34,17,1,2786,44,5,2008.0,5.0
2,66,17,12,11309,57,43,2016.0,7.0
0,66,17,11,3211,44,5,2024.0,5.0
0,34,17,11,599,16,33,2008.0,8.0
0,36,17,11,10723,44,8,2019.0,8.0
0,34,1,11,9128,16,33,2010.0,2.0
0,66,17,11,1372,16,33,2021.0,8.0
3,34,17,11,1885,16,33,2022.0,8.0
0,58,17,11,7983,16,25,2011.0,12.0
0,66,17,11,6220,16,33,2012.0,4.0
3,66,17,11,3340,16,33,2023.0,2.0
0,34,17,11,2212,44,5,2011.0,5.0
0,23,17,0,4520,44,8,2024.0,4.0
0,34,17,11,2827,44,5,2015.0,2.0
0,66,1,11,10729,16,8,2006.0,10.0
0,30,24,13,6697,32,1,2008.0,11.0
0,34,17,11,5282,44,43,2007.0,2.0
0,66,17,11,3460,44,33,2012.0,6.0
0,30,17,1,10580,16,33,2009.0,6.0
0,7,17,1,9226,44,8,2014.0,9.0
0,30,17,2,7355,32,1,2012.0,4.0
0,66,17,11,5968,16,33,2007.0,5.0
0,34,20,11,7081,16,33,2012.0,4.0
0,66,17,11,249,44,33,2012.0,5.0
0,34,17,11,738,44,5,2014.0,9.0
0,34,17,11,3642,44,5,2010.0,8.0
0,66,17,11,9531,16,33,2008.0,8.0
0,30,17,1,10046,16,1,2025.0,6.0
0,34,17,11,284,16,33,2008.0,4.0
0,34,17,11,2660,16,33,2023.0,1.0
0,34,95,11,2835,44,5,2014.0,9.0
0,31,17,11,998,16,8,2018.0,7.0
0,23,17,1,8100,27,8,2018.0,2.0
0,66,1,11,378,6,8,2007.0,12.0
3,34,17,11,2443,57,43,2014.0,6.0
0,66,17,11,3247,16,33,2024.0,9.0
0,34,17,11,2189,44,5,2024.0,2.0
0,66,21,11,4695,57,33,2023.0,6.0
0,34,14,11,9399,16,33,2018.0,12.0
0,34,17,0,2760,44,5,2008.0,1.0
0,34,17,11,2330,44,5,2020.0,4.0
0,58,17,11,9199,16,10,2011.0,9.0
0,66,17,11,805,16,5,2013.0,5.0
0,34,1,11,10429,16,33,2010.0,6.0
0,34,17,11,2841,55,5,2014.0,2.0
0,34,17,11,90,44,5,2009.0,8.0
0,34,17,11,2310,44,5,2012.0,10.0
0,7,24,3,6828,32,43,2013.0,5.0
0,34,17,11,735,44,43,2018.0,7.0
0,34,17,11,502,44,5,2019.0,1.0
0,7,17,3,9976,32,43,2012.0,5.0
3,34,14,11,9603,16,33,2022.0,8.0
0,52,14,11,5113,20,33,2025.0,1.0
0,66,21,11,3392,16,33,2023.0,3.0
0,34,17,11,9477,16,33,2007.0,7.0
0,34,24,11,2318,44,33,2015.0,12.0
0,34,17,11,9470,16,33,2008.0,6.0
0,66,17,11,3848,16,33,2007.0,6.0
0,34,17,11,5403,44,5,2024.0,3.0
0,66,17,1,4375,16,8,2009.0,9.0
0,7,24,1,8411,32,43,2016.0,9.0
0,34,17,11,4959,16,43,2012.0,1.0
0,66,17,11,4688,16,33,2013.0,5.0
0,34,14,7,5281,16,43,2017.0,7.0
0,45,17,11,1666,16,8,2015.0,1.0
0,34,17,11,6810,44,5,2016.0,10.0
0,34,17,11,5275,44,5,2011.0,12.0
0,30,17,0,7837,32,1,2008.0,11.0
0,30,24,1,6657,32,1,2012.0,5.0
0,34,17,1,10522,44,5,2011.0,5.0
0,34,17,1,8171,16,33,2009.0,1.0
0,7,95,3,10355,57,8,2010.0,7.0
0,34,17,11,7107,16,33,2018.0,12.0
0,34,17,11,11203,16,33,2021.0,5.0
0,34,1,11,10493,16,33,2012.0,5.0
0,34,17,11,5573,44,43,2016.0,7.0
0,34,17,11,2806,44,5,2008.0,2.0
0,7,17,12,6683,0,43,2008.0,5.0
0,34,17,11,2081,44,5,2013.0,6.0
0,7,17,3,9777,44,43,2009.0,5.0
2,34,95,11,9026,16,33,2022.0,6.0
0,66,17,11,4327,16,33,2014.0,1.0
0,12,17,11,5615,44,8,2022.0,11.0
0,7,17,1,6110,44,8,2013.0,11.0
0,34,17,11,4192,16,33,2022.0,12.0
0,34,14,11,9814,23,33,2021.0,5.0
0,34,17,11,1459,36,5,2024.0,5.0
0,34,17,11,5814,44,5,2024.0,8.0
0,30,66,0,7442,32,1,2014.0,1.0
0,62,17,11,6012,44,8,2015.0,8.0
3,70,88,1,6490,36,43,2014.0,10.0
0,34,17,11,2150,44,5,2009.0,6.0
0,66,17,11,3236,16,33,2007.0,5.0
0,34,17,11,10521,44,5,2010.0,3.0
0,34,17,11,2849,44,5,2014.0,2.0
0,66,17,1,3276,16,8,2009.0,8.0
0,34,17,11,11211,16,33,2014.0,8.0
0,30,17,3,11165,32,1,2009.0,8.0
0,34,17,11,2642,16,33,2021.0,10.0
0,34,17,11,10459,44,5,2013.0,5.0
0,16,17,11,9322,44,43,2018.0,5.0
0,4,17,11,8496,44,33,2020.0,3.0
0,23,17,1,831,36,8,2017.0,4.0
0,7,17,2,8366,32,43,2006.0,10.0
0,66,17,11,9110,6,8,2006.0,8.0
0,34,17,11,316,16,33,2013.0,1.0
0,38,17,11,7774,16,0,2026.0,7.0
0,34,17,11,460,44,5,2019.0,8.0
3,66,17,11,1668,16,19,2021.0,4.0
2,55,17,11,756,16,33,2024.0,10.0
0,34,17,0,9494,16,33,2012.0,11.0
0,66,17,11,5967,16,33,2012.0,7.0
2,34,17,11,5675,44,5,2022.0,8.0
0,7,88,2,7521,16,43,2007.0,9.0
0,7,17,12,7903,32,43,2011.0,10.0
0,66,17,1,436,44,5,2014.0,3.0
0,66,17,11,3311,16,33,2023.0,5.0
0,23,17,11,1722,16,8,2022.0,11.0
3,66,17,11,10252,16,33,2014.0,10.0
0,22,17,11,10691,16,33,2025.0,10.0
0,34,17,11,81,44,5,2015.0,11.0
0,30,24,3,10857,32,1,2013.0,1.0
0,16,17,0,6849,44,33,2018.0,5.0
0,34,17,11,3668,16,33,2011.0,12.0
0,30,17,0,7413,32,1,2008.0,7.0
0,34,17,11,2271,44,5,2008.0,11.0
0,58,95,12,11100,44,43,2010.0,9.0
0,34,14,11,5049,16,33,2016.0,6.0
0,23,17,11,4519,44,8,2018.0,1.0
0,66,95,11,6161,16,33,2015.0,7.0
0,66,1,11,616,16,8,2007.0,7.0
0,70,17,11,8762,16,43,2013.0,2.0
0,4,17,11,763,11,5,2025.0,10.0
0,34,17,11,2347,44,5,2011.0,6.0
0,34,17,11,2581,16,33,2023.0,4.0
0,66,17,11,7783,16,0,2012.0,8.0
0,34,12,11,9588,16,8,2010.0,10.0
0,34,17,12,3058,16,33,2023.0,7.0
0,34,17,11,2262,44,5,2012.0,11.0
0,7,17,1,6946,32,43,2007.0,5.0
0,34,17,11,5404,44,5,2024.0,3.0
0,34,17,11,9635,16,43,2007.0,2.0
0,7,17,12,8424,32,43,2010.0,2.0
0,34,17,12,9945,44,5,2014.0,6.0
0,45,17,11,3117,16,8,2021.0,9.0
0,7,24,3,7530,34,43,2010.0,10.0
0,63,17,3,10339,44,8,2011.0,8.0
0,66,17,11,3251,23,33,2023.0,9.0
0,30,17,1,10978,32,1,2007.0,3.0
0,52,17,11,1142,16,33,2026.0,3.0
0,34,17,11,750,57,5,2015.0,4.0
0,30,17,1,10018,34,1,2008.0,7.0
0,62,17,11,567,16,2,2022.0,7.0
0,34,17,11,5401,44,5,2018.0,8.0
0,66,17,7,6165,16,33,2015.0,11.0
2,34,17,11,192,44,5,2014.0,11.0
0,45,17,11,9275,44,8,2014.0,3.0
0,34,17,11,2152,44,5,2024.0,7.0
0,34,17,11,2135,44,5,2014.0,11.0
0,66,95,0,6713,16,33,2018.0,5.0
2,66,17,11,4455,16,33,2019.0,6.0
0,66,17,11,4973,16,33,2023.0,12.0
0,30,17,1,7368,32,1,2008.0,10.0
0,34,17,11,9130,16,33,2010.0,3.0
0,30,17,0,7917,32,1,2018.0,5.0
3,34,17,11,6270,16,19,2014.0,8.0
0,34,95,11,10479,57,43,2016.0,4.0
0,34,17,11,8487,16,33,2018.0,9.0
0,66,95,11,1358,57,5,2015.0,8.0
0,63,88,1,6893,44,8,2020.0,2.0
0,30,17,0,7845,32,1,2010.0,2.0
0,30,24,1,10024,16,1,2009.0,5.0
0,66,1,11,615,16,8,2007.0,6.0
0,66,17,11,2541,44,33,2007.0,5.0
0,34,17,11,2243,44,5,2010.0,12.0
0,66,17,11,9056,16,33,2012.0,11.0
0,66,17,11,4401,16,33,2017.0,7.0
0,34,17,11,10608,16,43,2019.0,7.0
3,7,17,11,6519,6,33,2014.0,1.0
0,16,17,11,6473,44,33,2018.0,11.0
0,34,17,11,2938,44,5,2018.0,12.0
0,7,17,11,6974,32,43,2006.0,8.0
0,30,17,1,7905,32,1,2018.0,12.0
0,70,17,11,8756,16,33,2012.0,11.0
0,66,17,11,6245,44,33,2014.0,7.0
0,66,95,0,808,16,33,2008.0,11.0
0,66,17,1,808,16,5,2009.0,2.0
0,60,17,11,5606,16,8,2016.0,5.0
0,45,17,11,3538,36,8,2015.0,4.0
0,34,17,11,2276,44,5,2012.0,2.0
0,66,17,11,3566,16,33,2011.0,6.0
0,52,17,11,1891,16,33,2024.0,12.0
0,34,17,11,5288,44,5,2019.0,1.0
0,34,17,1,9205,44,5,2009.0,12.0
0,30,27,0,10086,32,1,2014.0,10.0
0,30,17,2,10853,32,1,2009.0,10.0
0,34,17,11,77,44,5,2014.0,12.0
0,34,17,11,502,44,5,2019.0,1.0
0,34,17,11,3819,16,33,2019.0,12.0
0,34,17,2,8805,44,5,2009.0,3.0
3,70,17,11,8086,16,33,2023.0,11.0
0,31,17,11,8663,16,8,2017.0,8.0
3,66,17,11,3292,16,33,2014.0,7.0
0,7,17,0,5509,32,43,2013.0,8.0
0,34,17,11,5766,44,5,2008.0,6.0
0,45,17,11,11288,44,10,2014.0,1.0
0,30,24,3,7451,32,1,2011.0,10.0
0,34,14,11,9617,16,33,2018.0,5.0
0,66,17,11,3141,44,33,2009.0,11.0
0,66,17,11,4190,36,33,2022.0,11.0
0,66,17,11,10263,44,8,2009.0,3.0
3,66,17,11,900,16,0,2020.0,1.0
0,38,14,11,1010,16,8,2025.0,4.0
0,45,17,11,8664,44,8,2014.0,9.0
0,7,17,0,11221,57,43,2016.0,2.0
3,7,17,11,7922,57,19,2014.0,1.0
0,45,17,11,607,36,8,2022.0,5.0
0,34,17,11,2065,44,5,2013.0,2.0
0,52,17,11,7713,16,33,2024.0,8.0
3,34,17,11,3773,16,33,2022.0,8.0
0,30,24,1,10106,16,1,2007.0,12.0
0,66,17,11,4219,44,33,2016.0,9.0
0,66,17,11,9303,57,8,2013.0,4.0
0,45,17,1,759,16,43,2013.0,4.0
0,30,17,1,7821,32,1,2008.0,10.0
0,30,17,1,7390,32,1,2009.0,10.0
0,34,17,11,2947,44,5,2022.0,8.0
0,66,17,11,1626,44,5,2015.0,8.0
0,34,17,1,2230,44,5,2009.0,1.0
0,66,17,0,4276,16,33,2008.0,8.0
0,34,17,11,1425,44,5,2017.0,6.0
0,30,2,1,9909,32,1,2009.0,6.0
0,34,17,11,2212,44,5,2011.0,1.0
0,34,14,11,9946,16,33,2019.0,1.0
0,34,17,11,2325,44,5,2024.0,5.0
0,7,17,3,7524,0,43,2008.0,2.0
0,34,17,11,2762,44,5,2008.0,4.0
0,52,17,11,5470,44,5,2026.0,4.0
0,30,12,3,8277,34,1,2008.0,10.0
0,66,17,1,1562,16,19,2012.0,4.0
3,34,17,11,11204,16,43,2014.0,5.0
0,34,17,11,2780,44,5,2013.0,11.0
0,66,17,1,4271,44,33,2007.0,3.0
3,34,17,11,3686,16,33,2022.0,4.0
0,30,17,1,10995,32,1,2012.0,2.0
0,23,17,0,4544,44,8,2025.0,12.0
0,66,17,11,4700,16,33,2009.0,9.0
0,45,17,11,8667,44,8,2018.0,7.0
0,45,17,11,4578,44,8,2015.0,2.0
0,34,17,11,5269,44,5,2007.0,2.0
0,66,17,1,398,16,8,2008.0,8.0
2,34,17,12,11205,36,33,2013.0,11.0
0,34,14,11,5753,16,5,2022.0,4.0
0,30,19,1,10778,57,1,2014.0,7.0
0,66,17,1,10721,16,43,2011.0,2.0
0,34,14,11,9594,16,33,2017.0,3.0
2,34,17,11,2394,44,5,2014.0,4.0
0,34,17,11,4955,44,33,2011.0,8.0
0,34,17,11,112,44,5,2013.0,12.0
3,30,38,1,6577,32,1,2019.0,12.0
0,34,17,0,5300,34,43,2008.0,8.0
0,66,17,11,9043,16,33,2016.0,8.0
0,34,17,11,419,44,5,2013.0,1.0
0,23,17,11,1718,16,8,2021.0,10.0
3,70,17,2,11220,16,33,2014.0,6.0
0,30,17,2,10629,16,1,2006.0,9.0
0,37,17,11,11107,44,33,2024.0,11.0
0,17,17,11,9166,16,8,2019.0,2.0
0,30,12,13,7578,57,1,2006.0,2.0
0,66,17,1,7603,28,8,2007.0,10.0
0,34,95,11,9195,57,8,2010.0,3.0
0,66,17,11,9237,16,8,2008.0,11.0
0,63,14,11,613,16,8,2022.0,9.0
0,34,17,11,7106,16,33,2015.0,9.0
0,66,17,2,6916,44,5,2022.0,8.0
0,70,17,12,10699,32,27,2013.0,9.0
0,30,17,1,6884,16,1,2006.0,8.0
0,34,17,11,2259,44,5,2011.0,7.0
0,66,17,2,10150,16,33,2011.0,4.0
0,7,17,7,2632,44,8,2022.0,2.0
0,66,17,1,5531,16,33,2006.0,11.0
0,66,17,11,5845,44,33,2012.0,5.0
0,23,17,1,9320,16,8,2018.0,2.0
0,34,17,11,9428,16,33,2011.0,2.0
0,7,24,1,6443,34,43,2010.0,7.0
0,34,17,11,7033,16,33,2009.0,10.0
0,45,17,11,11109,57,0,2022.0,7.0
0,30,24,1,11149,32,1,2014.0,3.0
0,66,17,11,3227,57,33,2014.0,3.0
0,66,17,11,1563,16,19,2011.0,11.0
0,66,17,11,4320,16,33,2016.0,10.0
0,45,17,11,638,44,8,2022.0,10.0
0,34,17,11,5562,44,5,2024.0,6.0
0,34,17,1,7700,16,5,2014.0,2.0
0,23,17,11,1635,16,8,2024.0,8.0
0,66,17,11,4001,16,33,2019.0,2.0
0,7,17,3,8346,32,43,2008.0,12.0
0,34,14,11,9029,16,33,2017.0,6.0
0,52,17,11,2183,44,5,2025.0,2.0
0,34,17,11,4041,16,33,2020.0,4.0
0,13,17,0,9254,32,43,2008.0,6.0
0,66,17,2,9160,36,8,2010.0,6.0
3,66,17,11,3971,44,33,2012.0,6.0
0,34,17,11,2057,44,5,2011.0,11.0
0,34,1,1,7655,16,43,2011.0,8.0
0,66,17,11,3846,16,33,2012.0,11.0
0,7,17,0,6616,44,8,2018.0,6.0
0,13,17,12,7497,32,43,2012.0,2.0
0,10,57,2,7804,16,27,2024.0,6.0
0,70,56,11,8786,57,33,2017.0,7.0
0,30,17,1,10898,57,1,2016.0,10.0
0,66,17,11,9298,44,5,2024.0,12.0
0,66,1,11,699,16,8,2007.0,7.0
0,66,17,11,1657,16,19,2018.0,4.0
0,7,24,12,9723,32,43,2008.0,9.0
0,7,17,12,6479,57,43,2010.0,7.0
0,34,17,11,2249,44,5,2010.0,11.0
0,30,24,1,10028,16,1,2010.0,12.0
0,66,17,11,4971,16,33,2024.0,12.0
0,45,17,11,5457,44,10,2014.0,6.0
0,30,1,1,10846,32,1,2012.0,4.0
0,66,17,1,7600,23,8,2021.0,12.0
0,34,17,11,8456,16,33,2019.0,2.0
0,34,17,11,9072,23,43,2018.0,10.0
0,30,66,13,11246,32,1,2016.0,1.0
0,34,17,11,2105,44,5,2012.0,3.0
0,34,17,11,7853,36,33,2016.0,8.0
0,66,17,1,7590,32,8,2022.0,7.0
0,29,48,2,8135,25,23,2011.0,9.0
0,30,17,1,7469,32,1,2005.0,6.0
0,34,17,11,2870,44,5,2014.0,7.0
0,66,17,11,909,16,33,2020.0,2.0
0,34,17,1,7352,16,33,2024.0,11.0
0,34,17,11,1334,16,5,2023.0,3.0
0,65,17,13,6704,32,27,2017.0,7.0
0,30,24,1,9877,32,1,2009.0,11.0
0,34,17,11,4932,16,8,2024.0,8.0
0,66,17,11,1258,39,33,2019.0,6.0
0,66,17,11,3842,16,33,2010.0,6.0
0,34,17,11,4923,16,33,2011.0,10.0
0,30,24,3,11161,32,1,2010.0,6.0
0,63,17,11,5294,44,8,2010.0,11.0
0,66,17,11,5367,16,33,2012.0,2.0
0,66,17,0,8700,44,5,2018.0,3.0
0,45,17,11,9310,44,8,2011.0,2.0
0,58,88,12,8070,16,43,2013.0,4.0
0,34,17,12,8225,16,33,2010.0,8.0
0,34,17,11,5804,16,5,2015.0,7.0
0,66,17,11,1315,16,33,2024.0,4.0
0,34,17,11,4062,16,33,2023.0,4.0
0,7,88,1,9724,32,43,2008.0,9.0
0,30,17,3,7511,32,1,2011.0,9.0
0,66,17,11,4762,16,33,2023.0,8.0
0,34,17,11,9082,16,33,2010.0,3.0
0,34,17,11,502,44,5,2020.0,12.0
0,34,17,11,2068,44,5,2011.0,12.0
0,34,17,11,9607,16,33,2017.0,11.0
0,66,17,11,5780,16,0,2018.0,5.0
0,70,17,11,8078,16,33,2019.0,7.0
0,34,17,11,1448,44,5,2023.0,2.0
0,30,95,1,10021,16,1,2016.0,12.0
0,34,17,0,2236,44,5,2008.0,9.0
3,30,24,1,11171,32,1,2019.0,11.0
0,34,17,11,7676,16,33,2008.0,8.0
0,34,17,1,4820,44,5,2011.0,5.0
0,34,17,11,2157,44,5,2013.0,7.0
0,30,17,1,11124,32,1,2018.0,3.0
0,34,17,11,5482,16,5,2011.0,9.0
0,34,17,11,9093,16,33,2008.0,5.0
0,30,24,1,7465,32,1,2010.0,5.0
0,63,17,0,5245,44,8,2021.0,9.0
0,38,17,11,5122,16,8,2024.0,4.0
0,13,17,2,7247,32,43,2009.0,1.0
0,34,14,11,9667,16,33,2018.0,1.0
0,66,17,11,3565,44,33,2013.0,11.0
0,34,17,11,600,16,33,2008.0,6.0
0,34,17,11,407,36,33,2024.0,5.0
0,34,17,11,164,44,5,2016.0,1.0
0,66,17,11,3146,16,33,2010.0,3.0
0,70,17,12,9111,32,33,2009.0,3.0
0,34,17,11,5486,16,5,2011.0,10.0
3,34,17,11,5719,16,5,2015.0,7.0
0,30,17,3,10584,16,1,2009.0,6.0
2,34,17,11,2136,44,5,2013.0,12.0
0,7,17,2,10596,32,43,2010.0,12.0
0,66,17,11,4327,16,33,2014.0,1.0
0,30,17,12,11245,32,1,2015.0,9.0
2,34,17,11,529,44,5,2014.0,12.0
0,31,21,11,982,16,8,2023.0,3.0
0,34,17,11,2285,44,5,2015.0,5.0
0,30,88,1,9906,32,1,2008.0,1.0
0,30,17,2,10625,34,1,2012.0,4.0
0,34,17,11,164,44,5,2019.0,6.0
0,66,95,0,6726,44,33,2008.0,11.0
0,66,21,11,8552,16,33,2023.0,5.0
0,34,17,11,8862,16,33,2010.0,5.0
0,66,17,11,3405,44,8,2022.0,12.0
0,63,21,11,3126,44,8,2023.0,1.0
0,31,17,11,821,16,8,2018.0,11.0
0,34,14,11,9085,16,33,2017.0,6.0
0,34,14,11,5744,16,5,2016.0,9.0
0,34,17,11,4899,16,33,2011.0,12.0
0,30,63,13,6497,32,1,2014.0,7.0
0,66,17,11,3366,44,8,2012.0,9.0
0,66,17,11,5893,16,33,2011.0,10.0
0,34,17,11,778,44,5,2015.0,11.0
0,34,17,11,2082,44,5,2011.0,12.0
0,34,17,11,2318,44,5,2021.0,9.0
0,34,14,11,8919,16,33,2018.0,9.0
0,7,17,0,8312,44,8,2011.0,10.0
0,34,17,11,496,44,5,2015.0,12.0
0,30,17,0,7407,32,1,2020.0,4.0
0,66,17,11,3829,16,33,2012.0,11.0
0,61,17,2,1306,16,33,2026.0,1.0
0,30,24,3,7386,32,1,2012.0,1.0
0,45,17,11,1011,16,0,2022.0,10.0
2,66,17,11,4758,16,33,2024.0,3.0
0,66,17,11,7218,16,8,2012.0,3.0
0,7,17,11,5296,16,19,2012.0,7.0
0,66,17,11,904,16,33,2020.0,8.0
3,66,17,11,3820,44,43,2014.0,3.0
0,34,17,11,2018,44,5,2019.0,9.0
0,66,17,11,4814,16,33,2014.0,4.0
0,34,17,11,1884,16,33,2019.0,5.0
0,66,17,12,11237,16,8,2011.0,12.0
0,23,17,1,1726,36,8,2022.0,11.0
0,30,95,0,5222,16,1,2009.0,12.0
0,66,17,11,3375,44,8,2018.0,9.0
0,66,17,11,8102,23,8,2010.0,5.0
0,34,17,11,7232,16,33,2010.0,2.0
0,30,17,1,5221,16,1,2009.0,6.0
0,30,17,1,7536,32,1,2006.0,12.0
0,30,17,12,10764,32,1,2013.0,9.0
0,34,17,11,2212,44,5,2011.0,8.0
0,34,17,11,1454,44,5,2023.0,3.0
0,34,17,11,2534,16,33,2023.0,10.0
0,45,17,1,332,23,8,2015.0,3.0
0,34,17,11,9611,39,33,2017.0,10.0
0,34,17,0,115,44,5,2010.0,3.0
0,34,14,11,9644,16,33,2022.0,12.0
0,66,17,11,6747,44,33,2011.0,9.0
0,12,17,1,5626,44,8,2024.0,2.0
0,7,17,11,10153,44,43,2016.0,6.0
0,52,17,11,3893,16,33,2024.0,11.0
0,66,17,11,1764,16,33,2008.0,5.0
0,34,17,11,1383,16,19,2022.0,3.0
0,66,17,11,7765,16,0,2010.0,12.0
0,66,17,11,7784,16,0,2012.0,11.0
0,16,17,11,6855,36,33,2020.0,4.0
0,34,17,11,8951,16,33,2015.0,9.0
0,66,17,11,4462,16,33,2015.0,5.0
3,66,17,0,11045,57,43,2015.0,1.0
0,34,17,11,8854,16,33,2012.0,6.0
0,66,17,11,1588,44,5,2007.0,11.0
0,34,17,0,3973,44,5,2020.0,10.0
0,34,17,11,523,44,43,2016.0,8.0
0,34,17,11,2241,44,5,2012.0,7.0
0,52,17,11,2851,57,5,2025.0,2.0
0,66,17,11,4456,16,33,2015.0,5.0
2,66,17,11,913,16,43,2014.0,2.0
0,34,17,11,7082,36,43,2017.0,9.0
0,30,88,12,10023,32,1,2017.0,6.0
0,34,17,11,2489,44,5,2014.0,1.0
0,34,17,11,742,44,5,2013.0,9.0
0,45,17,0,4575,44,8,2014.0,6.0
0,34,95,11,1848,16,33,2022.0,12.0
0,34,17,0,177,44,5,2009.0,11.0
0,34,17,11,2947,44,5,2022.0,9.0
0,34,17,11,1439,44,5,2023.0,2.0
0,34,17,11,5186,44,5,2008.0,10.0
0,66,17,11,780,44,5,2026.0,8.0
0,34,17,11,1975,16,33,2022.0,10.0
0,66,17,11,3226,16,33,2021.0,7.0
0,34,95,11,8207,16,33,2008.0,10.0
0,66,17,11,3135,44,33,2010.0,1.0
0,34,17,11,3644,44,5,2011.0,9.0
0,34,17,11,1454,44,5,2023.0,3.0
0,34,17,11,2445,44,5,2024.0,9.0
0,66,17,11,9154,44,5,2018.0,12.0
0,7,17,0,8306,16,8,2013.0,3.0
0,34,17,11,1952,16,33,2023.0,11.0
0,34,17,11,2922,44,5,2022.0,12.0
0,34,17,11,5516,16,43,2012.0,3.0
0,30,24,3,6554,32,1,2014.0,4.0
0,30,19,3,7476,32,1,2016.0,2.0
0,7,17,0,2630,44,8,2020.0,7.0
2,66,17,11,3350,23,33,2020.0,1.0
0,34,17,11,5783,16,43,2018.0,11.0
0,34,17,11,2212,57,5,2013.0,12.0
0,34,17,11,3660,16,33,2023.0,1.0
0,22,17,1,5828,16,33,2024.0,4.0
0,66,17,11,6685,6,43,2014.0,6.0
0,66,17,0,9177,16,19,2016.0,3.0
0,30,17,2,10032,32,1,2007.0,5.0
0,51,88,3,8182,16,27,2026.0,1.0
0,7,17,12,6948,32,43,2010.0,3.0
0,66,17,11,4296,16,33,2012.0,7.0
0,30,17,3,7480,32,1,2019.0,1.0
3,34,17,11,2364,44,43,2014.0,1.0
0,34,17,11,2905,44,5,2016.0,1.0
0,34,17,11,2062,44,5,2013.0,8.0
0,34,17,11,3047,44,5,2013.0,10.0
0,30,24,1,10654,32,1,2011.0,8.0
0,34,17,0,3801,44,43,2005.0,11.0
0,30,24,0,7411,32,1,2009.0,4.0
0,34,17,0,499,44,5,2017.0,8.0
0,34,17,11,2880,44,5,2008.0,11.0
0,30,24,3,6524,32,1,2009.0,8.0
0,66,17,0,6180,16,33,2011.0,6.0
0,66,17,11,3229,16,33,2006.0,12.0
0,34,17,11,4009,16,33,2019.0,1.0
0,66,17,11,10259,16,8,2010.0,12.0
0,34,17,11,1442,44,5,2021.0,7.0
0,34,17,11,501,44,5,2015.0,6.0
0,34,17,2,3704,16,33,2010.0,5.0
0,34,17,11,2666,16,33,2023.0,4.0
0,7,17,0,6825,44,8,2016.0,9.0
0,70,88,1,9948,16,33,2011.0,1.0
3,66,17,11,971,16,33,2020.0,5.0
0,7,17,0,9959,32,43,2006.0,4.0
2,34,17,0,10928,16,33,2015.0,3.0
0,34,17,11,7117,16,33,2014.0,1.0
0,66,17,11,3444,16,33,2007.0,6.0
0,34,14,11,9391,16,33,2021.0,6.0
0,70,24,12,10707,32,43,2012.0,3.0
0,34,17,11,3732,44,5,2009.0,6.0
0,34,17,11,3779,57,33,2022.0,11.0
0,66,17,11,1557,16,19,2018.0,3.0
0,66,17,11,1501,16,33,2024.0,3.0
0,34,17,1,10617,44,5,2016.0,3.0
0,66,17,11,4627,16,0,2013.0,7.0
2,30,95,3,11309,32,1,2016.0,1.0
0,34,14,11,6215,16,19,2018.0,2.0
0,58,17,1,10305,16,43,2012.0,2.0
0,45,17,11,8612,57,8,2018.0,8.0
0,66,17,11,3903,16,33,2012.0,1.0
3,34,17,11,299,37,33,2014.0,9.0
2,34,17,0,218,44,43,2019.0,6.0
0,16,17,11,5551,44,37,2019.0,2.0
0,66,17,11,1086,16,0,2020.0,6.0
0,46,88,11,9184,44,27,2023.0,12.0
2,34,17,11,11281,16,33,2022.0,8.0
0,66,17,12,3413,16,8,2011.0,7.0
0,16,17,0,6866,5,33,2016.0,12.0
0,30,12,1,10081,16,1,2005.0,10.0
0,30,17,1,10105,16,1,2008.0,5.0
0,30,24,13,6495,34,1,2009.0,10.0
0,34,17,11,7036,17,33,2020.0,12.0
0,34,17,11,2204,44,5,2011.0,7.0
0,7,17,13,6337,32,33,2017.0,4.0
0,34,17,11,2473,44,5,2014.0,4.0
0,66,17,11,4786,16,33,2023.0,5.0
0,34,17,11,8950,16,33,2011.0,2.0
0,34,17,0,2933,44,5,2018.0,11.0
0,34,17,11,289,28,8,2008.0,3.0
0,34,14,11,5537,16,43,2018.0,5.0
0,34,95,1,8939,16,33,2014.0,7.0
0,58,88,0,7971,17,18,2013.0,7.0
0,30,17,1,10960,32,1,2010.0,7.0
0,66,17,11,10539,44,33,2012.0,1.0
0,34,17,11,2927,44,5,2014.0,3.0
0,34,17,11,2212,44,5,2011.0,11.0
0,66,17,11,3367,44,8,2013.0,4.0
0,34,17,11,9801,16,43,2007.0,3.0
0,59,88,1,9686,44,31,2022.0,1.0
0,66,17,11,883,16,33,2017.0,2.0
2,34,17,11,11281,16,33,2022.0,8.0
0,34,17,11,1402,16,19,2019.0,1.0
0,34,14,11,7054,36,43,2017.0,9.0
0,34,17,11,5458,44,5,2013.0,8.0
0,13,17,2,7249,32,43,2009.0,3.0
0,34,17,11,2308,44,5,2012.0,9.0
0,66,17,11,4766,16,33,2021.0,9.0
0,23,17,0,4490,44,8,2022.0,5.0
0,66,17,11,5653,44,8,2023.0,6.0
0,66,17,11,3436,39,33,2016.0,9.0
0,34,17,11,3917,16,33,2023.0,4.0
0,7,17,3,8348,32,43,2007.0,9.0
2,30,17,12,7555,32,1,2014.0,2.0
0,7,17,11,8199,44,8,2016.0,6.0
0,66,17,11,5345,44,5,2023.0,1.0
0,34,17,11,126,44,5,2013.0,8.0
0,66,17,11,851,16,0,2019.0,4.0
0,66,17,11,845,16,33,2020.0,8.0
3,34,17,11,2557,44,5,2014.0,12.0
0,34,17,1,578,16,8,2010.0,5.0
0,34,17,3,8968,16,33,2008.0,1.0
0,7,14,11,3411,25,8,2007.0,9.0
0,34,17,11,1125,16,19,2010.0,7.0
0,34,17,11,7344,16,33,2014.0,12.0
0,66,17,2,6744,44,33,2011.0,8.0
0,38,17,0,8543,16,10,2024.0,5.0
0,66,17,11,3168,16,33,2021.0,2.0
0,7,17,0,9713,32,43,2009.0,12.0
0,66,17,11,4868,16,0,2021.0,12.0
0,30,37,7,9925,32,43,2019.0,2.0
0,34,17,0,4945,16,33,2012.0,6.0
0,34,17,1,1160,16,19,2018.0,7.0
0,34,17,2,6836,44,5,2019.0,10.0
0,7,17,12,6525,32,43,2010.0,8.0
3,66,17,11,4142,16,33,2020.0,2.0
0,7,17,1,6389,44,8,2012.0,3.0
0,30,24,12,7241,32,1,2007.0,9.0
0,66,17,11,5359,16,33,2009.0,6.0
0,66,17,11,3550,44,33,2008.0,4.0
0,52,17,11,11265,16,33,2025.0,1.0
0,34,17,11,597,16,8,2010.0,3.0
0,66,17,11,8548,36,33,2020.0,6.0
0,34,17,11,5285,44,43,2007.0,2.0
2,66,17,11,11309,16,33,2016.0,6.0
0,66,21,11,3253,57,33,2023.0,7.0
0,34,17,11,7039,16,33,2018.0,1.0
0,66,17,11,1031,16,33,2019.0,1.0
0,66,17,11,1593,44,5,2008.0,8.0
0,12,17,1,5627,44,10,2023.0,5.0
3,34,17,11,2846,44,5,2014.0,2.0
0,30,17,13,7812,32,1,2005.0,9.0
0,34,17,11,2886,57,5,2013.0,12.0
0,52,21,11,1960,16,33,2024.0,10.0
0,75,17,1,10402,16,8,2018.0,1.0
0,52,95,11,5795,44,5,2025.0,1.0
0,34,17,11,2523,16,33,2023.0,4.0
0,63,17,1,4990,16,8,2013.0,4.0
3,66,17,1,8708,44,5,2014.0,7.0
0,34,17,11,2057,44,5,2013.0,5.0
0,61,17,0,5168,44,8,2025.0,7.0
0,34,24,11,5299,34,43,2008.0,8.0
0,45,17,3,4611,44,43,2013.0,5.0
0,7,17,11,9754,44,8,2013.0,7.0
0,7,17,12,6541,32,43,2009.0,4.0
0,30,14,1,6382,32,1,2014.0,6.0
0,58,17,0,8025,16,15,2011.0,6.0
0,34,17,11,2170,57,5,2013.0,11.0
0,38,17,11,8527,16,8,2023.0,10.0
0,7,17,0,9776,44,8,2012.0,2.0
0,12,17,11,5621,44,10,2022.0,10.0
0,66,17,11,1606,44,5,2022.0,11.0
0,66,17,11,3439,23,33,2019.0,8.0
0,34,17,11,1192,44,5,2007.0,4.0
0,66,17,1,7585,32,8,2020.0,11.0
0,34,17,11,2947,44,5,2021.0,8.0
0,58,17,11,9199,16,10,2013.0,3.0
0,34,17,11,8879,16,33,2012.0,4.0
0,34,17,11,2694,16,33,2022.0,11.0
0,7,17,0,9730,32,43,2012.0,2.0
0,34,17,11,653,36,33,2016.0,10.0
0,42,17,11,6457,44,33,2025.0,2.0
0,34,17,0,2185,44,5,2019.0,11.0
0,34,17,11,8451,16,33,2014.0,1.0
0,34,17,11,9357,16,33,2009.0,10.0
0,30,17,7,6568,32,1,2021.0,10.0
2,66,17,11,910,16,33,2016.0,5.0
0,66,17,11,4672,23,33,2021.0,11.0
0,66,17,12,9293,44,8,2011.0,1.0
0,66,17,11,3923,16,33,2023.0,2.0
0,34,17,11,1894,16,33,2013.0,12.0
0,34,17,11,2954,44,5,2021.0,5.0
0,66,17,11,4573,44,8,2012.0,10.0
0,34,17,1,10527,44,5,2008.0,10.0
0,63,17,11,326,44,8,2018.0,10.0
0,34,17,11,4808,44,5,2012.0,11.0
0,34,17,11,6607,16,8,2012.0,11.0
0,34,17,0,3989,53,8,2022.0,1.0
0,52,17,11,6098,44,5,2025.0,9.0
0,34,17,1,10206,32,5,2013.0,11.0
0,7,88,0,8348,32,43,2008.0,2.0
0,30,33,1,10910,32,1,2017.0,1.0
0,30,88,2,10828,32,1,2005.0,10.0
0,34,17,11,2807,44,5,2013.0,11.0
0,66,17,11,8691,44,5,2014.0,6.0
0,66,14,0,5652,44,8,2020.0,3.0
0,7,17,2,6956,44,43,2007.0,11.0
0,7,17,11,1798,57,8,2013.0,5.0
2,34,17,11,9820,16,33,2014.0,4.0
0,66,17,11,3937,16,33,2020.0,8.0
0,23,17,11,1729,16,8,2024.0,8.0
2,16,17,0,5595,6,33,2018.0,4.0
0,66,17,11,1266,16,5,2009.0,8.0
0,66,17,1,6740,44,33,2007.0,4.0
0,34,17,11,475,44,5,2021.0,1.0
0,45,17,11,4152,16,8,2015.0,9.0
0,34,17,11,9203,57,8,2007.0,8.0
0,34,17,0,501,44,5,2020.0,2.0
0,34,20,11,8845,16,33,2011.0,2.0
0,34,17,11,1426,44,5,2008.0,4.0
0,23,17,11,4556,44,8,2020.0,12.0
0,7,17,0,9182,32,8,2011.0,8.0
0,66,17,11,6009,44,8,2023.0,3.0
0,34,17,11,7017,16,33,2013.0,6.0
0,30,88,2,10954,32,1,2005.0,4.0
0,34,17,11,5405,44,5,2024.0,3.0
0,34,17,11,5388,44,5,2024.0,11.0
0,34,17,11,2761,44,5,2008.0,6.0
0,34,17,11,8255,16,33,2012.0,8.0
0,66,17,11,1504,23,33,2020.0,2.0
0,66,17,11,239,16,33,2007.0,6.0
0,66,17,0,1490,16,33,2014.0,11.0
0,66,17,11,10247,44,8,2011.0,2.0
3,34,17,11,2084,44,43,2014.0,4.0
0,34,17,11,3630,44,5,2010.0,3.0
2,34,17,11,2296,44,43,2015.0,10.0
0,66,21,11,2579,16,33,2023.0,2.0
0,34,17,11,5259,44,5,2007.0,2.0
0,66,17,11,259,44,5,2023.0,9.0
0,34,17,11,7193,57,33,2020.0,12.0
0,37,17,2,6296,57,33,2025.0,9.0
0,34,17,11,2782,44,5,2013.0,11.0
0,45,17,11,1612,36,8,2013.0,12.0
0,34,17,1,8955,16,33,2007.0,2.0
0,34,17,11,2928,44,5,2015.0,11.0
0,66,24,2,9063,16,8,2011.0,11.0
0,15,88,2,10631,8,23,2022.0,3.0
0,45,17,0,641,16,8,2022.0,4.0
0,7,95,1,9718,32,43,2007.0,11.0
0,70,17,0,9250,44,1,2013.0,2.0
0,34,17,11,5824,44,5,2024.0,8.0
0,45,17,11,1608,23,8,2015.0,3.0
0,34,17,11,9338,16,33,2016.0,6.0
0,66,17,11,6156,36,33,2021.0,6.0
0,66,17,11,1051,16,0,2019.0,10.0
0,34,14,0,8486,16,8,2024.0,1.0
0,7,17,11,8460,32,5,2013.0,8.0
0,36,17,11,392,48,8,2019.0,6.0
0,66,17,11,4242,44,33,2010.0,8.0
0,7,17,11,2754,44,8,2011.0,11.0
0,34,17,11,2317,44,5,2016.0,7.0
0,34,17,11,734,44,5,2014.0,3.0
0,34,17,11,6056,44,5,2008.0,5.0
0,66,17,11,4094,16,33,2023.0,4.0
0,34,17,11,2926,44,5,2016.0,9.0
0,66,17,11,870,16,0,2012.0,5.0
0,34,17,11,7675,16,5,2008.0,7.0
0,66,17,11,3839,44,33,2010.0,6.0
0,66,17,11,2624,16,19,2023.0,2.0
0,34,17,11,3718,16,33,2011.0,12.0
2,66,17,11,5329,16,0,2008.0,9.0
0,30,17,0,7838,32,1,2008.0,12.0
0,30,95,1,10810,32,1,2016.0,6.0
0,7,17,11,6897,44,8,2011.0,8.0
0,34,17,11,9795,16,33,2019.0,1.0
0,66,21,11,3263,57,33,2023.0,7.0
0,66,17,11,6162,16,5,2013.0,9.0
0,34,17,0,7064,16,33,2008.0,5.0
0,34,17,11,164,44,5,2018.0,12.0
0,58,88,11,7643,49,43,2011.0,9.0
0,30,17,1,10857,32,1,2013.0,1.0
0,36,17,3,11039,44,8,2023.0,4.0
0,66,1,11,706,16,8,2007.0,7.0
0,7,17,3,6439,32,43,2009.0,4.0
2,66,17,1,902,16,0,2019.0,3.0
0,34,17,11,741,16,33,2021.0,12.0
0,34,17,11,3815,44,5,2014.0,7.0
0,7,88,1,7562,32,43,2008.0,5.0
0,34,17,11,2993,57,5,2013.0,10.0
0,66,17,11,4450,16,33,2015.0,6.0
3,34,17,11,3010,44,43,2014.0,9.0
0,34,17,11,2007,44,5,2021.0,8.0
2,66,17,11,893,16,0,2019.0,5.0
0,66,17,11,1322,16,33,2020.0,6.0
0,66,17,3,3315,57,43,2014.0,9.0
0,30,17,1,10940,32,1,2015.0,4.0
0,34,17,11,482,44,5,2018.0,1.0
0,34,17,11,2305,44,5,2024.0,5.0
0,62,17,2,6610,49,8,2022.0,8.0
2,70,17,12,8755,16,33,2013.0,1.0
0,66,17,11,3504,44,33,2019.0,9.0
0,34,17,11,2122,44,5,2013.0,10.0
0,34,14,11,4983,16,33,2018.0,10.0
0,34,17,11,492,44,5,2015.0,9.0
0,34,17,11,2924,44,5,2015.0,10.0
0,74,17,11,7912,28,1,2022.0,9.0
0,34,17,11,100,44,5,2013.0,8.0
0,34,17,11,465,44,5,2013.0,7.0
0,34,14,11,4671,36,33,2022.0,7.0
0,34,17,11,10484,16,5,2018.0,7.0
0,58,17,11,10696,16,10,2013.0,6.0
0,34,17,11,1396,16,19,2023.0,1.0
0,7,17,11,1637,44,8,2014.0,7.0
0,34,17,11,2112,44,5,2011.0,3.0
0,34,17,11,10404,16,5,2010.0,12.0
0,34,17,11,478,44,5,2016.0,11.0
0,34,17,11,2212,44,5,2011.0,8.0
0,34,17,11,10517,44,5,2018.0,12.0
0,7,21,11,2638,44,8,2023.0,1.0
0,34,17,11,164,44,5,2020.0,11.0
0,34,17,11,9350,16,33,2013.0,7.0
0,34,17,11,100,44,5,2013.0,8.0
0,34,17,11,2298,44,5,2014.0,8.0
0,52,17,11,4078,44,5,2025.0,6.0
0,7,17,0,8400,32,43,2009.0,6.0
3,34,14,1,9023,16,33,2019.0,12.0
0,34,17,11,10463,16,5,2016.0,11.0
0,58,17,11,10320,49,8,2013.0,11.0
0,34,24,1,9977,44,43,2013.0,10.0
0,34,17,11,9672,16,33,2019.0,1.0
0,13,17,3,7498,32,32,2026.0,7.0
0,34,17,11,2897,44,5,2016.0,12.0
0,66,17,11,6232,16,33,2007.0,5.0
0,12,17,11,5623,44,10,2022.0,10.0
0,66,17,11,1542,16,33,2023.0,5.0
0,34,17,11,7157,16,33,2010.0,1.0
0,30,24,12,10370,32,1,2008.0,10.0
0,34,17,1,7673,16,5,2018.0,10.0
3,34,17,11,663,36,33,2022.0,11.0
0,30,17,3,10116,16,1,2008.0,8.0
0,34,17,11,769,44,5,2014.0,11.0
0,34,95,11,3054,44,5,2014.0,8.0
0,58,17,11,10313,36,25,2013.0,10.0
0,34,17,11,2768,44,5,2013.0,11.0
0,34,14,11,9034,57,33,2018.0,8.0
0,34,17,11,5074,16,8,2021.0,12.0
0,63,17,2,6317,16,8,2022.0,6.0
0,34,17,11,3717,16,33,2011.0,4.0
3,66,17,11,1781,36,43,2015.0,6.0
0,34,17,11,2439,44,5,2023.0,9.0
0,34,17,11,3680,16,33,2007.0,7.0
0,30,24,1,6680,32,1,2010.0,1.0
0,66,17,1,7583,56,8,2014.0,6.0
0,30,17,1,9997,16,1,2024.0,7.0
0,30,17,0,7440,32,1,2023.0,3.0
3,34,17,11,2769,44,5,2014.0,4.0
0,34,17,11,2058,44,5,2013.0,12.0
0,23,17,11,1720,25,8,2019.0,5.0
0,66,17,0,11135,44,8,2015.0,1.0
0,7,17,3,9968,32,43,2011.0,3.0
0,66,17,11,1682,44,5,2007.0,7.0
0,52,17,0,785,16,33,2026.0,7.0
3,34,17,11,2859,44,5,2014.0,5.0
0,58,88,1,8010,16,23,2016.0,2.0
0,58,17,11,6351,16,43,2012.0,12.0
0,58,5,11,1640,16,8,2014.0,6.0
0,34,17,11,7136,16,33,2015.0,2.0
0,34,17,11,3926,44,5,2023.0,9.0
0,66,17,11,237,44,5,2007.0,6.0
0,66,17,11,1627,44,5,2015.0,3.0
0,34,17,11,2932,44,5,2018.0,8.0
3,34,17,11,1441,44,5,2022.0,8.0
0,34,17,11,3626,44,5,2012.0,4.0
0,63,17,11,3316,44,8,2023.0,7.0
0,23,17,2,8092,53,8,2023.0,4.0
0,34,95,11,526,44,5,2014.0,9.0
0,30,17,1,6545,32,1,2017.0,10.0
0,34,17,1,8810,44,5,2022.0,8.0
0,45,17,1,5432,16,10,2014.0,9.0
0,34,17,11,2212,44,5,2011.0,11.0
0,34,14,11,6999,16,33,2018.0,12.0
2,66,17,11,3424,16,43,2019.0,2.0
0,66,17,11,3595,16,33,2013.0,10.0
2,34,95,11,2277,44,43,2015.0,8.0
0,66,17,0,3447,16,33,2018.0,11.0
0,34,17,0,8797,44,5,2011.0,5.0
0,7,17,0,9224,44,8,2026.0,3.0
0,34,17,11,502,44,5,2020.0,1.0
0,34,17,11,5886,44,5,2012.0,6.0
0,34,17,11,2308,44,5,2022.0,5.0
0,34,17,11,2666,16,33,2023.0,4.0
0,23,17,2,6167,25,8,2014.0,6.0
0,30,24,3,7556,32,1,2012.0,10.0
0,45,17,11,5855,44,8,2013.0,8.0
0,7,17,0,10145,44,33,2012.0,3.0
0,34,17,1,8992,16,33,2013.0,4.0
0,34,17,1,8875,16,33,2007.0,3.0
0,70,17,0,8780,16,33,2017.0,5.0
0,4,17,0,10171,44,43,2022.0,8.0
0,30,17,1,10590,16,1,2007.0,5.0
0,30,17,1,7897,32,1,2008.0,11.0
0,30,24,3,7444,32,1,2024.0,9.0
0,34,14,11,9663,57,33,2017.0,11.0
0,66,17,11,4633,16,33,2024.0,9.0
0,66,17,11,8575,16,8,2007.0,4.0
3,34,95,11,2980,44,5,2015.0,1.0
0,34,17,11,8247,16,33,2012.0,1.0
0,34,17,11,1384,16,33,2023.0,2.0
0,34,88,1,7670,16,33,2010.0,8.0
0,34,17,11,777,44,5,2015.0,11.0
0,45,17,11,5140,44,8,2023.0,4.0
0,16,17,11,6783,44,33,2016.0,9.0
0,34,17,11,5403,44,5,2024.0,3.0
0,34,17,11,2097,44,5,2011.0,11.0
0,7,17,11,1587,44,8,2009.0,3.0
0,30,17,1,10857,32,1,2013.0,12.0
0,30,95,0,7394,57,1,2016.0,8.0
0,34,17,11,5142,16,8,2016.0,5.0
0,52,17,11,1746,44,5,2025.0,2.0
0,34,17,11,2245,44,5,2009.0,2.0
0,30,24,12,10942,32,1,2010.0,1.0
0,34,17,1,7720,57,33,2016.0,9.0
0,30,17,1,11147,32,1,2010.0,8.0
0,34,17,11,4888,16,33,2012.0,1.0
0,34,17,11,10600,16,43,2005.0,7.0
0,66,17,11,4916,57,33,2014.0,4.0
0,7,17,11,10133,44,8,2016.0,6.0
0,16,17,12,9324,13,33,2021.0,2.0
0,45,17,3,5192,16,8,2016.0,1.0
0,30,66,1,7402,32,1,2015.0,3.0
0,66,17,11,1730,16,8,2012.0,9.0
0,19,88,13,8274,16,27,2017.0,7.0
0,34,17,11,2680,23,33,2019.0,7.0
0,66,17,11,5106,16,0,2020.0,8.0
0,34,17,11,5569,44,5,2020.0,3.0
0,34,17,11,747,44,43,2014.0,8.0
0,58,70,2,7990,6,24,2024.0,1.0
0,30,24,12,11313,32,1,2011.0,9.0
0,66,17,11,4125,44,8,2022.0,10.0
0,66,21,11,3969,44,33,2023.0,8.0
0,34,17,11,2197,44,5,2023.0,9.0
0,66,17,11,3584,16,33,2010.0,12.0
3,34,14,0,8850,16,33,2014.0,3.0
0,34,17,11,1391,16,19,2019.0,8.0
0,45,17,11,5685,16,10,2014.0,7.0
0,34,17,11,10415,16,5,2012.0,7.0
0,7,17,0,8362,32,43,2007.0,1.0
0,7,17,11,1586,44,8,2008.0,7.0
0,58,14,11,8046,16,13,2010.0,12.0
2,34,17,11,2884,44,5,2016.0,9.0
0,34,20,11,10488,16,5,2013.0,7.0
0,66,17,11,1655,16,19,2018.0,5.0
0,34,17,11,5662,44,5,2015.0,6.0
0,66,17,11,6191,16,33,2010.0,9.0
3,34,17,11,2903,44,5,2014.0,9.0
0,30,2,1,9853,32,1,2009.0,11.0
0,66,17,11,1267,16,33,2014.0,6.0
0,66,17,11,4664,44,33,2014.0,1.0
0,34,17,11,5655,57,5,2020.0,2.0
0,13,24,12,7491,32,43,2008.0,1.0
0,34,17,11,4893,16,33,2011.0,12.0
0,34,17,11,2954,44,5,2021.0,11.0
0,34,17,11,2212,44,5,2012.0,5.0
0,36,95,11,732,36,8,2019.0,10.0
3,58,88,11,8157,16,23,2013.0,8.0
0,58,17,11,8031,16,13,2011.0,6.0
0,66,17,0,4323,57,33,2022.0,8.0
0,66,17,11,3281,36,43,2018.0,11.0
0,34,17,11,5580,44,5,2022.0,9.0
0,66,17,11,1073,16,43,2019.0,5.0
2,45,95,11,7873,16,0,2023.0,5.0
0,34,17,11,1209,44,5,2021.0,7.0
0,34,17,11,2268,44,5,2011.0,5.0
2,34,17,11,5037,16,43,2015.0,5.0
0,66,17,11,5905,16,33,2021.0,1.0
0,34,17,11,3090,44,5,2024.0,7.0
0,30,17,3,8742,32,1,2012.0,3.0
0,34,17,11,4977,36,8,2016.0,12.0
0,30,17,1,8435,32,1,2013.0,8.0
0,66,17,11,8120,16,5,2013.0,5.0
0,34,17,11,5580,44,5,2023.0,2.0
0,7,17,3,9732,32,43,2007.0,4.0
0,58,88,12,8055,16,43,2013.0,4.0
0,34,17,11,7307,16,43,2017.0,6.0
0,34,17,11,2197,44,5,2023.0,1.0
0,30,24,13,33,32,1,2008.0,7.0
2,34,17,11,10601,36,5,2015.0,7.0
0,66,17,3,6193,16,33,2020.0,9.0
0,66,17,11,4730,16,33,2023.0,5.0
0,34,17,1,10680,16,33,2013.0,4.0
0,34,17,11,8925,57,43,2017.0,3.0
0,7,17,2,6975,44,8,2011.0,10.0
0,66,17,11,5847,44,33,2013.0,10.0
0,34,17,11,1990,44,5,2024.0,9.0
0,66,17,11,6792,44,33,2011.0,6.0
0,7,17,3,6940,32,43,2010.0,5.0
0,34,17,11,2049,44,5,2012.0,6.0
0,30,17,12,7488,32,1,2009.0,9.0
0,57,14,11,9228,16,10,2008.0,4.0
0,30,24,1,7848,32,1,2010.0,8.0
3,34,17,0,9677,16,33,2020.0,3.0
0,70,95,11,11231,16,33,2015.0,3.0
0,66,17,11,6142,16,33,2013.0,9.0
0,45,17,11,8670,16,8,2018.0,6.0
0,34,17,1,2877,44,5,2017.0,10.0
0,34,1,11,8166,44,8,2007.0,2.0
0,66,17,1,4878,16,5,2009.0,4.0
0,66,17,11,4515,44,33,2018.0,1.0
0,63,17,1,10200,44,8,2014.0,12.0
0,66,17,11,4123,44,8,2017.0,2.0
0,34,17,11,1165,44,5,2015.0,4.0
0,66,17,11,5859,16,0,2010.0,2.0
0,17,17,11,5295,44,8,2018.0,5.0
3,34,17,1,7717,44,33,2022.0,8.0
0,34,17,11,482,44,5,2018.0,3.0
3,66,17,11,4326,16,43,2014.0,7.0
0,66,17,1,8701,44,5,2007.0,11.0
0,30,17,1,9984,16,1,2007.0,1.0
0,34,17,11,8147,36,8,2015.0,2.0
0,34,17,11,1919,16,33,2010.0,5.0
0,34,14,11,9394,44,43,2016.0,9.0
0,34,17,11,2055,44,5,2012.0,4.0
0,66,17,2,7283,16,5,2016.0,3.0
0,34,17,11,8240,16,33,2008.0,3.0
0,30,17,12,10042,16,1,2008.0,1.0
0,66,17,11,1475,23,33,2020.0,2.0
0,34,17,11,2062,44,5,2013.0,12.0
0,34,17,11,1521,44,43,2014.0,9.0
0,66,31,2,6636,16,33,2017.0,3.0
0,34,17,11,764,16,33,2023.0,7.0
0,34,17,11,7200,16,33,2019.0,12.0
0,66,17,11,9049,16,33,2019.0,5.0
0,34,14,11,8933,16,33,2017.0,8.0
0,66,17,11,7864,16,0,2020.0,8.0
0,45,17,11,924,16,8,2013.0,6.0
0,34,17,11,3738,16,33,2011.0,11.0
0,34,17,11,3659,16,33,2021.0,4.0
0,58,17,11,3910,16,43,2012.0,5.0
0,58,88,11,9155,16,8,2013.0,5.0
0,34,17,11,7100,16,33,2011.0,8.0
3,34,17,11,2398,44,5,2014.0,4.0
0,34,14,0,8851,36,33,2015.0,8.0
0,58,17,11,7219,16,8,2014.0,12.0
0,30,24,3,3431,32,1,2009.0,9.0
0,30,24,3,7889,32,1,2021.0,6.0
3,34,17,11,2830,44,5,2014.0,5.0
0,34,14,11,9612,16,33,2017.0,11.0
0,34,14,11,9629,36,43,2022.0,12.0
0,66,17,11,6919,6,5,2015.0,8.0
0,34,17,11,490,44,5,2013.0,9.0
0,34,17,11,2485,16,33,2022.0,7.0
0,12,17,11,5629,44,10,2021.0,6.0
0,66,17,11,4144,44,8,2008.0,3.0
0,34,17,11,2947,44,5,2021.0,9.0
0,23,17,11,6064,16,8,2019.0,7.0
0,45,17,11,1556,16,8,2014.0,5.0
0,66,17,11,8105,16,8,2009.0,7.0
0,30,17,3,7386,32,1,2011.0,7.0
0,66,17,11,3512,44,33,2010.0,3.0
0,66,17,11,1706,44,5,2014.0,9.0
0,34,17,11,5675,44,5,2024.0,9.0
0,34,17,1,4072,44,5,2021.0,3.0
0,52,17,11,1937,16,33,2024.0,9.0
0,66,1,11,2032,44,33,2014.0,6.0
0,34,17,11,3449,44,5,2016.0,1.0
0,7,17,0,5330,44,8,2026.0,5.0
0,66,17,11,3365,44,5,2017.0,6.0
0,30,24,1,11185,32,1,2008.0,3.0
0,34,17,11,1752,16,33,2023.0,3.0
0,66,17,11,7758,16,0,2018.0,4.0
0,66,17,11,6735,44,33,2012.0,7.0
0,34,17,11,7022,16,33,2018.0,11.0
2,34,17,11,4074,44,5,2018.0,8.0
0,66,17,11,3462,44,33,2011.0,5.0
0,34,17,11,5153,6,33,2024.0,5.0
0,66,17,11,3533,44,33,2008.0,11.0
0,34,17,11,2732,44,5,2023.0,2.0
0,34,17,11,11264,44,33,2018.0,9.0
0,66,17,11,1089,16,0,2020.0,6.0
0,34,17,11,7126,16,33,2019.0,12.0
0,66,17,11,7745,16,0,2012.0,11.0
0,34,17,11,3778,36,33,2018.0,5.0
2,66,17,11,5041,16,33,2023.0,6.0
2,66,17,11,3151,36,33,2018.0,4.0
0,66,95,11,3472,44,8,2008.0,2.0
0,12,17,11,10553,16,8,2018.0,3.0
0,30,17,2,10342,16,1,2006.0,11.0
0,66,17,11,886,16,33,2012.0,5.0
0,34,17,11,3080,44,5,2016.0,1.0
0,34,17,11,3620,44,5,2012.0,1.0
0,30,17,1,7456,32,1,2007.0,2.0
0,30,17,3,6588,32,1,2009.0,4.0
0,7,17,3,11247,57,43,2014.0,6.0
0,7,17,1,8746,32,43,2019.0,8.0
0,66,17,11,5889,16,33,2013.0,4.0
0,66,17,11,5341,16,0,2020.0,4.0
0,7,17,11,8313,44,8,2012.0,12.0
0,34,17,11,429,16,33,2009.0,5.0
0,66,17,11,1547,44,5,2007.0,7.0
0,34,17,11,2079,44,5,2013.0,8.0
0,60,17,11,5846,44,8,2025.0,6.0
0,34,17,11,1951,16,33,2023.0,6.0
0,34,14,11,5735,16,5,2020.0,2.0
0,34,17,11,2308,44,5,2012.0,10.0
0,34,14,11,9673,16,33,2017.0,11.0
0,66,1,11,4147,44,8,2007.0,9.0
0,7,17,1,9223,44,8,2026.0,7.0
0,7,17,2,7527,32,43,2011.0,3.0
0,34,17,11,5881,44,5,2010.0,2.0
0,30,28,2,6678,32,1,2014.0,10.0
0,52,17,11,3097,44,5,2025.0,6.0
0,34,17,11,2954,44,5,2021.0,3.0
0,34,17,11,171,44,5,2010.0,4.0
0,58,17,11,1701,16,10,2015.0,10.0
0,34,17,11,463,44,5,2018.0,3.0
0,66,17,11,6728,44,33,2013.0,3.0
0,52,17,11,4106,36,33,2024.0,11.0
0,30,17,11,7828,32,1,2019.0,11.0
0,66,17,11,1782,16,19,2020.0,7.0
0,66,17,11,4418,44,33,2019.0,1.0
0,34,17,11,474,44,5,2018.0,2.0
0,34,17,11,597,16,8,2010.0,10.0
0,66,17,0,9302,6,5,2012.0,1.0
0,34,17,0,1450,44,5,2020.0,8.0
0,66,17,11,10265,16,43,2014.0,6.0
0,66,17,2,8567,16,33,2010.0,11.0
0,34,17,11,7697,16,5,2019.0,11.0
0,66,17,1,9189,16,5,2009.0,7.0
0,34,17,11,1335,16,33,2023.0,5.0
0,52,17,11,4011,16,33,2024.0,11.0
0,12,17,1,5610,16,10,2024.0,3.0
0,34,17,11,7145,16,33,2013.0,5.0
0,34,17,11,2212,44,5,2011.0,1.0
0,58,17,11,9199,16,43,2011.0,5.0
0,66,17,12,6182,16,33,2009.0,2.0
0,34,17,11,2222,44,5,2012.0,3.0
0,34,17,11,3703,16,33,2023.0,4.0
0,45,17,11,651,16,8,2014.0,10.0
0,34,17,11,7421,16,33,2019.0,4.0
0,30,17,1,10807,32,1,2018.0,1.0
0,16,17,11,6476,44,33,2020.0,5.0
0,66,17,1,3348,16,33,2024.0,6.0
3,34,17,11,2972,44,5,2014.0,9.0
0,34,17,11,1294,44,5,2023.0,4.0
0,30,17,0,7419,32,1,2010.0,2.0
0,66,17,11,9575,16,8,2006.0,12.0
0,34,17,11,1905,16,33,2009.0,5.0
0,34,17,11,7337,57,33,2017.0,8.0
0,38,17,11,1665,44,8,2025.0,6.0
0,66,17,11,5971,16,33,2012.0,7.0
0,34,17,11,5817,44,5,2024.0,8.0
0,34,17,11,2730,44,5,2016.0,7.0
2,66,95,11,8164,36,5,2014.0,4.0
0,48,17,11,1705,44,8,2023.0,8.0
0,34,17,11,2259,44,5,2010.0,11.0
0,7,24,3,8413,32,43,2008.0,1.0
0,66,21,11,2626,16,33,2023.0,2.0
0,34,17,11,5692,36,5,2024.0,5.0
0,34,14,11,9396,16,33,2021.0,6.0
0,34,17,3,8347,32,43,2007.0,9.0
0,34,17,11,1907,16,33,2007.0,12.0
0,34,14,11,5733,16,5,2017.0,6.0
0,30,17,1,10775,32,1,2009.0,8.0
0,30,17,1,10269,32,1,2012.0,5.0
0,66,17,11,922,16,33,2019.0,4.0
0,34,17,11,525,44,5,2015.0,10.0
3,34,17,11,3013,44,5,2014.0,9.0
0,66,17,11,3243,16,33,2024.0,8.0
0,30,17,3,10104,16,1,2008.0,3.0
0,34,17,11,2238,44,5,2012.0,6.0
0,34,17,11,3743,44,33,2013.0,11.0
0,38,17,11,6022,16,8,2024.0,4.0
0,34,17,11,314,16,43,2014.0,2.0
0,34,17,11,2884,44,5,2016.0,12.0
0,34,17,11,5390,44,5,2024.0,3.0
0,37,17,11,6859,28,33,2025.0,4.0
0,66,17,11,11043,16,33,2010.0,6.0
0,30,17,1,9862,32,1,2006.0,12.0
0,7,17,11,8320,57,8,2016.0,6.0
0,34,17,11,10495,16,5,2012.0,11.0
0,34,14,11,9613,16,33,2018.0,3.0
0,30,24,3,10948,32,1,2012.0,10.0
0,45,17,11,8659,16,10,2014.0,8.0
0,34,17,11,478,44,5,2017.0,2.0
0,58,88,11,10285,16,8,2014.0,8.0
0,34,17,11,4839,16,33,2010.0,2.0
0,66,17,11,4327,16,33,2014.0,1.0
0,34,17,11,5566,44,5,2008.0,6.0
3,66,17,1,5171,16,33,2021.0,5.0
0,34,17,11,2743,44,5,2021.0,7.0
0,34,17,1,4869,44,5,2012.0,10.0
0,30,17,0,10876,32,1,2019.0,1.0
0,34,14,11,9599,16,43,2019.0,6.0
0,66,17,0,3552,44,33,2010.0,10.0
0,34,14,11,9624,57,33,2018.0,5.0
0,30,17,3,10907,32,1,2010.0,1.0
0,30,17,1,7893,32,1,2021.0,1.0
0,13,17,1,7496,32,43,2009.0,6.0
0,70,88,12,10952,32,43,2011.0,10.0
0,34,14,11,9609,16,33,2017.0,11.0
0,34,17,11,7170,16,33,2021.0,9.0
0,66,17,11,3853,44,8,2015.0,7.0
0,34,17,11,139,44,5,2019.0,8.0
0,34,14,1,9017,16,33,2015.0,9.0
0,34,17,11,2912,44,5,2016.0,4.0
0,52,17,11,312,16,33,2024.0,12.0
2,66,17,11,10376,44,33,2018.0,2.0
0,63,17,2,6320,16,8,2024.0,12.0
0,34,17,0,1332,16,5,2012.0,11.0
0,66,17,11,4711,16,33,2023.0,5.0
0,34,95,11,1711,23,5,2020.0,1.0
0,30,95,3,10943,16,1,2009.0,6.0
2,34,17,11,2921,44,5,2016.0,5.0
0,66,17,1,7778,16,0,2012.0,6.0
0,34,14,11,7301,44,33,2019.0,9.0
0,34,17,11,8218,16,33,2010.0,12.0
0,7,17,0,8196,44,8,2019.0,9.0
3,66,17,11,3283,57,33,2023.0,2.0
0,66,17,3,8132,44,33,2011.0,11.0
0,13,88,3,10207,32,43,2007.0,11.0
0,34,17,11,1120,16,19,2012.0,6.0
0,23,17,1,4557,44,8,2018.0,9.0
0,34,14,11,3988,44,8,2024.0,1.0
0,30,17,2,8430,32,1,2009.0,10.0
0,70,17,0,9247,57,33,2013.0,2.0
0,34,17,11,74,44,5,2019.0,12.0
0,34,17,11,2308,44,5,2010.0,9.0
0,34,17,1,5808,44,5,2024.0,12.0
0,23,17,11,4154,16,8,2023.0,11.0
0,34,17,1,158,44,5,2010.0,4.0
0,34,17,11,1849,16,33,2023.0,4.0
0,34,17,11,2954,44,5,2020.0,3.0
0,66,17,11,4747,16,33,2020.0,6.0
0,66,17,1,5008,16,33,2013.0,12.0
0,30,24,12,41,32,1,2008.0,5.0
0,23,17,7,1728,16,8,2019.0,6.0
2,34,17,11,10484,44,5,2018.0,7.0
0,34,88,12,8167,16,43,2007.0,11.0
0,30,88,13,7622,32,1,2005.0,6.0
3,34,17,11,3092,36,5,2014.0,1.0
0,34,14,11,9670,16,33,2017.0,11.0
0,34,17,11,3038,44,5,2013.0,9.0
0,66,17,11,6144,16,5,2010.0,8.0
0,30,17,0,10997,32,1,2025.0,10.0
0,66,17,11,4452,16,33,2015.0,6.0
0,7,14,0,5095,44,8,2015.0,7.0
0,34,17,11,5199,44,5,2008.0,2.0
3,34,95,11,2943,44,5,2014.0,4.0
0,34,17,11,8261,16,33,2023.0,11.0
3,7,95,0,11290,44,43,2015.0,11.0
0,45,17,1,8613,36,8,2018.0,6.0
0,66,17,11,4120,44,8,2016.0,7.0
0,34,17,3,263,16,33,2012.0,11.0
0,7,17,3,6936,32,43,2007.0,10.0
0,38,17,11,8522,16,8,2024.0,5.0
0,30,14,1,9516,32,1,2020.0,4.0
0,30,17,1,11309,57,1,2014.0,12.0
0,34,17,1,5951,44,5,2008.0,12.0
0,34,17,11,2481,16,33,2023.0,12.0
0,66,17,11,1276,16,5,2011.0,8.0
0,34,17,11,9602,16,43,2006.0,6.0
0,34,17,3,7719,23,33,2017.0,10.0
0,66,17,11,3465,44,8,2008.0,6.0
0,34,17,11,161,44,5,2020.0,5.0
0,66,17,11,4686,16,33,2008.0,5.0
0,66,21,11,4754,16,33,2023.0,3.0
0,34,17,12,8218,16,33,2010.0,8.0
0,66,17,12,11309,57,43,2018.0,10.0
0,45,17,11,11054,16,8,2015.0,4.0
0,66,17,11,943,16,33,2024.0,4.0
0,58,17,1,10302,16,43,2012.0,5.0
0,23,17,2,7255,16,8,2019.0,6.0
0,34,17,11,753,57,33,2022.0,11.0
0,66,17,11,11055,44,5,2008.0,1.0
3,66,17,11,11294,6,33,2017.0,9.0
0,23,17,11,4553,44,8,2019.0,2.0
3,52,17,11,2850,44,5,2025.0,2.0
0,34,17,1,531,44,5,2017.0,4.0
0,52,17,11,5238,44,5,2025.0,2.0
0,34,17,3,596,12,33,2019.0,10.0
0,7,17,0,10143,44,33,2011.0,11.0
0,34,17,11,5211,16,33,2023.0,10.0
0,45,17,11,8642,16,8,2018.0,12.0
0,34,17,11,3765,16,33,2023.0,5.0
0,30,17,1,11182,32,1,2009.0,5.0
0,34,17,11,2819,44,5,2016.0,1.0
0,30,17,1,10867,32,1,2025.0,7.0
0,66,17,11,1321,16,33,2021.0,1.0
0,45,17,1,8615,44,8,2017.0,9.0
3,34,17,11,667,36,33,2022.0,11.0
3,34,17,11,5756,44,5,2021.0,11.0
0,34,17,11,1199,44,5,2010.0,2.0
0,34,88,11,4979,16,43,2007.0,1.0
0,37,17,11,9327,32,33,2025.0,4.0
0,66,17,2,4852,44,43,2014.0,4.0
0,7,17,1,9756,44,43,2008.0,3.0
0,66,17,11,4801,16,43,2019.0,10.0
0,38,17,0,1715,16,8,2023.0,10.0
0,66,17,11,8123,16,5,2010.0,6.0
0,34,17,11,428,44,5,2015.0,7.0
0,52,17,11,4894,16,33,2025.0,4.0
0,34,17,11,4060,16,33,2023.0,7.0
0,66,17,11,5785,44,33,2013.0,10.0
0,34,17,11,364,44,43,2007.0,8.0
0,66,17,11,871,16,33,2013.0,10.0
0,23,17,0,4487,44,8,2021.0,2.0
0,30,17,1,9990,16,1,2005.0,12.0
3,66,17,11,6164,44,5,2015.0,5.0
0,70,17,11,7978,57,43,2016.0,8.0
0,16,17,11,6761,57,43,2017.0,10.0
0,34,17,11,480,44,5,2016.0,10.0
0,61,17,11,2604,16,19,2025.0,4.0
0,34,17,1,9468,16,33,2008.0,8.0
0,34,19,11,7090,16,33,2015.0,11.0
0,70,88,0,9978,25,27,2013.0,6.0
0,34,17,11,3093,44,5,2014.0,1.0
0,34,17,11,1854,16,33,2022.0,8.0
0,52,17,11,3454,16,33,2024.0,11.0
0,34,17,11,10428,16,5,2018.0,4.0
0,34,17,11,97,44,5,2015.0,11.0
0,66,17,11,3585,16,33,2012.0,11.0
0,66,17,11,4312,16,5,2010.0,5.0
0,34,17,11,3794,44,43,2006.0,5.0
0,30,17,1,10579,16,1,2007.0,4.0
0,66,17,11,5132,16,33,2017.0,1.0
0,7,17,0,7620,32,43,2011.0,9.0
0,45,17,2,9124,44,19,2018.0,9.0
0,34,17,11,9837,16,43,2007.0,1.0
0,66,17,11,4416,44,33,2015.0,12.0
0,66,17,1,1602,44,5,2007.0,7.0
0,66,17,11,246,36,5,2014.0,10.0
0,34,14,11,8980,16,33,2021.0,5.0
0,34,17,1,1426,44,5,2017.0,6.0
0,30,17,1,10877,32,43,2025.0,11.0
0,31,17,3,8292,16,8,2021.0,11.0
0,66,17,0,5921,16,33,2011.0,8.0
0,30,17,12,10916,32,1,2013.0,8.0
0,34,17,11,11208,16,33,2014.0,5.0
0,34,17,11,2220,44,5,2012.0,3.0
0,23,17,1,4527,16,8,2018.0,6.0
0,34,17,11,3083,57,5,2015.0,10.0
0,66,95,2,6184,16,33,2011.0,1.0
0,66,17,11,3400,44,8,2019.0,11.0
0,22,17,11,6050,16,33,2025.0,6.0
0,66,17,11,5280,44,5,2025.0,7.0
0,34,17,11,2954,44,5,2021.0,1.0
0,34,17,11,3800,44,43,2005.0,10.0
0,34,17,3,594,16,8,2009.0,1.0
0,34,17,1,8809,44,5,2010.0,3.0
0,66,17,11,1564,16,19,2010.0,12.0
0,16,17,11,6869,44,33,2020.0,5.0
0,34,17,11,2089,44,5,2013.0,5.0
0,34,17,11,2057,44,5,2013.0,6.0
0,17,17,11,5633,16,8,2021.0,1.0
0,66,17,11,3599,57,33,2013.0,5.0
0,34,17,11,4111,16,43,2018.0,7.0
0,30,24,12,26,32,1,2008.0,2.0
0,34,17,11,10441,16,5,2016.0,7.0
0,66,17,11,4304,16,33,2012.0,10.0
0,30,24,1,8734,32,1,2010.0,1.0
0,45,17,11,5431,36,10,2014.0,5.0
0,30,17,1,10044,16,1,2015.0,1.0
0,34,17,11,2010,44,5,2022.0,11.0
0,34,17,11,1415,44,5,2008.0,6.0
3,34,17,11,11258,16,33,2014.0,4.0
0,34,17,0,2228,44,5,2009.0,9.0
0,52,17,11,5803,44,5,2025.0,1.0
0,7,17,0,11118,32,43,2009.0,6.0
0,34,17,0,481,44,5,2016.0,10.0
0,66,17,1,3473,16,8,2009.0,8.0
0,34,17,11,601,16,33,2017.0,6.0
0,34,17,3,3036,44,5,2013.0,6.0
0,7,17,11,7925,16,19,2013.0,6.0
0,66,17,11,7781,16,0,2012.0,8.0
3,34,17,11,1880,16,33,2022.0,8.0
0,34,21,11,584,36,8,2023.0,1.0
0,34,17,12,2764,44,5,2007.0,6.0
0,34,17,11,9351,6,33,2016.0,8.0
0,7,17,11,6967,44,43,2007.0,5.0
0,34,17,11,3007,16,33,2022.0,8.0
0,7,21,11,4206,44,8,2023.0,3.0
0,34,17,11,5259,44,5,2007.0,2.0
0,66,17,11,3364,44,5,2018.0,5.0
0,34,17,11,8964,16,33,2010.0,6.0
3,66,17,11,6415,16,33,2014.0,7.0
0,34,17,11,2125,44,5,2013.0,12.0
0,30,17,0,10071,57,1,2016.0,7.0
0,34,17,11,2363,6,43,2014.0,1.0
3,70,17,11,7962,16,43,2020.0,8.0
0,7,17,3,8342,32,43,2008.0,6.0
0,34,14,11,9650,16,33,2021.0,5.0
0,66,17,11,412,44,33,2009.0,8.0
0,66,17,11,1232,16,33,2013.0,10.0
0,30,17,1,7790,32,1,2018.0,11.0
0,34,17,11,1758,44,5,2013.0,7.0
0,66,17,11,923,25,8,2008.0,8.0
0,30,17,3,9986,16,1,2005.0,4.0
0,30,17,0,7895,32,1,2008.0,3.0
0,66,17,11,3593,16,33,2009.0,10.0
0,34,17,1,5545,44,5,2012.0,8.0
0,34,17,11,367,44,5,2008.0,11.0
0,66,17,11,3897,16,33,2012.0,5.0
0,34,17,11,5196,44,5,2008.0,2.0
0,12,17,7,5611,25,10,2024.0,11.0
0,30,24,3,4625,32,1,2008.0,3.0
0,66,17,11,1541,36,33,2020.0,8.0
0,34,17,1,1423,44,5,2008.0,7.0
0,30,24,3,7386,32,1,2012.0,6.0
0,66,17,11,11225,16,0,2018.0,9.0
0,30,17,3,9928,32,1,2012.0,4.0
0,66,95,11,10636,57,33,2016.0,1.0
2,34,14,1,9627,16,33,2014.0,7.0
0,66,17,2,9295,44,8,2007.0,1.0
0,66,17,11,3223,44,8,2013.0,10.0
0,7,21,11,985,16,8,2023.0,1.0
0,30,24,0,7825,32,1,2020.0,12.0
0,52,17,11,5013,16,33,2024.0,12.0
0,34,17,11,2009,44,5,2013.0,1.0
0,34,17,11,2309,44,5,2010.0,9.0
0,34,17,11,2954,44,5,2020.0,3.0
2,66,17,11,4130,44,33,2014.0,3.0
2,34,17,11,2057,44,5,2013.0,5.0
0,66,21,11,2509,16,33,2023.0,2.0
0,66,17,11,4292,16,33,2012.0,2.0
0,34,17,11,2675,16,33,2023.0,6.0
3,52,17,11,2963,44,5,2025.0,6.0
0,66,17,11,1656,16,19,2019.0,5.0
0,34,17,11,4173,16,33,2019.0,1.0
0,66,17,11,5366,16,33,2011.0,10.0
0,34,17,11,3741,16,33,2011.0,3.0
0,30,17,1,10007,16,1,2007.0,8.0
0,66,17,11,1072,44,43,2014.0,6.0
0,38,17,11,5827,44,8,2024.0,10.0
0,34,17,11,4993,16,33,2010.0,4.0
0,7,17,1,9733,32,43,2006.0,7.0
0,66,17,11,4303,16,33,2007.0,6.0
2,34,17,11,2551,44,5,2015.0,4.0
0,34,17,11,1441,44,5,2022.0,7.0
0,4,17,11,8499,44,33,2019.0,1.0
0,34,17,11,2102,44,5,2011.0,6.0
0,34,17,11,8961,16,33,2011.0,9.0
0,52,17,11,1515,16,5,2026.0,1.0
0,34,17,11,203,44,5,2015.0,2.0
0,70,17,11,8761,16,33,2014.0,5.0
3,66,17,11,1318,36,5,2020.0,12.0
0,34,17,11,5544,16,33,2012.0,8.0
0,66,17,11,7654,16,33,2014.0,6.0
0,34,17,11,2012,44,5,2022.0,12.0
0,66,17,11,6676,44,33,2012.0,8.0
0,66,17,11,3998,16,33,2019.0,6.0
3,66,17,11,1043,16,43,2020.0,2.0
0,45,17,11,8651,16,10,2014.0,11.0
0,66,17,11,1222,16,33,2011.0,6.0
0,34,17,11,5462,44,5,2009.0,2.0
0,30,17,1,10832,32,1,2007.0,1.0
0,70,17,11,8005,16,33,2023.0,1.0
0,66,17,11,4353,44,33,2011.0,2.0
0,34,95,11,5691,44,5,2014.0,7.0
3,34,17,11,2574,16,33,2022.0,8.0
0,12,17,1,5605,6,10,2022.0,4.0
0,66,17,11,973,36,33,2014.0,8.0
0,34,17,11,8988,16,33,2013.0,3.0
0,34,17,11,9459,16,33,2011.0,12.0
0,34,17,11,3712,44,5,2013.0,4.0
0,34,17,11,2921,44,5,2013.0,9.0
0,66,17,11,3335,40,33,2017.0,11.0
0,66,17,11,3469,16,8,2006.0,10.0
0,34,17,11,4882,16,33,2011.0,4.0
3,34,17,11,2860,44,5,2014.0,5.0
0,66,17,11,3838,44,33,2022.0,12.0
0,34,17,11,2908,44,5,2013.0,10.0
0,34,17,11,1370,16,19,2022.0,5.0
0,30,17,0,7371,32,1,2008.0,8.0
0,66,14,0,6498,16,33,2018.0,6.0
0,30,88,3,10208,32,1,2007.0,11.0
0,23,17,0,4480,2,8,2024.0,10.0
0,7,17,11,6912,44,8,2019.0,9.0
0,66,17,11,4254,44,33,2014.0,11.0
0,30,47,13,8480,32,1,2019.0,4.0
0,30,24,1,11185,32,1,2008.0,1.0
0,34,95,11,9133,16,33,2008.0,11.0
0,7,17,3,8398,16,43,2009.0,5.0
0,30,24,3,9246,32,1,2008.0,4.0
0,52,17,11,4085,44,5,2025.0,6.0
0,30,17,3,5218,34,1,2009.0,9.0
3,34,14,11,9495,16,43,2022.0,8.0
0,7,21,11,2751,44,8,2023.0,7.0
0,30,24,3,9246,32,1,2008.0,4.0
0,34,1,11,9125,16,33,2010.0,2.0
0,30,17,1,10883,57,1,2023.0,2.0
0,34,17,11,283,16,33,2008.0,9.0
0,34,17,11,337,16,33,2013.0,8.0
0,66,17,11,2623,16,19,2023.0,2.0
0,34,17,11,572,16,8,2021.0,11.0
0,30,17,3,8476,32,1,2011.0,1.0
0,34,17,11,482,44,5,2017.0,2.0
0,34,17,11,1295,44,43,2007.0,2.0
0,17,17,1,9262,36,8,2019.0,3.0
0,66,17,11,9741,23,5,2014.0,1.0
0,66,21,11,8714,57,33,2023.0,6.0
0,30,66,1,10855,32,1,2015.0,3.0
0,34,17,11,5581,44,5,2022.0,9.0
0,66,17,11,1027,16,33,2019.0,2.0
0,34,95,11,7175,16,33,2008.0,9.0
0,66,17,11,9173,16,19,2007.0,4.0
0,30,24,12,11160,34,1,2011.0,7.0
0,7,14,0,5631,44,8,2015.0,12.0
0,34,17,11,502,44,5,2019.0,4.0
3,66,17,11,1477,23,33,2020.0,2.0
3,21,17,11,5079,16,33,2022.0,8.0
0,68,12,13,6442,32,43,2014.0,10.0
0,45,17,0,4797,16,8,2015.0,6.0
0,45,17,11,5649,16,8,2023.0,1.0
3,34,17,11,1411,44,5,2014.0,6.0
0,34,17,11,2057,44,5,2013.0,5.0
0,34,17,11,1135,16,19,2012.0,8.0
0,66,17,11,1598,44,5,2013.0,8.0
0,30,17,1,7398,32,1,2008.0,10.0
0,34,17,11,3640,44,5,2010.0,6.0
0,66,17,1,1786,16,19,2012.0,2.0
3,34,17,11,1932,16,33,2022.0,9.0
0,45,17,11,1611,16,8,2013.0,12.0
0,34,17,11,10475,16,5,2012.0,7.0
0,34,17,11,455,44,5,2017.0,10.0
0,30,32,1,11146,32,1,2018.0,11.0
0,22,17,11,5984,16,33,2023.0,2.0
0,66,1,11,75,16,8,2007.0,10.0
0,7,17,0,5099,44,8,2023.0,8.0
0,30,24,3,7550,32,1,2012.0,8.0
0,34,17,11,2953,44,5,2022.0,7.0
0,58,88,11,7957,16,33,2007.0,5.0
0,34,17,11,5,16,33,2009.0,8.0
0,66,17,1,6922,44,5,2007.0,6.0
0,30,24,3,6561,32,1,2008.0,9.0
0,66,17,11,3828,16,33,2008.0,8.0
0,34,17,11,7085,16,33,2013.0,10.0
0,34,17,11,3713,44,5,2013.0,8.0
0,34,17,1,9287,16,33,2019.0,7.0
0,66,17,1,9190,16,33,2007.0,7.0
0,23,17,1,4533,44,8,2022.0,3.0
0,34,17,11,5791,16,33,2024.0,5.0
0,7,17,12,6707,16,43,2010.0,9.0
0,34,17,11,6212,16,33,2009.0,12.0
0,66,17,11,4428,44,33,2023.0,1.0
0,34,17,11,5273,44,5,2007.0,2.0
0,7,17,11,2593,44,8,2023.0,10.0
0,66,17,11,1463,36,5,2018.0,8.0
0,34,17,11,2995,44,5,2014.0,2.0
0,34,14,11,9669,16,33,2018.0,8.0
0,66,17,11,813,16,5,2011.0,8.0
0,45,17,1,8650,16,10,2013.0,5.0
0,34,17,1,6276,16,19,2011.0,2.0
3,34,17,11,2503,44,5,2014.0,12.0
0,34,17,1,8945,16,33,2016.0,1.0
0,7,17,11,10593,32,43,2009.0,7.0
0,30,24,3,6679,32,1,2012.0,9.0
0,34,17,11,1196,44,5,2007.0,2.0
0,66,17,11,3573,16,33,2012.0,6.0
0,34,17,11,2953,44,5,2021.0,7.0
0,66,17,11,4800,16,33,2012.0,5.0
0,23,17,1,4499,44,8,2020.0,3.0
0,34,17,11,2583,44,5,2013.0,5.0
0,7,17,3,6983,28,43,2010.0,1.0
0,34,17,11,2148,44,5,2009.0,5.0
0,34,17,11,1166,44,5,2015.0,5.0
0,34,17,11,2089,44,5,2013.0,1.0
0,16,17,11,6791,44,33,2016.0,1.0
0,7,17,1,10136,44,8,2016.0,1.0
0,34,17,11,2057,44,5,2013.0,5.0
0,4,17,11,4661,57,33,2019.0,9.0
0,30,17,1,10999,32,1,2011.0,5.0
0,52,17,1,5229,16,19,2025.0,6.0
0,45,14,11,5686,16,10,2023.0,2.0
2,34,95,11,2571,44,5,2013.0,6.0
0,58,17,11,10295,16,10,2012.0,11.0
0,34,17,11,1440,44,5,2022.0,6.0
0,45,17,0,1714,16,8,2016.0,1.0
0,66,17,11,4238,36,33,2016.0,1.0
0,66,1,11,7274,16,8,2014.0,6.0
0,16,17,0,6477,44,33,2017.0,11.0
0,66,21,11,2625,16,33,2023.0,2.0
0,34,17,1,9142,44,5,2019.0,9.0
0,30,12,1,10628,16,1,2006.0,6.0
0,66,17,11,8699,44,5,2011.0,6.0
0,66,17,11,4431,44,33,2015.0,3.0
0,30,1,1,10840,32,1,2012.0,5.0
0,34,17,11,2950,44,5,2024.0,7.0
0,45,17,1,4576,25,8,2015.0,1.0
0,34,17,11,2252,44,5,2009.0,3.0
0,34,1,11,4998,44,33,2010.0,7.0
0,34,17,11,5577,57,5,2015.0,6.0
0,66,21,11,5205,16,8,2023.0,1.0
0,66,17,11,4967,16,33,2014.0,12.0
0,34,17,11,2990,44,5,2014.0,2.0
0,30,24,3,50,32,1,2009.0,3.0
0,66,17,11,5163,44,8,2024.0,2.0
0,66,17,11,6152,16,33,2013.0,4.0
0,30,24,3,10210,32,1,2008.0,2.0
0,34,17,11,2866,44,5,2013.0,6.0
0,34,17,11,7326,16,43,2007.0,11.0
0,34,17,11,11214,16,33,2014.0,8.0
0,70,17,11,7979,57,33,2019.0,11.0
0,30,17,12,10782,32,1,2015.0,1.0
2,66,17,11,895,16,43,2016.0,9.0
2,34,17,11,9075,16,33,2021.0,8.0
3,34,17,11,1869,16,33,2021.0,4.0
0,66,17,11,6145,16,5,2021.0,6.0
0,34,17,11,4941,16,33,2010.0,12.0
0,45,17,1,9587,16,8,2011.0,10.0
0,66,21,11,3263,57,33,2023.0,7.0
0,34,17,11,9065,16,33,2007.0,4.0
0,34,17,11,8959,16,33,2012.0,2.0
0,66,17,11,5533,16,33,2011.0,3.0
0,34,17,11,1446,44,5,2022.0,8.0
0,45,17,0,4389,44,8,2014.0,1.0
0,66,17,11,1263,16,33,2008.0,12.0
0,58,88,11,11235,16,29,2013.0,4.0
0,70,17,11,8019,16,33,2007.0,10.0
0,34,17,11,5758,16,5,2022.0,5.0
0,34,14,11,5746,16,5,2019.0,1.0
0,58,17,11,10310,16,43,2012.0,10.0
0,34,17,11,2042,44,5,2013.0,8.0
0,66,17,11,897,16,0,2009.0,11.0
0,7,17,11,6530,44,43,2008.0,9.0
0,30,21,13,6572,32,1,2019.0,4.0
0,66,17,11,384,16,8,2008.0,5.0
0,34,17,11,8860,23,33,2015.0,6.0
0,31,17,11,8293,16,8,2023.0,11.0
0,7,95,2,9696,32,43,2008.0,6.0
0,30,24,1,11185,32,1,2007.0,9.0
0,34,17,11,2147,44,5,2008.0,8.0
0,66,17,11,4124,44,8,2020.0,7.0
2,34,17,11,3744,16,33,2016.0,9.0
0,7,17,11,7657,44,33,2012.0,7.0
0,45,17,11,733,27,8,2017.0,7.0
0,66,17,1,3467,16,8,2008.0,5.0
0,34,17,11,4023,16,33,2023.0,2.0
0,58,17,11,9202,16,10,2013.0,2.0
0,7,17,1,9964,32,43,2008.0,7.0
0,34,17,11,5401,44,5,2024.0,3.0
3,61,17,2,8690,25,5,2025.0,4.0
0,66,17,11,5161,44,8,2017.0,4.0
0,7,95,3,6902,16,8,2007.0,10.0
2,66,17,12,1771,16,43,2019.0,6.0
0,34,17,11,3019,44,5,2014.0,5.0
0,30,24,0,10889,32,1,2010.0,5.0
0,23,17,0,9191,44,8,2024.0,10.0
0,66,17,11,3256,16,33,2024.0,9.0
3,34,17,11,9000,16,33,2022.0,8.0
0,66,17,11,1259,16,33,2024.0,2.0
0,66,17,11,5314,44,33,2013.0,8.0
0,66,17,11,4591,25,33,2022.0,12.0
0,34,17,11,6812,44,43,2013.0,4.0
0,34,17,11,2740,44,5,2022.0,2.0
0,7,17,11,1829,44,8,2024.0,4.0
0,34,17,11,10442,16,5,2017.0,1.0
0,66,17,1,3464,44,33,2010.0,3.0
0,34,17,1,287,36,33,2018.0,7.0
0,23,17,2,1638,16,8,2019.0,3.0
0,66,17,0,7586,32,8,2020.0,12.0
0,66,17,11,10236,44,33,2022.0,12.0
0,66,17,11,966,16,33,2014.0,12.0
0,34,17,11,4018,16,33,2023.0,5.0
0,34,17,11,1857,16,33,2022.0,9.0
0,34,17,11,2993,44,43,2013.0,10.0
0,66,17,11,5495,44,5,2024.0,8.0
0,30,24,12,11161,32,1,2010.0,10.0
0,66,17,1,3379,16,33,2024.0,8.0
3,34,17,11,2456,44,5,2014.0,12.0
3,34,17,11,9505,16,33,2015.0,6.0
0,34,17,11,6029,44,5,2008.0,12.0
0,34,17,11,2992,44,5,2014.0,2.0
3,34,17,11,5797,44,5,2015.0,5.0
0,34,17,11,1185,44,5,2014.0,8.0
0,34,17,1,10530,44,5,2018.0,7.0
0,65,24,3,6703,32,43,2011.0,9.0
0,34,17,11,178,44,5,2010.0,10.0
0,34,17,3,7341,57,43,2019.0,6.0
0,34,17,11,11205,36,33,2013.0,11.0
0,30,17,3,7541,32,1,2006.0,12.0
0,34,17,11,1455,36,5,2024.0,5.0
0,36,17,11,8620,36,8,2017.0,7.0
0,34,17,11,5395,44,5,2024.0,4.0
0,34,17,11,3920,16,33,2023.0,1.0
0,30,24,13,3122,32,1,2008.0,11.0
0,34,17,11,10694,57,33,2022.0,11.0
0,66,17,11,4414,44,33,2015.0,5.0
0,66,17,11,1672,16,19,2021.0,1.0
0,66,17,0,9548,6,8,2008.0,3.0
0,34,17,11,2038,44,5,2013.0,1.0
0,66,17,11,1062,16,19,2016.0,3.0
0,58,88,11,8041,16,33,2007.0,5.0
0,66,17,1,6178,16,33,2016.0,5.0
0,52,17,11,5801,44,5,2025.0,1.0
2,66,17,11,5778,44,43,2014.0,7.0
0,45,17,11,1689,44,8,2023.0,6.0
0,22,17,11,5138,16,33,2026.0,3.0
0,34,17,11,5665,36,5,2024.0,5.0
0,34,17,2,6327,44,5,2016.0,10.0
0,34,17,0,3973,44,5,2018.0,11.0
0,66,17,11,4769,16,33,2023.0,1.0
0,34,17,11,2199,44,5,2013.0,11.0
0,34,14,11,5499,16,5,2018.0,2.0
0,34,17,1,8220,16,33,2010.0,7.0
0,70,17,11,9271,16,33,2012.0,3.0
0,34,17,12,6007,44,5,2021.0,7.0
0,66,21,11,1816,16,33,2023.0,2.0
0,66,17,11,6054,16,33,2019.0,12.0
0,34,17,11,8257,16,33,2013.0,8.0
0,34,17,11,9803,16,43,2006.0,12.0
0,66,17,0,10253,36,8,2022.0,5.0
0,63,17,11,10193,36,8,2020.0,4.0
2,52,17,1,1376,16,19,2025.0,6.0
0,34,17,11,496,44,5,2019.0,12.0
0,63,17,2,10125,16,8,2012.0,6.0
0,66,17,11,3299,23,33,2020.0,6.0
0,66,17,0,6760,44,33,2005.0,5.0
0,66,17,1,4524,44,8,2011.0,9.0
0,34,17,1,2234,44,5,2014.0,6.0
0,66,17,11,986,16,33,2007.0,4.0
0,34,17,11,5945,44,5,2009.0,2.0
0,34,17,0,3805,44,43,2005.0,8.0
0,34,17,11,1454,36,5,2024.0,5.0
0,66,17,1,9293,44,43,2007.0,9.0
0,45,17,11,8605,44,8,2016.0,7.0
0,7,17,0,9712,32,43,2012.0,1.0
0,34,14,11,8930,16,33,2015.0,11.0
0,61,17,1,5843,44,33,2026.0,1.0
0,34,17,1,1438,44,5,2016.0,1.0
0,34,95,11,450,44,5,2014.0,9.0
0,22,17,1,5903,16,33,2024.0,4.0
0,66,17,11,898,16,33,2007.0,8.0
0,34,17,11,10416,16,5,2011.0,9.0
0,34,17,11,7097,16,43,2017.0,3.0
0,22,17,11,6038,16,33,2024.0,3.0
0,66,17,11,9529,16,33,2007.0,5.0
0,66,17,11,1803,16,33,2024.0,9.0
0,30,24,3,2,32,1,2008.0,6.0
0,30,17,1,10029,16,1,2007.0,5.0
0,34,17,11,2420,44,43,2007.0,2.0
0,34,17,11,10472,16,5,2013.0,2.0
0,66,17,11,995,44,5,2022.0,12.0
0,7,17,11,8303,44,8,2006.0,5.0
0,66,17,11,3585,16,33,2010.0,6.0
0,34,17,11,2051,44,5,2012.0,6.0
0,34,17,11,2152,44,5,2024.0,8.0
2,34,19,11,5418,44,5,2014.0,3.0
0,66,17,1,243,44,5,2008.0,1.0
0,34,17,11,1972,16,33,2023.0,7.0
0,52,17,11,2942,44,5,2025.0,4.0
0,34,24,11,9359,16,33,2013.0,6.0
0,34,17,11,7711,57,33,2014.0,11.0
0,34,17,11,2212,44,5,2010.0,12.0
0,34,17,11,7110,16,43,2018.0,1.0
0,66,17,11,7800,16,8,2007.0,8.0
0,34,17,11,2179,44,5,2014.0,8.0
0,7,17,3,9963,32,43,2007.0,2.0
0,34,17,11,5069,16,8,2021.0,11.0
0,62,17,2,10212,36,8,2014.0,6.0
0,66,17,0,4283,44,33,2009.0,9.0
0,34,17,11,2246,44,5,2009.0,2.0
0,34,17,1,9330,16,33,2008.0,5.0
0,7,17,13,10158,57,43,2014.0,6.0
0,7,17,3,9721,32,43,2010.0,1.0
0,34,17,11,7313,16,33,2014.0,3.0
0,34,17,11,2567,44,5,2015.0,6.0
0,66,17,11,8555,16,33,2024.0,3.0
0,34,17,11,3715,44,5,2019.0,12.0
0,23,17,1,4488,44,8,2025.0,4.0
0,34,17,11,2937,44,5,2021.0,3.0
0,58,17,11,10326,16,10,2014.0,5.0
0,34,17,11,6607,16,8,2012.0,12.0
0,30,17,12,8749,32,1,2009.0,1.0
0,48,17,1,4802,44,8,2015.0,3.0
3,34,17,1,9148,44,5,2015.0,7.0
0,34,17,11,2306,44,5,2014.0,3.0
0,66,17,11,4697,16,33,2024.0,4.0
2,66,17,11,1468,16,33,2018.0,8.0
0,30,88,3,9876,32,1,2007.0,11.0
0,66,17,0,10261,44,5,2012.0,6.0
0,34,17,11,8912,16,33,2015.0,11.0
0,34,17,11,2921,44,5,2016.0,1.0
0,30,17,1,10072,34,1,2009.0,11.0
0,23,17,1,4496,44,8,2019.0,5.0
0,30,17,12,10371,57,1,2008.0,7.0
3,34,17,11,7316,16,33,2021.0,2.0
3,34,17,11,2826,44,5,2014.0,5.0
0,34,17,11,2522,16,33,2013.0,2.0
0,66,17,11,3534,44,33,2010.0,8.0
0,34,17,0,7709,16,33,2007.0,10.0
0,66,17,11,1607,44,5,2014.0,4.0
0,7,17,0,9974,32,43,2011.0,1.0
0,34,17,1,9146,44,5,2020.0,7.0
0,34,17,1,7701,16,33,2011.0,7.0
0,34,20,11,9334,16,33,2011.0,6.0
2,66,17,11,1246,23,33,2014.0,6.0
0,66,17,2,5170,44,8,2022.0,12.0
0,70,17,11,8012,16,33,2015.0,8.0
2,34,17,11,190,44,5,2014.0,11.0
2,34,17,11,7019,16,33,2017.0,3.0
0,7,17,3,8371,32,8,2016.0,6.0
0,66,17,11,4333,16,33,2020.0,3.0
3,16,17,11,6863,10,33,2022.0,7.0
0,34,17,11,2665,16,33,2024.0,1.0
0,66,17,11,11061,36,8,2010.0,11.0
0,66,17,11,4211,16,33,2024.0,5.0
0,34,17,11,2127,44,5,2013.0,12.0
0,34,17,11,3725,44,5,2010.0,11.0
0,34,17,1,68,44,5,2015.0,9.0
3,34,17,11,2456,44,5,2014.0,12.0
0,66,17,11,4467,16,33,2021.0,11.0
0,34,17,11,3086,16,33,2023.0,5.0
0,16,17,1,6853,44,33,2020.0,6.0
2,34,14,11,8933,16,33,2017.0,8.0
0,30,24,3,10390,32,1,2013.0,3.0
0,30,17,1,10789,32,1,2005.0,4.0
0,34,17,11,2251,44,5,2009.0,3.0
0,34,17,11,6279,16,19,2009.0,3.0
0,66,17,11,3574,16,33,2013.0,5.0
0,70,95,11,8759,16,33,2013.0,3.0
0,23,17,11,4570,44,8,2017.0,8.0
0,30,24,0,7892,32,1,2009.0,8.0
0,66,17,11,868,16,0,2011.0,6.0
0,30,24,3,6550,32,1,2016.0,3.0
0,16,17,2,6795,44,33,2019.0,7.0
3,34,14,11,9400,16,33,2022.0,9.0
2,34,17,11,482,44,5,2015.0,11.0
0,23,17,11,4165,16,8,2018.0,7.0
0,34,17,11,2576,44,5,2013.0,10.0
0,34,17,11,9491,16,33,2012.0,5.0
0,7,17,1,6391,44,43,2008.0,6.0
0,7,24,3,9958,32,43,2007.0,12.0
0,63,17,1,6313,44,8,2024.0,11.0
0,30,17,12,10002,16,1,2008.0,3.0
0,63,17,1,10195,44,8,2015.0,4.0
0,66,17,11,4303,16,33,2007.0,11.0
0,23,17,1,1721,16,8,2022.0,3.0
0,66,17,11,5340,16,0,2021.0,12.0
2,34,17,11,2391,44,5,2014.0,3.0
0,4,17,11,4663,44,6,2016.0,1.0
0,34,17,11,2081,44,5,2012.0,10.0
0,52,17,11,2387,44,5,2025.0,1.0
0,34,17,1,273,6,8,2013.0,2.0
0,30,17,7,7832,32,43,2021.0,12.0
2,34,95,11,2450,44,43,2015.0,2.0
0,66,17,11,1098,16,33,2007.0,6.0
0,30,1,3,10997,32,1,2011.0,11.0
0,34,17,1,8841,16,33,2012.0,7.0
0,45,17,11,72,44,8,2022.0,11.0
0,57,17,11,444,16,8,2006.0,12.0
3,66,17,11,951,36,19,2021.0,1.0
0,45,17,11,11271,16,43,2013.0,5.0
0,34,17,11,2062,44,5,2013.0,10.0
0,34,17,11,1994,44,5,2011.0,12.0
0,66,17,11,1047,44,43,2015.0,6.0
0,66,17,11,967,16,0,2021.0,10.0
0,34,17,2,10533,44,5,2021.0,12.0
0,7,17,11,6108,44,8,2016.0,1.0
0,70,24,12,10704,32,43,2012.0,2.0
0,34,17,11,10471,16,5,2012.0,7.0
0,7,17,2,8409,32,43,2006.0,2.0
0,38,17,11,331,44,8,2025.0,6.0
0,45,17,1,7269,16,8,2014.0,8.0
0,34,17,11,1832,16,33,2022.0,6.0
0,30,17,1,10768,32,1,2015.0,4.0
0,30,17,12,10036,16,1,2007.0,6.0
0,34,17,11,2117,44,5,2012.0,12.0
2,66,17,11,5280,44,5,2025.0,8.0
0,45,17,11,8604,44,8,2019.0,1.0
0,7,24,2,7936,32,43,2011.0,10.0
0,66,17,11,4232,44,33,2013.0,9.0
0,66,17,11,3275,16,8,2008.0,11.0
0,34,17,1,9059,16,33,2011.0,7.0
0,66,17,11,3417,57,43,2022.0,12.0
2,34,17,11,9438,16,33,2012.0,9.0
0,34,17,11,9597,16,33,2017.0,8.0
0,30,17,1,6570,32,1,2024.0,9.0
0,52,14,11,328,16,33,2024.0,9.0
0,34,17,11,502,44,5,2020.0,12.0
0,66,17,11,3183,16,33,2024.0,2.0
0,7,88,3,6582,32,43,2008.0,4.0
0,34,17,11,512,44,5,2014.0,10.0
0,58,17,11,10304,16,43,2012.0,9.0
0,34,17,11,3796,44,43,2006.0,2.0
0,34,17,11,1454,44,5,2023.0,3.0
0,70,17,11,8789,16,33,2012.0,11.0
0,0,17,12,6886,32,43,2012.0,7.0
0,66,17,11,3272,44,8,2008.0,2.0
0,34,17,11,2533,16,33,2022.0,9.0
0,66,17,0,85,44,33,2013.0,8.0
0,7,17,3,8367,32,43,2010.0,1.0
0,34,17,11,1861,16,33,2023.0,3.0
0,34,95,11,7061,16,33,2008.0,10.0
0,34,17,11,2717,16,33,2022.0,9.0
0,66,17,11,6090,57,33,2020.0,9.0
0,7,24,3,6494,44,43,2007.0,9.0
0,7,17,11,10155,57,43,2016.0,6.0
0,34,17,11,2318,44,5,2021.0,7.0
0,66,17,1,3874,16,8,2011.0,10.0
0,66,17,11,4603,36,33,2022.0,7.0
0,30,17,1,6565,32,1,2015.0,6.0
0,34,17,11,6262,16,19,2009.0,3.0
0,34,17,11,2344,44,5,2011.0,5.0
0,34,17,11,4884,16,33,2011.0,12.0
0,34,17,11,7320,16,43,2006.0,1.0
0,16,17,0,6772,47,33,2017.0,6.0
0,66,14,11,622,16,8,2007.0,5.0
0,66,17,11,964,16,0,2017.0,5.0
0,52,17,11,5149,36,8,2025.0,4.0
0,66,1,11,616,57,8,2007.0,6.0
0,48,17,0,11048,44,8,2017.0,11.0
0,34,1,11,9012,16,33,2009.0,5.0
0,66,17,11,4749,16,33,2019.0,11.0
0,34,17,11,3672,16,33,2023.0,11.0
0,30,17,1,7431,32,1,2008.0,1.0
2,34,17,11,9073,23,33,2018.0,10.0
0,34,17,11,2076,44,5,2012.0,8.0
0,66,17,11,4915,36,33,2019.0,6.0
0,63,17,11,3324,44,8,2022.0,9.0
0,34,17,1,2250,44,5,2009.0,2.0
2,34,17,11,7112,16,33,2014.0,5.0
0,34,17,11,5564,44,5,2008.0,6.0
0,52,17,11,9768,16,33,2025.0,3.0
0,34,17,11,4084,44,5,2020.0,9.0
0,45,17,11,8591,44,8,2017.0,10.0
0,34,17,2,6328,44,5,2025.0,12.0
0,45,17,11,11272,16,43,2013.0,3.0
0,7,17,2,6930,16,43,2007.0,5.0
0,34,17,11,5883,44,5,2013.0,3.0
0,34,17,11,7176,16,33,2011.0,10.0
0,61,17,11,1303,16,33,2025.0,1.0
0,34,14,11,9485,23,33,2021.0,5.0
0,30,17,1,6658,32,1,2007.0,6.0
0,30,17,1,10831,32,1,2007.0,6.0
0,34,17,11,2554,44,5,2014.0,6.0
0,31,17,3,6481,16,8,2017.0,3.0
0,66,17,11,6186,16,33,2014.0,6.0
0,58,88,11,10292,16,8,2015.0,8.0
0,66,17,11,8514,44,5,2009.0,7.0
0,66,17,11,1543,16,33,2023.0,6.0
0,66,17,1,253,44,33,2010.0,11.0
0,66,17,11,863,16,0,2011.0,6.0
0,34,17,13,2368,16,43,2005.0,12.0
0,66,17,11,3238,16,33,2018.0,7.0
3,66,17,11,5434,16,33,2014.0,6.0
0,66,17,11,378,16,8,2007.0,9.0
0,34,17,11,2643,16,33,2023.0,6.0
0,45,17,11,4469,44,8,2016.0,8.0
0,34,17,11,3685,16,33,2018.0,1.0
0,7,17,1,7528,16,43,2008.0,2.0
0,34,17,11,5403,44,5,2024.0,3.0
0,34,17,11,4020,16,33,2023.0,1.0
0,66,17,11,3144,16,33,2023.0,1.0
0,34,17,11,666,57,33,2019.0,1.0
0,34,17,11,8232,16,33,2011.0,10.0
0,45,17,11,8544,44,8,2023.0,1.0
0,17,17,11,7960,16,8,2019.0,12.0
0,7,17,11,5858,44,33,2010.0,12.0
0,66,21,11,1817,16,33,2023.0,2.0
0,30,17,1,7372,32,1,2008.0,9.0
0,34,17,11,757,44,5,2019.0,8.0
0,66,17,11,4243,44,33,2017.0,12.0
0,66,17,11,4677,16,33,2013.0,5.0
0,34,95,11,10687,16,33,2017.0,1.0
0,66,17,2,7921,32,8,2014.0,2.0
0,34,17,11,2098,44,5,2011.0,11.0
0,66,17,11,1044,16,33,2014.0,3.0
0,7,17,11,6689,44,8,2014.0,3.0
2,66,95,11,10637,57,33,2016.0,1.0
0,34,95,11,2954,44,5,2019.0,4.0
3,34,17,11,2832,44,43,2014.0,5.0
3,34,17,11,1444,44,5,2021.0,10.0
0,66,17,11,248,16,19,2010.0,9.0
0,66,17,11,5865,16,0,2013.0,8.0
0,16,17,11,6475,44,33,2010.0,10.0
0,34,17,11,2954,44,5,2018.0,7.0
0,34,17,11,6607,16,8,2013.0,3.0
0,30,17,3,7387,32,1,2011.0,1.0
0,66,17,11,1823,16,19,2018.0,4.0
0,30,17,12,10001,16,1,2007.0,11.0
0,30,17,1,8431,32,1,2014.0,7.0
0,34,19,11,9423,16,33,2015.0,12.0
0,34,17,0,6275,16,19,2011.0,4.0
0,66,1,11,441,16,8,2007.0,12.0
0,66,17,11,3262,16,33,2017.0,12.0
0,34,95,11,502,44,5,2015.0,6.0
0,14,92,2,7425,22,27,2015.0,4.0
0,70,17,11,930,16,33,2023.0,3.0
0,58,17,12,7982,16,15,2011.0,7.0
0,7,17,0,8369,32,43,2012.0,2.0
0,30,24,3,7362,32,1,2009.0,3.0
0,66,17,11,547,36,5,2018.0,6.0
0,34,14,11,5512,16,5,2022.0,8.0
0,30,17,1,7482,32,1,2019.0,2.0
0,66,17,11,6002,16,33,2011.0,2.0
0,34,17,11,1896,16,33,2024.0,1.0
0,34,17,11,3069,6,5,2014.0,1.0
0,16,17,0,6850,44,33,2016.0,5.0
0,34,17,0,2286,44,5,2018.0,2.0
0,30,17,1,10847,32,1,2015.0,1.0
0,0,95,1,6485,32,1,2010.0,5.0
0,30,24,1,7471,32,1,2013.0,2.0
0,34,17,11,2062,44,5,2011.0,11.0
0,52,14,11,7009,16,33,2025.0,4.0
0,66,17,11,5362,16,33,2008.0,6.0
0,22,17,11,5995,16,33,2023.0,12.0
0,34,17,11,5268,44,5,2007.0,2.0
0,23,17,11,8104,16,8,2024.0,11.0
0,34,17,11,4068,44,5,2018.0,3.0
3,34,17,11,164,44,5,2015.0,4.0
0,66,17,11,3843,16,33,2011.0,3.0
3,34,17,11,7330,6,33,2015.0,4.0
0,30,17,12,10004,34,1,2007.0,12.0
0,30,24,1,11008,16,1,2007.0,7.0
0,34,17,11,4099,16,33,2023.0,7.0
0,34,17,11,9009,16,33,2013.0,5.0
0,34,17,11,5445,44,5,2024.0,10.0
0,34,95,11,3049,44,43,2014.0,7.0
0,7,17,11,11027,44,8,2013.0,5.0
0,34,17,11,2472,44,5,2012.0,8.0
2,34,17,11,5152,16,33,2017.0,5.0
0,66,17,11,4246,44,33,2014.0,7.0
0,7,17,11,7926,44,33,2014.0,1.0
0,7,17,11,7924,16,43,2013.0,8.0
0,34,17,11,11215,16,33,2015.0,7.0
0,34,14,11,9592,16,33,2023.0,9.0
0,66,17,11,3221,44,8,2014.0,1.0
0,34,17,11,1136,16,19,2012.0,5.0
0,66,17,11,1709,57,5,2022.0,8.0
0,34,95,0,8833,16,33,2015.0,11.0
0,34,17,11,2511,16,33,2023.0,2.0
0,7,17,0,8740,32,43,2012.0,10.0
0,34,14,0,9675,16,33,2023.0,6.0
0,23,17,2,9580,36,8,2025.0,7.0
2,34,95,11,266,16,8,2013.0,6.0
0,34,17,11,1927,16,33,2020.0,11.0
2,34,17,1,787,16,5,2018.0,11.0
3,34,17,11,1189,44,5,2014.0,8.0
0,34,17,11,6464,16,19,2014.0,2.0
0,7,24,3,7533,34,43,2009.0,12.0
3,23,17,2,9231,16,8,2021.0,10.0
0,66,17,11,4391,44,43,2015.0,5.0
0,34,19,1,3621,16,5,2024.0,12.0
3,34,17,11,745,44,5,2014.0,12.0
0,30,17,0,6698,32,1,2008.0,2.0
0,48,17,11,8684,44,8,2017.0,6.0
0,34,17,0,5226,44,5,2011.0,3.0
0,34,17,11,10515,44,5,2012.0,10.0
0,30,14,1,10964,32,43,2018.0,10.0
3,34,95,11,3004,36,43,2014.0,3.0
0,7,88,11,10380,32,43,2016.0,7.0
0,0,17,0,4853,16,19,2013.0,5.0
0,34,17,11,3061,57,5,2013.0,12.0
0,34,17,11,1331,16,5,2024.0,4.0
0,34,17,11,4943,16,33,2010.0,10.0
0,63,17,2,9562,44,8,2014.0,12.0
0,34,17,11,3632,44,5,2011.0,10.0
0,34,14,11,9652,16,43,2017.0,3.0
0,45,17,11,828,16,8,2015.0,3.0
0,45,17,11,11101,44,43,2012.0,10.0
0,30,24,3,7829,32,1,2008.0,5.0
0,30,17,1,7460,32,1,2015.0,10.0
0,66,17,11,4148,16,8,2007.0,7.0
0,66,17,11,5015,16,5,2025.0,3.0
0,23,17,11,4166,44,8,2023.0,7.0
0,34,17,11,2661,16,33,2022.0,11.0
0,34,17,2,9935,44,5,2022.0,10.0
0,34,17,11,9011,16,33,2009.0,5.0
0,58,17,11,7973,16,28,2010.0,5.0
0,34,14,11,8975,16,33,2017.0,11.0
0,34,17,11,9453,16,33,2015.0,7.0
0,30,17,12,3123,32,1,2009.0,2.0
0,34,14,11,5738,16,5,2019.0,9.0
0,7,17,3,6682,44,43,2007.0,2.0
0,52,17,11,2659,16,33,2025.0,5.0
0,34,17,1,9501,44,5,2012.0,5.0
0,30,66,1,10936,32,1,2016.0,3.0
0,34,17,11,1452,44,5,2020.0,2.0
0,34,17,0,3793,44,43,2005.0,7.0
0,34,17,11,492,44,5,2015.0,5.0
0,34,17,11,1179,44,5,2010.0,1.0
0,38,17,11,605,16,10,2025.0,1.0
0,30,17,1,6510,32,1,2018.0,7.0
0,7,17,11,11015,44,8,2013.0,4.0
0,66,17,2,10375,57,33,2020.0,10.0
0,34,17,11,3670,16,33,2023.0,4.0
0,7,17,12,8395,32,43,2009.0,6.0
0,34,17,11,2884,44,5,2016.0,9.0
0,30,17,1,10780,32,1,2015.0,4.0
0,34,17,11,1436,44,5,2016.0,3.0
0,34,17,11,363,16,33,2023.0,6.0
0,66,17,11,3182,16,8,2023.0,11.0
0,34,17,11,2573,16,33,2023.0,5.0
3,34,17,11,7188,16,33,2014.0,12.0
0,34,17,1,9600,16,43,2007.0,3.0
0,30,17,12,7895,32,1,2008.0,12.0
0,34,14,11,5215,16,33,2021.0,11.0
0,34,14,11,5399,44,5,2024.0,7.0
0,34,17,1,10169,6,33,2008.0,12.0
3,66,17,11,1045,16,43,2019.0,1.0
0,34,17,11,2823,44,5,2014.0,5.0
0,34,17,13,3032,44,5,2013.0,6.0
0,30,17,3,10938,32,1,2013.0,2.0
0,66,17,11,5923,16,8,2008.0,9.0
0,30,17,12,10977,32,1,2007.0,2.0
0,66,17,11,3965,36,33,2023.0,6.0
0,34,17,11,2841,44,5,2014.0,2.0
0,34,17,11,2455,44,5,2014.0,2.0
0,34,17,11,2921,44,5,2016.0,7.0
2,34,95,12,10446,16,5,2015.0,11.0
0,23,17,11,4153,36,8,2019.0,9.0
0,63,17,0,4966,36,8,2024.0,8.0
0,7,17,11,9765,44,8,2010.0,12.0
0,16,17,11,6235,6,33,2019.0,3.0
3,66,17,11,3569,16,33,2014.0,7.0
0,52,17,11,2199,44,5,2025.0,2.0
0,66,17,11,4353,44,33,2010.0,8.0
0,34,17,11,402,44,5,2015.0,3.0
0,34,17,11,5579,44,5,2022.0,9.0
3,34,17,11,2502,44,5,2014.0,5.0
0,34,17,11,5817,44,5,2024.0,8.0
0,34,14,11,5513,16,5,2022.0,8.0
2,34,17,11,473,44,5,2015.0,9.0
0,34,17,11,2900,44,5,2013.0,7.0
0,34,17,11,517,44,5,2016.0,9.0
0,34,17,11,1918,16,33,2012.0,11.0
0,30,17,1,10968,16,1,2006.0,8.0
0,66,17,11,4798,36,33,2017.0,10.0
0,66,17,11,933,16,19,2013.0,5.0
3,0,17,11,438,16,33,2018.0,11.0
0,30,17,1,9515,32,1,2005.0,6.0
0,45,17,11,677,44,8,2021.0,5.0
3,34,17,1,9144,44,5,2021.0,4.0
0,34,17,11,189,44,5,2014.0,11.0
0,34,17,11,2949,44,5,2022.0,12.0
0,7,17,1,10944,32,43,2006.0,12.0
0,30,24,2,10994,32,1,2025.0,11.0
0,34,17,11,10444,16,5,2018.0,7.0
0,34,95,11,1844,16,33,2022.0,12.0
0,66,17,11,3441,16,33,2023.0,12.0
0,30,17,1,10582,16,1,2009.0,6.0
0,34,17,11,2003,44,5,2014.0,4.0
0,34,17,11,1920,16,33,2010.0,5.0
0,66,17,11,5991,16,43,2019.0,6.0
0,34,17,11,2359,6,43,2014.0,1.0
0,34,17,11,10441,16,5,2016.0,7.0
0,16,17,0,6861,6,33,2018.0,5.0
0,4,17,11,3994,44,5,2018.0,10.0
0,30,24,1,7896,32,1,2009.0,2.0
0,34,17,11,5451,44,43,2007.0,8.0
0,34,17,11,2792,44,5,2008.0,2.0
0,66,17,11,846,16,33,2021.0,5.0
0,34,17,11,5740,16,5,2016.0,10.0
0,66,17,11,7748,16,0,2009.0,12.0
0,12,17,7,5609,16,10,2024.0,7.0
0,61,17,2,1301,16,33,2026.0,1.0
0,34,17,11,9114,16,33,2007.0,3.0
0,37,17,11,6771,44,33,2025.0,5.0
0,30,2,1,7377,32,1,2009.0,12.0
0,34,17,11,2514,16,33,2023.0,4.0
0,34,17,11,786,57,33,2023.0,3.0
0,34,17,11,122,44,5,2020.0,6.0
0,61,17,11,4779,57,33,2025.0,1.0
0,34,17,11,2911,44,5,2013.0,10.0
2,34,14,11,9033,57,33,2018.0,8.0
0,34,14,11,9640,16,33,2020.0,2.0
0,30,17,1,10268,32,1,2010.0,11.0
0,34,17,11,7123,16,33,2009.0,12.0
0,7,17,2,6941,32,43,2007.0,1.0
0,66,17,1,4824,44,33,2011.0,8.0
0,66,17,11,8122,16,5,2010.0,6.0
0,34,17,11,4180,16,33,2023.0,1.0
0,36,17,1,10713,16,8,2026.0,5.0
0,34,17,11,6813,44,5,2013.0,4.0
0,34,17,11,10492,16,33,2011.0,9.0
0,30,17,0,10088,16,1,2014.0,12.0
0,34,17,11,8452,16,43,2006.0,10.0
0,34,17,11,7024,16,33,2017.0,7.0
0,34,17,1,9370,16,33,2014.0,8.0
0,34,17,11,1454,44,5,2023.0,3.0
3,34,17,11,2954,44,5,2021.0,9.0
0,34,17,11,169,44,5,2015.0,5.0
0,66,17,1,4,44,33,2011.0,7.0
0,45,17,11,10741,34,43,2013.0,3.0
0,66,24,1,6627,44,33,2011.0,10.0
0,34,17,11,7338,16,33,2017.0,8.0
0,34,17,12,9797,16,43,2007.0,12.0
0,34,17,11,138,57,5,2013.0,12.0
0,34,17,11,1853,16,33,2022.0,8.0
0,66,17,11,7272,44,8,2010.0,1.0
0,34,17,11,2411,57,43,2013.0,7.0
0,34,17,11,9195,44,8,2010.0,7.0
3,34,17,11,2733,44,5,2014.0,4.0
0,66,17,11,3579,16,33,2012.0,6.0
0,66,17,11,5541,16,33,2015.0,5.0
0,30,24,3,27,32,1,2008.0,7.0
0,34,17,0,148,44,5,2013.0,5.0
0,66,17,11,3132,44,33,2012.0,9.0
0,30,17,1,10955,32,1,2017.0,2.0
0,34,17,13,6218,16,8,2012.0,12.0
0,70,17,1,963,16,33,2024.0,6.0
0,34,17,11,9094,16,43,2018.0,5.0
0,7,17,12,7520,32,43,2007.0,8.0
0,34,17,11,3658,16,33,2020.0,1.0
0,66,17,11,4680,16,33,2013.0,3.0
0,17,17,11,539,16,8,2020.0,5.0
0,34,17,11,5882,44,5,2014.0,8.0
3,34,17,11,2304,44,5,2014.0,5.0
0,66,17,1,3929,16,33,2013.0,10.0
0,34,17,11,7143,16,33,2011.0,9.0
2,34,17,11,4112,57,33,2019.0,4.0
0,34,17,11,10519,44,5,2010.0,12.0
0,34,17,1,3677,16,43,2013.0,5.0
0,34,17,11,2992,44,5,2014.0,2.0
0,30,24,12,7836,32,1,2010.0,1.0
0,30,24,12,10075,32,1,2013.0,2.0
0,34,95,11,8269,16,33,2008.0,10.0
0,66,17,1,3301,36,33,2024.0,11.0
0,34,17,11,1130,16,19,2011.0,10.0
0,66,17,11,2624,16,19,2023.0,2.0
0,38,17,1,8547,44,10,2024.0,5.0
0,66,17,0,1695,44,8,2011.0,8.0
0,34,17,11,10448,16,33,2013.0,1.0
0,34,17,11,5184,44,5,2023.0,2.0
2,66,17,11,4879,36,5,2024.0,7.0
0,34,17,11,7052,16,33,2017.0,4.0
0,38,17,11,1590,28,8,2024.0,2.0
3,66,17,11,4405,16,33,2020.0,5.0
0,66,17,11,5372,16,33,2012.0,2.0
0,23,17,0,4533,44,8,2022.0,2.0
3,66,95,0,7466,44,33,2014.0,2.0
0,34,14,11,5031,16,33,2016.0,7.0
0,66,17,11,3374,44,43,2016.0,2.0
0,30,17,1,7547,32,1,2007.0,4.0
0,34,17,11,9666,16,43,2006.0,7.0
3,34,17,11,78,44,5,2014.0,12.0
3,34,17,11,2295,44,5,2014.0,12.0
0,66,21,11,1815,16,33,2023.0,2.0
0,66,17,11,1277,16,33,2013.0,7.0
0,7,17,3,9722,32,43,2006.0,9.0
0,7,17,0,11018,44,43,2009.0,12.0
0,58,17,1,8569,50,8,2019.0,4.0
0,7,21,11,2591,44,8,2023.0,6.0
0,34,17,11,9414,16,33,2013.0,7.0
0,45,17,11,8658,16,10,2014.0,8.0
0,34,17,11,2884,44,5,2017.0,4.0
0,7,17,0,8425,32,43,2008.0,9.0
2,16,17,0,6759,44,33,2015.0,6.0
3,34,17,11,2138,44,5,2014.0,6.0
0,66,17,1,11140,44,8,2024.0,10.0
0,34,17,11,578,44,8,2010.0,8.0
0,7,17,3,8384,32,43,2009.0,11.0
0,30,24,1,7543,32,1,2013.0,9.0
0,61,17,11,4980,44,5,2025.0,3.0
0,66,17,11,4643,57,33,2013.0,4.0
0,66,17,11,3509,44,33,2010.0,11.0
2,34,17,12,2465,44,43,2012.0,2.0
0,34,17,1,10417,16,5,2009.0,3.0
0,34,17,11,1143,16,33,2023.0,10.0
0,30,88,1,10963,16,1,2006.0,1.0
0,0,17,11,269,16,33,2015.0,10.0
0,66,17,11,3883,35,8,2006.0,6.0
0,66,17,11,842,16,19,2009.0,5.0
0,66,17,11,3271,16,8,2008.0,10.0
0,22,17,1,5839,16,33,2024.0,12.0
0,66,17,11,3254,16,33,2023.0,2.0
0,34,14,11,9103,36,33,2018.0,8.0
0,66,17,11,1658,16,19,2020.0,3.0
0,66,17,11,1055,26,8,2012.0,7.0
0,30,17,12,10834,32,1,2007.0,12.0
0,66,17,2,9682,16,33,2025.0,2.0
0,7,17,0,8378,32,43,2007.0,12.0
0,66,17,11,4870,16,0,2021.0,1.0
0,7,17,12,10345,32,43,2009.0,8.0
0,66,21,11,4435,44,33,2023.0,3.0
0,34,1,11,579,16,8,2010.0,3.0
0,0,17,12,8466,32,43,2007.0,8.0
0,34,17,11,6878,32,43,2008.0,4.0
0,23,17,0,4545,44,8,2022.0,9.0
0,34,17,1,5555,44,5,2014.0,7.0
0,66,1,11,3484,16,8,2008.0,1.0
0,34,14,11,5730,16,5,2016.0,7.0
0,30,24,3,10112,16,1,2008.0,1.0
0,30,17,1,10653,32,1,2011.0,9.0
0,34,17,11,2696,16,33,2023.0,4.0
0,58,17,11,10322,16,8,2014.0,6.0
0,30,17,1,9513,32,1,2018.0,12.0
0,34,17,11,2700,16,33,2022.0,12.0
2,34,24,11,2456,44,5,2013.0,5.0
0,30,17,0,6471,32,1,2024.0,4.0
0,58,17,11,10698,16,43,2013.0,3.0
0,66,17,11,4740,16,33,2019.0,3.0
0,66,17,11,1762,16,33,2015.0,3.0
0,34,17,0,3799,44,43,2006.0,2.0
0,66,17,11,7773,16,0,2011.0,6.0
3,70,95,11,5448,16,43,2015.0,12.0
0,30,17,1,7379,32,1,2006.0,12.0
0,66,1,11,379,16,8,2006.0,10.0
0,66,17,11,9289,44,8,2006.0,8.0
0,54,90,2,9550,16,27,2019.0,3.0
0,23,17,0,4344,6,8,2017.0,7.0
0,34,17,12,8252,16,33,2010.0,8.0
0,17,17,1,9263,16,8,2017.0,8.0
0,34,17,11,1173,44,5,2019.0,10.0
0,66,17,0,6362,44,33,2011.0,11.0
0,34,17,11,10417,16,5,2009.0,3.0
0,34,14,11,4846,16,33,2024.0,8.0
0,66,17,11,8156,16,33,2015.0,7.0
3,58,88,11,8030,16,0,2014.0,8.0
0,34,17,11,5799,44,5,2024.0,12.0
0,7,17,3,10595,32,43,2007.0,7.0
0,34,17,11,1153,16,33,2022.0,7.0
0,34,17,11,495,44,5,2020.0,1.0
0,34,17,11,1579,44,43,2009.0,7.0
0,30,17,1,9924,32,1,2018.0,6.0
3,66,17,2,4260,44,33,2016.0,1.0
0,34,17,11,11102,44,5,2019.0,9.0
0,7,17,11,6896,44,8,2016.0,10.0
0,66,17,0,9053,16,33,2012.0,8.0
0,30,17,3,7243,32,1,2011.0,8.0
0,45,17,11,8621,44,8,2019.0,8.0
0,7,17,0,8344,32,43,2008.0,7.0
0,34,17,11,3705,44,33,2010.0,7.0
0,66,17,12,867,16,0,2009.0,8.0
0,34,95,11,8231,16,33,2008.0,10.0
0,66,14,11,3269,57,8,2008.0,4.0
0,34,17,11,1519,44,5,2014.0,3.0
0,66,17,11,1325,16,33,2024.0,5.0
0,66,17,11,3312,44,43,2017.0,11.0
0,34,17,11,2885,44,5,2014.0,6.0
0,66,17,11,1799,16,33,2014.0,2.0
0,52,17,1,7702,16,5,2026.0,1.0
3,34,17,11,421,44,5,2014.0,6.0
0,63,17,7,3942,53,8,2017.0,7.0
0,34,14,11,5755,44,5,2024.0,10.0
0,34,17,11,4097,16,33,2022.0,12.0
0,66,17,11,9179,44,19,2007.0,4.0
0,66,17,1,6629,16,33,2011.0,12.0
0,66,17,11,987,16,5,2020.0,4.0
0,16,17,11,6842,33,33,2022.0,1.0
0,34,17,12,9831,16,43,2007.0,2.0
0,58,17,11,1620,16,10,2014.0,9.0
0,34,17,11,295,16,43,2007.0,2.0
0,34,17,11,2178,44,5,2010.0,1.0
0,30,24,1,9897,32,1,2008.0,11.0
0,30,42,3,11157,32,1,2022.0,11.0
2,34,17,1,5045,44,33,2014.0,11.0
0,34,17,11,6209,16,8,2008.0,5.0
0,34,14,11,9645,16,33,2022.0,7.0
0,34,24,1,10674,16,8,2012.0,4.0
0,34,17,11,3628,44,5,2013.0,2.0
0,66,17,11,2505,16,33,2013.0,3.0
0,30,17,1,10972,32,1,2005.0,4.0
0,66,17,11,11133,53,8,2015.0,10.0
0,30,24,12,3121,32,1,2008.0,9.0
0,34,17,11,2062,44,5,2012.0,2.0
0,66,17,11,10338,44,5,2014.0,2.0
0,34,88,1,6669,44,5,2020.0,6.0
0,34,17,11,6613,32,8,2008.0,3.0
0,66,17,11,7767,16,33,2018.0,7.0
0,34,17,1,482,44,5,2017.0,2.0
0,61,17,1,7607,16,8,2025.0,12.0
0,66,17,11,4300,16,33,2015.0,11.0
0,34,17,12,3530,44,43,2007.0,8.0
0,34,17,11,503,44,5,2018.0,7.0
0,30,17,2,9985,16,1,2023.0,9.0
0,34,17,0,5794,34,43,2008.0,7.0
0,66,17,11,1778,44,33,2021.0,8.0
0,34,17,11,8861,16,33,2008.0,8.0
0,66,21,11,3266,36,8,2023.0,1.0
0,34,17,11,491,44,43,2015.0,11.0
0,7,17,3,8737,32,43,2008.0,3.0
0,66,17,11,3603,16,33,2023.0,3.0
0,70,17,11,11232,16,33,2022.0,12.0
0,58,17,12,8007,57,25,2011.0,11.0
0,34,17,11,2176,44,5,2010.0,7.0
3,34,17,11,58,16,33,2021.0,7.0
0,63,17,11,5992,16,19,2022.0,6.0
0,30,17,1,10079,16,1,2009.0,7.0
0,34,17,11,1831,16,33,2024.0,8.0
0,34,17,11,2241,44,5,2012.0,10.0
0,30,24,1,11152,32,1,2011.0,3.0
2,34,17,11,3107,44,5,2020.0,10.0
2,34,17,11,10605,36,43,2015.0,7.0
0,66,17,11,9048,16,33,2015.0,9.0
0,66,17,11,4230,44,33,2013.0,6.0
0,52,17,11,2500,36,5,2025.0,5.0
0,52,17,0,3979,44,5,2026.0,1.0
0,34,17,11,8907,16,43,2017.0,3.0
0,58,88,11,1614,16,8,2014.0,8.0
0,66,17,11,4250,44,33,2024.0,3.0
2,34,17,11,474,44,5,2018.0,2.0
0,7,17,3,6933,32,43,2007.0,6.0
0,66,17,11,1576,16,19,2024.0,9.0
0,34,17,11,3072,44,5,2015.0,3.0
0,52,17,11,4830,16,33,2025.0,7.0
0,66,17,11,4460,16,33,2014.0,12.0
0,34,17,11,8846,16,33,2013.0,9.0
0,23,17,11,4493,44,8,2017.0,6.0
0,34,17,11,1911,16,33,2022.0,9.0
3,16,17,11,6293,44,33,2019.0,2.0
0,66,17,0,4191,44,33,2014.0,7.0
0,23,17,11,4495,44,8,2018.0,2.0
0,30,95,0,10385,32,1,2009.0,5.0
0,66,17,12,1,44,33,2009.0,12.0
0,34,17,2,6889,44,5,2020.0,11.0
0,34,17,1,9137,44,5,2013.0,2.0
0,66,17,11,7732,44,0,2012.0,8.0
0,66,17,11,4256,44,33,2023.0,11.0
0,45,17,11,7213,16,8,2015.0,11.0
0,34,17,11,8917,16,43,2018.0,2.0
0,30,17,1,10095,16,1,2008.0,9.0
0,66,17,1,6138,16,43,2018.0,1.0
0,34,17,11,534,44,5,2015.0,11.0
0,34,17,11,7053,16,33,2013.0,5.0
0,34,17,11,5675,36,5,2024.0,4.0
0,66,17,11,1602,16,33,2007.0,7.0
0,42,17,3,6742,44,33,2025.0,2.0
0,45,17,11,4159,16,8,2015.0,1.0
0,66,17,1,11065,44,8,2013.0,1.0
0,30,17,1,11147,32,1,2010.0,6.0
3,34,19,11,5757,36,5,2015.0,3.0
0,45,17,11,8636,44,43,2014.0,6.0
0,7,17,3,6531,32,43,2007.0,8.0
0,66,17,11,4717,16,33,2023.0,3.0
0,34,17,11,5565,44,5,2008.0,6.0
0,34,17,11,3697,16,33,2022.0,12.0
0,23,17,1,4500,44,8,2019.0,9.0
0,34,17,11,2838,44,5,2013.0,9.0
0,30,24,1,7628,32,1,2010.0,10.0
0,66,17,0,9693,57,33,2007.0,4.0
0,34,17,11,7147,16,33,2012.0,12.0
0,34,17,11,4110,44,43,2004.0,10.0
0,7,17,2,6618,44,8,2024.0,11.0
0,23,17,11,10742,16,8,2017.0,12.0
0,66,17,11,3597,16,33,2012.0,8.0
2,30,17,2,10857,32,1,2014.0,11.0
0,30,17,0,7553,32,1,2024.0,6.0
0,34,95,11,5807,44,5,2024.0,7.0
0,66,17,11,6013,44,33,2014.0,1.0
0,7,17,11,6692,44,43,2008.0,12.0
0,30,17,3,10075,34,1,2013.0,7.0
0,34,17,11,4174,16,33,2023.0,6.0
0,23,17,1,4477,44,8,2020.0,5.0
3,34,17,11,2545,44,5,2015.0,2.0
2,66,95,11,4648,57,33,2013.0,4.0
0,30,17,12,7842,32,1,2013.0,5.0
0,34,17,11,5497,44,5,2024.0,3.0
0,34,17,11,2568,44,43,2015.0,5.0
0,23,17,1,815,16,8,2024.0,7.0
0,34,17,11,9826,16,43,2006.0,9.0
0,34,17,11,2093,44,5,2011.0,10.0
0,7,17,0,5150,44,32,2020.0,6.0
0,58,17,11,7955,16,25,2013.0,8.0
0,4,17,0,4440,44,33,2016.0,6.0
0,45,17,1,8648,44,8,2022.0,3.0
0,66,17,11,4516,44,33,2020.0,6.0
0,23,17,0,4374,44,8,2025.0,6.0
0,66,17,11,241,44,5,2007.0,5.0
0,66,95,11,6087,16,33,2014.0,7.0
0,66,17,12,7750,16,0,2010.0,6.0
0,66,17,11,3606,16,33,2022.0,11.0
0,23,17,11,827,36,8,2023.0,4.0
0,63,17,2,8823,16,10,2019.0,3.0
0,34,17,11,1290,44,5,2023.0,9.0
0,30,17,1,7244,32,1,2007.0,4.0
0,58,17,12,6229,16,43,2011.0,3.0
0,34,17,11,2014,44,5,2024.0,2.0
0,30,24,1,11144,32,1,2011.0,5.0
0,34,95,11,2312,44,5,2014.0,11.0
0,34,17,11,9076,16,33,2013.0,9.0
0,66,17,11,3827,16,33,2011.0,6.0
0,66,17,11,3761,16,33,2024.0,9.0
0,66,17,11,3471,44,8,2008.0,5.0
0,66,17,11,3218,44,8,2014.0,2.0
0,66,17,11,6146,16,33,2013.0,5.0
0,52,14,11,5137,36,43,2026.0,7.0
0,30,17,1,6650,32,1,2012.0,2.0
0,66,17,11,5225,32,8,2016.0,11.0
0,34,17,11,2908,44,5,2016.0,12.0
0,66,17,11,8116,16,5,2010.0,10.0
0,23,17,0,4567,44,8,2024.0,5.0
0,66,17,11,1982,44,33,2009.0,7.0
0,34,17,11,2011,16,33,2023.0,10.0
0,23,17,11,1734,16,8,2020.0,12.0
0,66,17,11,5493,44,5,2019.0,4.0
0,66,17,11,11112,6,33,2022.0,10.0
0,66,17,11,1600,44,5,2021.0,6.0
3,66,17,11,3285,16,33,2023.0,2.0
0,7,17,3,6681,44,43,2012.0,2.0
0,13,29,11,7497,32,32,2024.0,1.0
0,34,17,11,7000,16,33,2019.0,4.0
0,7,17,1,2631,44,8,2021.0,11.0
0,7,17,11,9762,44,43,2008.0,6.0
0,30,24,1,7239,32,1,2007.0,10.0
0,34,17,11,1399,16,33,2015.0,10.0
0,16,17,0,6858,16,33,2020.0,1.0
0,66,17,11,3457,44,33,2012.0,6.0
3,34,17,11,2139,44,5,2014.0,6.0
3,34,17,11,2833,44,5,2014.0,5.0
0,66,17,11,3199,44,8,2014.0,7.0
0,34,17,11,9210,44,43,2013.0,11.0
0,34,17,1,8804,44,5,2012.0,10.0
0,34,17,11,5818,44,5,2024.0,8.0
0,34,17,11,5539,44,43,2014.0,3.0
0,34,17,13,3611,44,5,2013.0,3.0
0,23,17,11,4473,44,8,2019.0,9.0
0,7,95,13,10170,57,43,2012.0,3.0
0,34,17,11,1204,44,5,2007.0,2.0
0,34,14,11,5634,16,33,2024.0,1.0
0,34,17,11,5423,44,5,2009.0,3.0
0,34,19,11,5208,16,33,2016.0,11.0
0,7,17,2,6441,32,43,2008.0,6.0
0,12,17,11,5622,44,10,2022.0,10.0
0,34,14,11,8981,16,33,2022.0,2.0
0,66,17,11,1824,16,33,2021.0,8.0
0,30,17,13,10092,32,1,2016.0,7.0
0,58,88,11,8024,16,33,2007.0,5.0
0,34,95,11,7060,16,33,2008.0,4.0
0,30,24,3,61,32,1,2010.0,12.0
0,34,17,11,2818,44,5,2008.0,4.0
0,66,17,11,4224,16,33,2009.0,4.0
0,30,17,2,10822,32,1,2006.0,1.0
3,22,17,11,6006,16,33,2024.0,2.0
0,34,95,11,2318,44,5,2016.0,7.0
0,34,17,11,9608,16,33,2018.0,7.0
0,34,17,11,2935,44,5,2020.0,1.0
0,58,89,11,8151,6,23,2015.0,1.0
0,34,17,11,2415,44,5,2024.0,2.0
0,34,17,11,6086,36,43,2015.0,5.0
0,34,17,11,3699,16,33,2023.0,9.0
0,34,17,11,6287,16,33,2008.0,6.0
0,66,17,1,543,44,5,2014.0,3.0
0,34,95,11,3094,44,5,2024.0,12.0
0,34,17,1,9206,44,5,2009.0,12.0
0,34,17,11,9366,16,33,2009.0,10.0
0,66,17,11,4604,16,33,2016.0,2.0
3,34,17,11,2988,44,5,2014.0,4.0
0,66,17,11,5775,36,8,2023.0,3.0
0,30,17,11,10791,32,1,2025.0,8.0
0,66,17,0,6775,44,33,2014.0,11.0
0,66,17,11,6004,16,33,2013.0,3.0
0,34,17,11,2898,44,5,2015.0,10.0
0,66,17,11,9314,44,8,2007.0,5.0
0,30,24,1,6552,32,1,2012.0,9.0
0,34,17,11,3696,16,33,2023.0,5.0
0,34,17,11,3939,57,33,2023.0,4.0
0,23,17,1,4508,44,8,2021.0,1.0
0,30,17,1,10800,32,1,2018.0,1.0
0,34,17,11,3030,44,5,2013.0,7.0
0,45,17,11,4561,6,8,2014.0,6.0
0,34,17,11,2062,44,5,2011.0,11.0
0,34,17,11,67,44,5,2016.0,8.0
0,52,17,11,2721,16,33,2024.0,9.0
0,30,88,1,10108,57,1,2022.0,10.0
0,23,17,1,4518,44,8,2024.0,2.0
0,66,17,11,10245,44,8,2006.0,12.0
0,34,17,11,2422,44,43,2007.0,3.0
0,45,17,11,640,44,8,2022.0,11.0
0,34,17,11,128,44,5,2012.0,4.0
0,66,17,11,3170,16,33,2019.0,12.0
0,34,17,11,5728,44,5,2022.0,6.0
0,45,17,0,8622,36,8,2018.0,3.0
3,66,17,11,3284,16,33,2023.0,2.0
3,66,17,11,3237,36,33,2021.0,12.0
0,34,17,12,2180,44,43,2015.0,2.0
0,34,17,11,2109,44,5,2011.0,3.0
0,23,17,0,4502,44,8,2022.0,4.0
0,30,24,0,7435,32,1,2013.0,11.0
0,7,17,11,6910,44,8,2011.0,8.0
0,34,17,11,2225,44,5,2011.0,9.0
0,7,17,0,9716,32,43,2010.0,6.0
0,34,14,11,1537,16,33,2023.0,9.0
3,66,17,11,4324,16,43,2014.0,7.0
0,66,17,11,4264,16,33,2007.0,10.0
0,34,17,11,3716,16,33,2011.0,3.0
0,7,17,1,9763,57,43,2011.0,6.0
0,7,17,1,7639,6,8,2018.0,5.0
0,58,17,11,7666,16,43,2012.0,11.0
0,61,17,11,946,16,19,2026.0,7.0
3,34,17,11,2184,44,5,2014.0,4.0
0,34,17,11,341,36,33,2024.0,5.0
0,34,17,11,2212,44,5,2011.0,8.0
3,34,17,11,773,44,5,2014.0,12.0
0,34,17,11,2960,44,5,2021.0,8.0
0,66,17,11,7261,16,8,2009.0,5.0
0,52,14,11,5700,36,5,2026.0,1.0
0,34,17,11,2919,44,43,2016.0,5.0
0,66,17,11,3230,16,33,2013.0,6.0
0,45,17,11,8610,44,8,2016.0,4.0
0,34,17,11,1879,16,33,2023.0,5.0
0,66,17,11,5473,44,5,2021.0,3.0
0,66,17,11,439,44,8,2008.0,8.0
0,30,24,3,7554,32,1,2022.0,5.0
0,30,16,12,9854,32,1,2008.0,5.0
0,34,17,11,7695,16,33,2012.0,3.0
0,34,17,11,2924,44,5,2016.0,1.0
0,34,17,11,67,44,5,2016.0,3.0
0,66,17,1,9230,44,33,2011.0,1.0
0,34,17,11,6607,16,8,2012.0,8.0
0,34,17,11,2108,44,5,2011.0,8.0
0,34,14,11,8999,57,33,2017.0,6.0
0,66,17,11,4752,16,33,2019.0,2.0
0,66,17,11,3163,16,33,2008.0,9.0
0,70,17,11,8160,16,33,2023.0,12.0
0,66,17,11,327,57,8,2008.0,4.0
0,66,17,11,6085,16,33,2019.0,3.0
0,58,88,1,6342,25,26,2014.0,2.0
0,45,17,11,11106,16,0,2023.0,5.0
0,34,17,11,2168,44,5,2013.0,12.0
0,34,17,11,5054,36,8,2023.0,11.0
0,48,17,11,1649,44,8,2020.0,6.0
0,66,17,11,3240,16,33,2024.0,4.0
2,81,95,12,8188,57,43,2014.0,6.0
0,34,17,11,7350,16,33,2020.0,11.0
0,45,17,0,6800,44,8,2013.0,8.0
0,34,95,11,7078,16,33,2008.0,10.0
0,23,17,1,1632,36,8,2024.0,7.0
3,34,17,11,772,44,5,2014.0,12.0
0,66,17,11,1471,16,33,2023.0,5.0
0,66,14,11,324,16,8,2006.0,11.0
0,34,17,11,7851,16,43,2007.0,3.0
0,61,17,11,5724,44,5,2026.0,5.0
0,30,17,1,7438,32,1,2020.0,11.0
0,34,17,11,7317,16,33,2018.0,1.0
0,45,17,11,8619,44,8,2016.0,9.0
0,34,17,11,2281,44,5,2011.0,2.0
0,34,17,12,9797,16,43,2007.0,9.0
0,66,17,11,4459,16,33,2014.0,12.0
0,7,17,0,8195,44,8,2015.0,3.0
0,66,17,11,8702,44,5,2011.0,9.0
0,63,17,7,3950,16,8,2015.0,12.0
0,34,17,11,2763,44,5,2007.0,6.0
0,66,17,11,4743,16,33,2010.0,7.0
0,63,17,11,3318,44,8,2023.0,7.0
0,35,17,11,9496,16,33,2011.0,5.0
0,23,17,1,4517,44,8,2024.0,1.0
0,30,17,1,10857,32,1,2014.0,8.0
0,36,17,11,10334,25,8,2019.0,6.0
0,34,17,11,2902,44,5,2016.0,3.0
0,52,17,11,408,36,33,2024.0,10.0
2,34,95,11,8224,16,33,2014.0,5.0
0,66,17,11,4360,16,33,2007.0,8.0
0,66,17,11,867,16,0,2012.0,2.0
3,34,17,11,9354,16,43,2015.0,5.0
0,34,17,11,2945,44,5,2021.0,7.0
0,66,17,11,3164,44,33,2018.0,6.0
0,7,17,0,8360,32,43,2011.0,5.0
3,35,95,11,5437,44,33,2014.0,1.0
0,34,14,11,7323,16,33,2017.0,6.0
0,66,95,11,807,16,5,2009.0,2.0
0,30,17,1,7543,57,1,2006.0,7.0
0,66,17,11,1674,16,19,2019.0,4.0
0,7,17,0,6392,44,8,2007.0,5.0
0,34,17,11,109,44,5,2014.0,6.0
0,7,17,3,9960,32,43,2011.0,3.0
0,38,17,11,8546,16,33,2025.0,4.0
0,7,17,1,9963,32,43,2007.0,4.0
0,30,24,1,10085,16,1,2008.0,8.0
0,34,17,11,1942,16,33,2024.0,3.0
0,63,87,2,8824,16,10,2021.0,3.0
0,66,17,11,6082,16,33,2007.0,5.0
0,66,17,0,1630,44,8,2011.0,10.0
0,34,17,11,2897,44,5,2016.0,7.0
0,34,17,11,3730,16,33,2010.0,4.0
3,34,17,11,1385,16,19,2022.0,8.0
0,34,17,11,1193,44,5,2007.0,2.0
0,30,17,1,10096,16,1,2008.0,10.0
0,65,17,1,6706,32,43,2011.0,12.0
0,30,95,3,16,32,1,2009.0,2.0
0,30,19,0,9861,32,1,2016.0,2.0
0,30,12,1,9883,32,1,2007.0,6.0
3,34,17,11,3745,36,33,2015.0,4.0
0,34,17,11,1843,16,33,2022.0,8.0
0,17,17,11,566,16,8,2024.0,2.0
0,12,17,1,10548,16,10,2020.0,10.0
0,34,17,11,2187,44,5,2011.0,5.0
0,34,17,11,2089,44,5,2013.0,6.0
0,34,17,11,5571,44,5,2022.0,9.0
0,34,17,11,3683,44,33,2023.0,6.0
0,66,17,11,4298,16,33,2017.0,3.0
0,34,17,11,5511,16,5,2019.0,2.0
0,34,17,1,5094,44,5,2017.0,4.0
0,34,17,11,3651,44,5,2009.0,5.0
0,7,17,1,6387,44,43,2007.0,8.0
0,34,17,11,3771,16,43,2007.0,8.0
0,34,17,11,2781,44,5,2008.0,8.0
3,34,17,11,2948,44,5,2014.0,4.0
2,66,95,11,852,16,0,2019.0,4.0
0,34,17,11,2253,44,5,2012.0,6.0
0,34,17,11,8881,16,33,2017.0,12.0
0,58,88,12,6491,25,31,2010.0,2.0
0,63,17,1,3951,16,8,2015.0,11.0
0,30,17,2,7470,16,1,2005.0,4.0
0,34,17,11,4019,16,33,2017.0,11.0
0,58,17,11,7666,16,10,2013.0,8.0
0,7,17,1,8317,44,8,2012.0,6.0
0,34,17,11,7032,16,33,2017.0,6.0
0,7,17,11,5857,16,43,2012.0,6.0
2,66,17,11,3350,23,33,2020.0,1.0
0,7,17,0,9736,32,43,2011.0,12.0
0,58,17,11,1697,16,10,2017.0,5.0
0,66,17,11,3578,16,33,2012.0,11.0
0,66,17,11,3905,57,43,2015.0,10.0
0,45,17,11,5450,16,10,2014.0,7.0
0,66,17,11,5166,44,8,2017.0,4.0
0,66,17,11,3177,17,33,2018.0,8.0
0,66,17,11,260,16,5,2019.0,8.0
0,34,17,1,9832,16,43,2006.0,8.0
0,30,17,0,7882,32,1,2019.0,11.0
0,34,17,11,8985,16,33,2010.0,2.0
0,34,95,11,7058,57,43,2018.0,1.0
2,34,17,4,1435,44,5,2016.0,3.0
0,7,17,1,11017,44,43,2008.0,7.0
0,45,17,11,4364,44,8,2014.0,11.0
0,23,17,11,6066,16,8,2019.0,3.0
3,66,17,11,3306,16,33,2023.0,10.0
0,66,17,11,3377,44,8,2018.0,8.0
0,30,17,1,10056,16,1,2015.0,4.0
0,34,17,11,5453,44,5,2014.0,2.0
0,45,17,11,8635,36,8,2016.0,7.0
0,34,17,11,2926,44,5,2016.0,8.0
2,34,95,1,5420,44,43,2015.0,5.0
0,66,17,11,1262,16,33,2018.0,6.0
3,0,17,11,541,16,19,2014.0,5.0
0,66,17,11,8703,44,5,2011.0,1.0
0,34,17,11,8211,16,33,2017.0,11.0
0,34,17,1,6607,16,8,2013.0,3.0
0,12,17,1,5602,16,8,2021.0,7.0
0,22,17,11,4796,16,33,2024.0,5.0
0,34,17,0,5062,16,33,2022.0,12.0
0,30,17,0,7841,32,1,2007.0,11.0
0,70,17,11,8009,16,33,2017.0,7.0
0,30,24,12,11172,32,1,2008.0,8.0
0,66,17,11,4599,44,33,2017.0,3.0
0,45,17,1,7257,16,8,2014.0,10.0
0,34,17,2,5185,44,5,2019.0,11.0
3,34,17,11,2313,44,5,2014.0,6.0
0,34,17,11,669,16,33,2022.0,11.0
3,66,17,11,6429,16,33,2015.0,12.0
0,66,1,11,3470,16,8,2006.0,10.0
0,66,17,11,4728,16,33,2022.0,6.0
0,34,17,11,3808,44,43,2006.0,5.0
0,34,17,11,1419,36,5,2023.0,5.0
0,7,17,0,6943,32,43,2011.0,5.0
0,66,17,11,1236,16,33,2019.0,7.0
0,34,17,11,6301,16,42,2018.0,3.0
0,66,17,1,6596,44,8,2011.0,3.0
0,34,17,11,1181,44,5,2009.0,9.0
0,34,17,11,3738,16,33,2011.0,10.0
0,34,17,11,5398,44,5,2024.0,12.0
0,30,17,1,7401,32,1,2018.0,11.0
0,66,17,2,5873,16,5,2010.0,5.0
0,66,17,11,233,44,5,2011.0,5.0
0,66,17,1,6719,44,33,2007.0,5.0
3,34,17,11,5563,44,5,2014.0,5.0
0,7,17,0,6941,32,43,2007.0,1.0
0,34,14,11,5988,16,33,2024.0,4.0
0,34,17,11,8243,16,33,2009.0,1.0
0,30,24,12,7538,32,1,2008.0,2.0
0,34,17,1,4624,16,33,2008.0,1.0
0,34,17,11,3031,44,5,2013.0,10.0
0,34,17,11,4936,16,43,2012.0,9.0
0,34,17,1,9064,16,33,2008.0,7.0
0,30,24,3,8747,32,1,2008.0,4.0
0,34,17,11,8442,16,43,2018.0,7.0
0,34,17,11,3770,16,33,2022.0,7.0
0,66,17,11,3355,16,33,2019.0,7.0
0,30,24,12,7486,32,1,2008.0,7.0
0,30,17,13,7889,32,1,2022.0,12.0
0,34,17,11,2400,44,5,2022.0,12.0
0,58,17,11,8032,16,25,2011.0,6.0
0,66,95,11,4755,57,33,2013.0,3.0
0,30,17,1,9867,32,1,2022.0,5.0
0,34,17,11,1888,16,33,2023.0,5.0
0,66,17,11,1670,16,19,2017.0,9.0
0,30,24,1,11179,32,1,2012.0,5.0
0,66,17,11,1314,16,33,2024.0,12.0
0,34,17,12,5844,44,43,2007.0,8.0
0,34,17,11,7105,16,37,2017.0,8.0
0,30,24,0,9509,32,1,2020.0,1.0
0,34,17,11,8792,16,33,2018.0,3.0
0,66,17,11,4121,36,8,2020.0,8.0
0,34,17,11,2452,44,5,2015.0,11.0
0,66,17,11,1786,16,19,2010.0,8.0
0,66,17,1,9784,16,5,2014.0,2.0
0,66,17,11,4355,44,33,2010.0,11.0
0,58,17,11,9244,16,43,2011.0,5.0
3,34,17,11,668,16,33,2022.0,11.0
0,34,17,11,1912,16,33,2012.0,12.0
0,63,17,11,5694,23,8,2025.0,11.0
0,34,17,11,2882,44,5,2016.0,10.0
0,48,17,11,1704,44,8,2022.0,4.0
0,30,24,3,9886,32,1,2009.0,2.0
0,66,17,11,5710,44,5,2018.0,1.0
0,34,17,11,462,44,5,2018.0,7.0
0,34,17,11,2075,44,5,2013.0,10.0
0,30,24,3,8471,32,1,2016.0,10.0
0,34,24,11,9361,16,33,2013.0,9.0
0,66,17,11,4783,16,33,2022.0,8.0
3,34,17,11,2592,44,43,2015.0,7.0
0,34,17,11,7013,16,33,2019.0,11.0
0,34,17,11,2762,44,5,2008.0,4.0
0,34,17,11,1852,16,33,2021.0,7.0
0,66,17,11,6745,44,33,2008.0,1.0
0,30,24,3,7376,32,1,2014.0,4.0
0,34,17,11,4038,16,33,2023.0,9.0
3,66,17,11,8718,16,33,2019.0,9.0
0,34,17,11,3711,16,33,2013.0,5.0
0,34,17,11,10441,16,5,2016.0,7.0
0,34,17,11,6809,44,5,2009.0,4.0
0,34,17,11,6202,16,43,2014.0,7.0
0,30,24,12,9855,32,1,2012.0,8.0
0,34,17,11,1124,16,33,2011.0,6.0
0,7,17,1,6947,32,43,2011.0,4.0
2,30,17,12,7443,32,1,2014.0,1.0
0,66,17,1,713,16,8,2010.0,8.0
0,34,17,1,2234,44,5,2010.0,10.0
0,34,17,11,8215,16,33,2019.0,10.0
2,34,17,11,451,44,5,2020.0,2.0
0,34,17,11,3687,36,33,2022.0,7.0
0,34,17,11,1902,16,33,2009.0,9.0
0,34,17,11,442,44,5,2016.0,9.0
0,34,17,11,2081,44,5,2013.0,3.0
0,34,17,11,2926,44,5,2015.0,12.0
3,34,17,11,162,44,5,2014.0,8.0
0,66,17,11,1530,16,43,2020.0,2.0
0,58,17,12,8035,57,15,2011.0,11.0
0,30,62,1,10049,16,1,2015.0,2.0
0,0,17,11,267,16,19,2018.0,10.0
0,30,66,3,11309,32,1,2016.0,1.0
0,45,17,11,1690,44,8,2020.0,9.0
0,7,17,0,6938,32,43,2013.0,3.0
0,63,17,13,10225,16,8,2012.0,4.0
3,35,17,11,5438,6,33,2014.0,4.0
0,34,17,11,684,16,43,2017.0,4.0
0,30,24,2,7543,32,1,2009.0,12.0
0,34,17,11,2663,16,33,2023.0,1.0
0,34,17,11,5396,44,5,2020.0,12.0
0,34,17,11,5707,44,5,2008.0,5.0
0,34,17,3,6284,16,19,2012.0,11.0
0,34,17,11,7140,16,33,2013.0,6.0
0,34,17,11,5548,36,5,2015.0,2.0
3,34,17,11,2494,44,5,2014.0,4.0
0,66,17,11,5364,16,33,2013.0,7.0
0,48,17,11,7928,44,8,2022.0,8.0
0,30,17,1,10843,32,1,2016.0,4.0
0,30,74,7,8299,32,1,2018.0,3.0
0,30,24,0,10102,16,1,2009.0,8.0
0,34,17,1,9363,16,33,2008.0,5.0
3,34,17,0,6465,16,19,2020.0,3.0
0,58,17,11,8015,16,23,2012.0,9.0
0,66,17,11,4235,44,33,2012.0,9.0
0,34,17,11,1847,16,33,2023.0,1.0
0,30,17,1,10758,32,1,2008.0,3.0
0,34,17,11,6614,6,8,2012.0,11.0
0,7,17,1,8410,32,43,2009.0,8.0
0,34,17,11,5298,44,5,2010.0,6.0
0,34,17,11,2920,44,5,2016.0,4.0
2,34,17,11,10431,16,33,2015.0,12.0
0,23,17,11,8161,44,8,2017.0,4.0
0,42,17,11,9257,6,33,2025.0,2.0
0,30,78,0,10827,32,1,2019.0,10.0
2,34,17,11,1921,23,33,2019.0,6.0
0,7,24,2,9118,44,43,2016.0,5.0
0,34,17,1,1178,44,5,2008.0,3.0
0,0,17,11,272,16,19,2017.0,8.0
0,34,17,11,2089,44,5,2013.0,2.0
0,4,17,11,8497,44,33,2017.0,7.0
0,34,17,11,2736,44,5,2021.0,1.0
0,23,17,11,3412,16,8,2023.0,6.0
0,66,17,0,4231,44,33,2009.0,7.0
0,30,17,0,10863,16,1,2011.0,4.0
0,30,88,2,9861,57,1,2006.0,7.0
0,66,17,0,9039,16,33,2008.0,7.0
0,34,17,11,5816,44,5,2024.0,8.0
0,52,17,11,6076,44,5,2026.0,2.0
0,34,17,11,9484,44,33,2018.0,11.0
0,34,17,11,4053,16,33,2022.0,11.0
0,30,24,1,7395,32,1,2008.0,3.0
0,34,17,11,2223,44,5,2010.0,10.0
0,34,17,11,1943,16,33,2023.0,1.0
2,34,17,11,471,44,5,2014.0,12.0
0,66,17,11,4606,44,33,2013.0,4.0
0,23,17,1,1007,16,8,2020.0,5.0
0,34,17,1,5580,44,5,2020.0,8.0
0,63,17,11,3127,44,8,2022.0,9.0
0,34,17,0,5307,34,43,2008.0,8.0
0,34,17,11,2377,16,43,2006.0,9.0
0,7,17,3,6537,32,43,2007.0,5.0
0,66,17,11,10248,44,5,2015.0,4.0
0,34,17,11,487,44,5,2017.0,7.0
0,34,17,11,10425,16,33,2010.0,6.0
0,66,17,1,10257,16,33,2017.0,9.0
0,34,17,11,87,16,33,2023.0,3.0
3,34,95,11,426,44,5,2015.0,6.0
3,66,17,11,1479,23,33,2020.0,2.0
3,2,17,11,7194,16,33,2022.0,7.0
2,34,17,0,6367,44,43,2013.0,10.0
0,66,17,0,9782,44,5,2014.0,3.0
0,34,21,11,1839,16,33,2023.0,2.0
0,66,17,11,9150,44,8,2010.0,10.0
0,66,17,11,4426,44,33,2016.0,1.0
0,34,17,3,5585,56,43,2009.0,1.0
0,34,17,11,1095,36,33,2023.0,9.0
0,30,17,1,10076,16,1,2009.0,8.0
0,66,17,11,893,16,0,2019.0,5.0
0,34,17,1,452,13,5,2016.0,2.0
0,34,17,0,6667,44,5,2007.0,12.0
0,34,17,11,2320,44,5,2014.0,8.0
0,30,26,0,7442,32,1,2014.0,1.0
0,34,17,11,1903,16,33,2009.0,6.0
0,66,17,11,6192,16,33,2008.0,9.0
0,34,17,11,5328,44,5,2009.0,8.0
0,7,95,12,7529,57,43,2016.0,7.0
0,34,14,11,8983,16,33,2022.0,6.0
0,30,24,7,9868,32,1,2021.0,7.0
0,34,17,11,8915,16,33,2009.0,1.0
0,45,17,0,1063,44,8,2020.0,11.0
0,34,17,11,3712,44,5,2013.0,9.0
0,66,17,11,2617,16,33,2021.0,4.0
0,34,17,11,2335,44,5,2011.0,12.0
0,7,17,11,2596,44,8,2023.0,8.0
0,7,17,3,8339,32,43,2010.0,5.0
0,7,95,12,8316,57,43,2009.0,5.0
0,34,95,11,427,44,5,2015.0,6.0
0,30,17,1,10117,16,1,2007.0,10.0
0,45,17,11,790,16,8,2015.0,10.0
0,7,17,11,6911,44,8,2015.0,7.0
0,34,17,11,4176,16,33,2023.0,9.0
2,66,17,11,548,44,43,2014.0,8.0
3,34,17,1,8799,44,5,2015.0,8.0
0,30,17,1,10993,32,1,2005.0,6.0
0,23,17,11,4572,36,8,2022.0,12.0
0,34,17,12,198,44,43,2007.0,6.0
0,34,17,1,8798,44,5,2007.0,5.0
0,34,17,11,4181,44,5,2013.0,10.0
0,58,88,11,10279,16,8,2014.0,7.0
0,66,17,11,11057,44,8,2014.0,6.0
0,58,17,11,10668,16,10,2010.0,8.0
0,34,17,0,146,44,5,2006.0,11.0
0,66,17,11,1317,36,33,2020.0,10.0
0,34,17,11,3982,44,5,2014.0,10.0
0,34,17,1,1386,16,19,2023.0,1.0
0,23,17,0,4543,44,8,2022.0,10.0
0,34,14,11,9649,16,33,2021.0,8.0
0,34,19,11,5763,44,43,2015.0,9.0
0,34,14,11,9642,16,33,2022.0,2.0
0,66,17,11,4560,16,33,2016.0,7.0
0,63,17,0,6602,44,8,2016.0,10.0
0,48,17,11,8686,44,8,2017.0,6.0
0,34,17,11,2813,44,5,2013.0,12.0
0,30,17,2,6996,16,1,2006.0,9.0
0,66,17,11,5280,44,5,2025.0,8.0
0,30,24,12,8721,32,1,2007.0,12.0
0,7,17,11,7645,44,8,2019.0,10.0
0,58,17,12,3822,16,33,2014.0,6.0
0,34,17,11,2005,44,5,2020.0,11.0
0,34,17,0,6281,16,19,2012.0,7.0
0,66,17,11,1716,16,8,2012.0,5.0
0,66,17,11,4748,16,33,2013.0,6.0
0,66,17,0,251,44,33,2012.0,2.0
0,30,24,3,8474,32,1,2010.0,7.0
0,34,1,1,595,16,8,2009.0,1.0
0,30,17,1,10651,32,1,2007.0,4.0
0,66,17,11,9108,44,8,2010.0,1.0
3,34,17,11,2085,44,5,2014.0,4.0
0,34,17,11,2719,16,33,2024.0,6.0
0,66,17,11,4301,16,33,2012.0,12.0
0,66,17,11,3232,16,33,2022.0,1.0
0,66,17,11,1465,16,33,2018.0,9.0
0,17,17,11,8586,36,8,2019.0,5.0
0,66,17,1,5011,28,43,2018.0,10.0
0,23,17,11,6062,23,8,2022.0,1.0
0,66,17,11,1647,16,5,2012.0,3.0
0,30,66,1,11149,32,1,2014.0,10.0
0,34,1,11,4855,16,33,2012.0,6.0
0,7,17,0,9699,32,43,2010.0,6.0
0,34,17,11,2908,44,43,2015.0,11.0
0,34,17,11,2926,44,43,2015.0,11.0
0,66,17,11,1486,36,5,2018.0,3.0
0,34,17,11,9392,16,33,2019.0,8.0
0,66,17,11,3849,16,33,2013.0,11.0
0,52,17,11,2741,44,5,2025.0,4.0
0,34,17,11,3710,44,5,2013.0,1.0
0,66,17,11,3135,44,33,2010.0,1.0
0,34,17,1,6607,16,8,2012.0,10.0
0,30,17,0,10830,32,1,2014.0,8.0
3,34,17,11,9353,16,43,2015.0,5.0
0,34,17,11,4040,16,33,2019.0,4.0
0,66,39,11,5344,16,0,2022.0,2.0
0,34,17,11,1209,44,5,2022.0,8.0
3,70,95,12,8002,57,43,2014.0,6.0
0,34,17,11,5076,16,8,2021.0,12.0
0,34,17,11,1094,16,33,2017.0,1.0
0,45,17,1,8607,36,8,2016.0,9.0
0,66,17,11,9745,16,33,2022.0,12.0
0,66,17,11,3562,16,33,2013.0,11.0
2,30,17,0,7435,32,1,2014.0,1.0
0,30,17,3,8706,32,1,2008.0,5.0
0,34,17,11,1454,36,5,2024.0,4.0
2,34,17,11,9095,57,43,2018.0,5.0
0,34,17,11,2308,44,5,2022.0,10.0
3,34,17,11,166,44,5,2015.0,3.0
0,34,17,11,2332,44,5,2024.0,6.0
0,30,24,13,6512,32,1,2010.0,10.0
0,30,17,1,10080,16,1,2006.0,4.0
0,34,17,11,1167,44,5,2014.0,11.0
0,34,95,11,2951,44,5,2014.0,7.0
0,34,17,11,4862,16,33,2010.0,9.0
0,66,17,0,368,44,33,2008.0,4.0
0,30,24,1,9910,32,1,2010.0,2.0
0,66,17,11,4400,16,33,2019.0,6.0
0,34,17,11,6608,16,8,2021.0,8.0
0,34,17,2,1155,16,19,2023.0,6.0
0,34,17,11,7125,16,33,2015.0,6.0
0,34,17,11,2001,44,5,2011.0,9.0
0,34,17,11,2732,44,5,2014.0,2.0
0,34,17,11,5403,44,5,2024.0,3.0
0,30,88,1,7380,32,1,2005.0,10.0
0,66,17,11,7950,44,8,2009.0,6.0
0,30,24,3,7836,32,1,2010.0,9.0
0,34,17,11,4788,16,33,2012.0,8.0
0,34,17,11,1201,44,5,2007.0,2.0
0,66,17,11,1505,16,33,2023.0,12.0
0,66,17,11,8504,44,5,2012.0,9.0
2,34,17,1,2193,44,43,2015.0,9.0
0,52,17,11,2938,44,5,2025.0,4.0
0,30,17,1,9508,32,1,2018.0,1.0
0,34,17,11,10507,44,5,2011.0,6.0
0,66,17,11,1274,16,33,2008.0,6.0
0,66,95,11,4466,16,43,2017.0,7.0
0,7,17,1,7634,32,43,2012.0,6.0
0,30,17,1,10009,16,1,2007.0,6.0
0,23,17,1,4498,44,8,2020.0,3.0
0,30,17,12,10797,32,1,2009.0,10.0
0,66,17,11,1224,44,5,2011.0,8.0
3,34,17,11,2064,44,5,2014.0,4.0
0,45,17,11,8678,44,8,2015.0,5.0
3,34,17,12,2410,57,43,2014.0,8.0
0,34,17,11,193,44,5,2013.0,8.0
0,12,17,11,10555,44,10,2018.0,11.0
0,7,21,11,6620,44,8,2015.0,11.0
0,66,17,11,1779,16,33,2011.0,5.0
0,58,17,11,9199,16,10,2013.0,3.0
0,7,17,1,9966,32,43,2006.0,11.0
0,34,14,11,9662,16,33,2014.0,10.0
0,34,17,11,143,44,5,2013.0,5.0
0,66,17,11,4122,36,8,2022.0,3.0
0,34,17,0,6225,16,33,2023.0,2.0
0,30,24,1,22,32,1,2008.0,10.0
0,30,88,2,10765,32,1,2006.0,6.0
0,30,24,2,10959,32,1,2008.0,8.0
0,66,17,1,221,44,5,2009.0,9.0
0,34,17,11,3023,16,33,2023.0,5.0
0,34,19,11,5764,44,43,2015.0,9.0
0,34,17,11,5251,16,43,2019.0,4.0
0,61,17,2,4135,53,8,2026.0,4.0
0,66,17,11,5019,16,33,2023.0,6.0
0,30,95,3,9274,32,1,2008.0,8.0
0,66,17,11,1224,44,5,2011.0,8.0
0,16,95,1,6290,57,33,2018.0,10.0
0,7,17,11,6970,16,43,2007.0,4.0
0,34,17,11,2212,44,5,2011.0,3.0
0,66,17,11,7295,16,8,2014.0,6.0
0,7,17,3,10167,44,8,2022.0,11.0
0,30,24,3,6984,32,1,2011.0,11.0
0,30,24,1,10989,32,1,2008.0,4.0
0,34,88,3,6206,16,33,2013.0,1.0
0,30,17,3,7890,32,1,2010.0,5.0
0,17,17,1,7998,16,8,2021.0,7.0
0,34,17,11,8894,16,33,2018.0,4.0
0,30,88,1,7827,32,1,2022.0,2.0
0,34,17,11,10464,16,5,2017.0,1.0
0,34,17,11,492,44,5,2015.0,9.0
0,45,17,1,8618,44,8,2017.0,6.0
0,66,17,2,8696,44,5,2011.0,12.0
0,34,17,11,2207,44,5,2009.0,12.0
0,34,17,11,3101,44,5,2024.0,6.0
0,66,21,11,3187,16,33,2023.0,3.0
3,34,17,11,8450,16,33,2015.0,3.0
0,34,17,11,2870,44,5,2016.0,11.0
0,34,17,11,2807,44,5,2013.0,11.0
0,30,95,12,21,57,1,2008.0,7.0
0,66,95,11,5848,16,33,2008.0,12.0
0,66,17,0,7770,16,0,2019.0,7.0
0,34,17,3,9192,16,8,2012.0,10.0
0,61,17,11,5806,44,5,2026.0,3.0
0,66,17,11,4334,8,33,2014.0,9.0
0,34,17,11,92,44,33,2014.0,5.0
2,34,17,1,5561,44,5,2014.0,7.0
0,34,17,11,5266,44,5,2007.0,2.0
0,70,17,11,8125,16,33,2025.0,3.0
0,63,17,2,8176,44,8,2012.0,4.0
0,34,17,2,10233,44,5,2011.0,7.0
3,70,17,11,1064,57,33,2021.0,8.0
0,34,17,11,7148,16,33,2016.0,6.0
0,61,17,11,4269,16,33,2026.0,1.0
0,34,17,11,2646,57,33,2023.0,8.0
0,30,88,1,9881,32,1,2007.0,6.0
0,30,17,1,7404,32,1,2018.0,11.0
0,30,66,1,11149,32,1,2015.0,4.0
0,34,17,11,2241,44,5,2012.0,7.0
0,38,17,11,8541,44,10,2024.0,6.0
0,61,17,1,5522,36,8,2026.0,5.0
0,34,17,11,5415,44,5,2010.0,10.0
0,34,17,11,10516,44,5,2010.0,12.0
0,34,17,11,9132,16,33,2008.0,6.0
0,66,17,0,9656,16,33,2014.0,11.0
0,66,17,0,4272,16,33,2008.0,6.0
0,58,17,11,8051,16,13,2011.0,8.0
0,66,95,11,1251,44,5,2009.0,2.0
0,66,17,11,4130,44,33,2014.0,3.0
3,34,17,11,2852,44,5,2014.0,5.0
0,66,17,11,3294,16,33,2018.0,4.0
0,34,17,11,5404,44,5,2024.0,3.0
2,49,17,1,10336,36,33,2014.0,6.0
0,66,17,0,5770,16,8,2025.0,3.0
0,30,14,0,7440,32,1,2014.0,7.0
0,34,17,11,1342,16,33,2016.0,3.0
0,34,17,11,10614,44,33,2015.0,1.0
0,34,17,11,2919,44,5,2016.0,5.0
0,52,17,11,5679,44,8,2026.0,4.0
0,34,17,11,1186,44,5,2014.0,8.0
3,52,95,1,1375,57,19,2025.0,6.0
0,34,17,11,1213,44,5,2022.0,10.0
0,34,17,2,8943,16,33,2008.0,12.0
0,34,17,13,9008,16,33,2013.0,3.0
0,7,88,3,6957,44,43,2008.0,12.0
0,66,17,11,6356,44,33,2013.0,2.0
0,66,17,11,1369,16,33,2024.0,3.0
0,34,17,11,1214,44,5,2014.0,11.0
0,30,24,3,7363,57,1,2009.0,3.0
0,66,17,11,3983,44,33,2014.0,6.0
0,34,17,11,2224,44,5,2011.0,8.0
0,30,24,3,8183,32,1,2011.0,11.0
0,66,17,1,1768,16,19,2012.0,9.0
0,63,17,1,1410,16,8,2024.0,11.0
0,30,24,2,8726,32,1,2013.0,6.0
0,30,17,12,10812,32,1,2019.0,2.0
0,34,17,11,127,44,5,2012.0,5.0
0,66,21,11,3921,16,33,2023.0,10.0
0,7,17,1,6944,32,43,2006.0,7.0
0,45,17,1,8582,16,8,2015.0,7.0
0,34,17,11,2926,44,5,2016.0,6.0
3,34,17,11,1957,16,43,2022.0,10.0
0,66,17,11,1240,16,33,2013.0,11.0
0,30,24,2,7417,32,1,2008.0,8.0
0,34,17,11,3104,44,5,2024.0,7.0
0,66,17,11,3193,16,33,2010.0,9.0
0,34,17,11,1157,16,19,2023.0,10.0
3,34,17,11,2901,50,5,2014.0,3.0
0,34,17,11,10483,16,5,2019.0,7.0
0,66,17,11,4781,16,33,2022.0,11.0
3,34,17,11,2124,44,5,2014.0,9.0
0,38,17,11,8525,44,8,2024.0,4.0
0,34,17,11,3650,44,5,2009.0,5.0
0,34,17,11,2389,44,5,2014.0,3.0
0,16,17,1,6868,44,33,2020.0,6.0
0,66,17,11,4729,16,33,2024.0,4.0
0,34,17,2,9420,16,33,2007.0,9.0
0,66,17,11,3557,44,5,2012.0,4.0
0,34,17,0,2146,44,5,2009.0,5.0
0,34,17,11,5656,44,5,2019.0,12.0
0,34,17,11,2757,44,5,2008.0,9.0
0,34,17,11,2768,44,5,2013.0,11.0
0,34,17,11,9374,36,33,2021.0,7.0
0,34,17,1,5477,16,33,2011.0,8.0
0,66,17,11,4358,16,33,2021.0,4.0
0,34,17,11,5195,44,5,2015.0,9.0
0,34,17,11,2089,44,5,2013.0,8.0
0,45,17,1,832,44,8,2014.0,2.0
0,34,17,1,4956,16,33,2012.0,7.0
0,58,17,0,7920,16,10,2012.0,5.0
0,34,17,11,7076,16,33,2012.0,8.0
0,34,17,11,2231,44,5,2012.0,6.0
0,45,17,11,3880,16,8,2015.0,8.0
0,34,17,11,3068,6,43,2014.0,1.0
0,66,17,11,3157,16,33,2010.0,10.0
0,34,17,11,5558,44,5,2008.0,7.0
0,34,17,11,1910,16,33,2022.0,7.0
0,34,17,11,457,44,5,2019.0,11.0
0,34,17,11,161,57,5,2019.0,8.0
0,30,17,1,7415,32,1,2008.0,1.0
0,21,17,11,5435,16,33,2021.0,11.0
0,34,17,11,1434,44,5,2016.0,2.0
0,66,17,11,1242,16,33,2011.0,6.0
0,38,17,11,8523,16,8,2024.0,5.0
0,0,17,1,580,16,33,2017.0,3.0
0,34,17,1,104,44,5,2012.0,3.0
0,34,14,11,5732,16,5,2016.0,5.0
0,66,17,11,11097,16,33,2012.0,12.0
0,34,17,11,1131,16,19,2008.0,3.0
0,34,95,11,3053,44,43,2015.0,8.0
0,7,17,1,6399,16,43,2008.0,3.0
3,34,24,0,7698,16,5,2015.0,4.0
0,7,17,0,8305,16,8,2013.0,6.0
2,34,95,11,8954,16,33,2016.0,4.0
0,34,17,11,3057,16,33,2023.0,4.0
0,66,17,11,876,16,0,2011.0,11.0
0,30,17,1,7547,32,1,2007.0,4.0
0,34,17,11,8254,16,33,2011.0,11.0
0,66,17,11,5254,44,33,2013.0,12.0
0,52,17,11,4895,16,33,2025.0,4.0
0,30,17,1,9860,16,1,2009.0,5.0
0,12,17,11,5323,16,10,2023.0,10.0
0,34,19,11,5157,57,33,2016.0,11.0
0,66,17,11,4903,16,33,2021.0,6.0
0,66,17,0,4342,44,33,2008.0,2.0
0,36,17,11,722,25,8,2020.0,1.0
0,7,17,3,10348,32,43,2011.0,3.0
3,66,17,11,4216,16,33,2023.0,10.0
0,34,17,11,481,44,5,2016.0,10.0
0,66,18,11,11268,36,33,2020.0,5.0
0,34,17,11,2062,44,5,2011.0,11.0
0,66,17,11,3836,16,33,2010.0,1.0
0,34,17,11,1343,16,19,2023.0,4.0
0,16,17,0,6758,44,33,2022.0,8.0
0,66,17,11,3434,44,33,2019.0,4.0
0,66,17,11,4744,16,33,2009.0,10.0
3,66,17,11,1673,16,19,2019.0,11.0
3,34,17,1,11259,16,33,2014.0,3.0
0,23,17,1,4541,44,8,2022.0,7.0
0,34,17,11,5467,44,5,2009.0,5.0
0,34,17,11,2559,44,5,2014.0,4.0
0,34,17,11,10496,16,5,2013.0,10.0
0,66,17,12,7223,16,33,2008.0,5.0
0,5,17,11,309,16,19,2023.0,7.0
0,23,17,1,8096,16,8,2017.0,10.0
0,58,88,12,8042,16,30,2013.0,2.0
0,34,17,1,474,44,5,2017.0,5.0
0,30,17,2,9995,16,1,2016.0,12.0
0,58,17,11,7986,16,43,2012.0,8.0
0,23,17,0,4533,44,8,2022.0,3.0
0,34,17,11,4039,16,33,2017.0,1.0
0,66,17,11,7739,16,0,2021.0,8.0
0,45,17,11,1005,36,8,2016.0,10.0
0,34,17,11,9281,16,33,2007.0,1.0
0,58,17,11,8818,16,8,2013.0,12.0
0,7,17,11,6397,16,8,2013.0,10.0
2,34,17,11,474,44,5,2018.0,2.0
0,30,12,1,6417,32,1,2006.0,9.0
0,66,17,0,4341,44,33,2008.0,1.0
0,23,17,11,4482,44,8,2022.0,3.0
0,63,17,1,6322,16,8,2014.0,6.0
0,45,17,0,6408,16,8,2013.0,12.0
0,52,14,11,5928,16,33,2025.0,12.0
0,7,12,2,8138,32,43,2011.0,2.0
0,66,17,11,1247,16,33,2008.0,7.0
0,30,17,1,10996,32,1,2024.0,1.0
0,58,17,11,10297,16,8,2012.0,11.0
0,34,17,11,478,44,5,2017.0,3.0
0,34,17,11,201,44,43,2007.0,2.0
0,34,17,11,2242,44,5,2010.0,11.0
0,66,17,1,8507,44,5,2012.0,12.0
0,34,17,11,2141,44,5,2015.0,9.0
3,34,17,11,78,44,43,2014.0,12.0
0,34,1,11,8143,16,43,2011.0,9.0
0,57,17,0,11050,16,8,2006.0,11.0
0,34,17,11,2297,44,5,2014.0,3.0
0,34,17,11,2089,16,5,2013.0,6.0
0,34,17,11,1747,44,5,2022.0,11.0
0,66,1,11,875,44,33,2011.0,12.0
0,30,24,2,8735,32,1,2013.0,2.0
0,66,17,11,616,44,8,2007.0,7.0
0,30,17,1,5217,34,1,2009.0,9.0
0,66,17,11,9215,16,33,2023.0,6.0
0,30,24,12,45,32,1,2008.0,12.0
0,16,17,11,6784,2,43,2017.0,7.0
0,34,17,11,2216,44,5,2010.0,9.0
3,34,17,11,7197,16,33,2019.0,9.0
0,34,17,11,180,44,5,2010.0,12.0
0,66,17,1,276,44,33,2007.0,4.0
0,7,17,1,8427,16,43,2008.0,1.0
0,66,17,2,9591,16,33,2020.0,3.0
0,0,17,1,6105,16,19,2018.0,6.0
0,66,17,11,4003,16,33,2018.0,11.0
0,34,17,11,2249,44,5,2011.0,2.0
0,34,17,11,1760,44,43,2014.0,4.0
0,66,17,2,3161,16,33,2024.0,2.0
2,34,17,11,474,44,5,2018.0,2.0
0,61,17,11,3297,36,33,2024.0,10.0
0,34,14,11,5954,44,5,2024.0,3.0
2,70,17,11,8013,16,33,2024.0,4.0
0,58,17,11,3824,44,8,2014.0,8.0
0,34,14,11,7012,16,43,2019.0,4.0
0,34,17,11,2914,44,5,2014.0,3.0
0,66,17,11,7869,16,0,2022.0,1.0
0,34,95,11,2992,44,5,2014.0,2.0
0,66,21,11,4705,16,33,2023.0,3.0
0,61,17,11,5009,16,33,2025.0,9.0
0,34,17,11,3740,44,5,2007.0,7.0
0,34,17,11,7693,16,33,2013.0,7.0
0,34,17,11,3068,6,5,2014.0,1.0
3,34,17,11,734,44,5,2014.0,3.0
0,34,95,11,7854,16,43,2007.0,8.0
3,34,17,11,2294,44,5,2015.0,6.0
0,34,17,11,3722,44,5,2010.0,4.0
0,66,17,11,856,16,33,2010.0,7.0
0,7,17,12,6194,32,43,2017.0,5.0
0,34,17,11,2089,44,5,2013.0,5.0
0,4,17,11,6226,13,5,2024.0,9.0
0,45,17,11,9927,16,8,2013.0,4.0
0,66,17,11,4778,16,33,2021.0,4.0
0,30,24,1,10055,16,1,2007.0,7.0
0,66,17,11,3288,16,33,2023.0,11.0
2,66,17,11,5241,57,0,2018.0,5.0
0,34,17,11,3768,16,33,2023.0,8.0
0,66,17,11,959,44,8,2007.0,11.0
0,34,17,11,5940,44,5,2010.0,1.0
2,34,95,11,116,57,43,2015.0,4.0
0,30,17,1,7452,32,1,2009.0,7.0
0,34,17,11,2089,44,5,2013.0,2.0
0,4,17,11,4642,44,33,2020.0,1.0
0,66,17,1,11093,16,8,2009.0,10.0
0,7,17,0,8193,44,8,2014.0,8.0
0,45,17,0,8639,16,8,2009.0,12.0
0,66,17,11,3378,36,33,2020.0,7.0
0,7,17,0,8378,32,43,2007.0,4.0
0,36,17,11,11078,44,8,2022.0,10.0
0,70,88,12,10701,32,43,2012.0,2.0
0,30,17,1,10831,32,1,2008.0,7.0
0,30,17,13,11145,32,1,2006.0,9.0
0,30,17,1,10585,16,1,2009.0,7.0
0,52,14,11,5926,16,33,2026.0,6.0
0,30,88,2,10852,32,1,2006.0,5.0
0,34,17,11,145,44,5,2013.0,5.0
0,34,17,11,784,16,33,2023.0,5.0
0,66,17,11,2607,16,33,2019.0,2.0
0,66,17,11,4266,16,33,2008.0,9.0
0,58,88,11,1613,16,8,2014.0,8.0
0,23,17,2,4854,16,8,2017.0,6.0
0,63,17,0,5179,44,8,2015.0,11.0
0,34,95,11,3025,44,5,2014.0,8.0
0,66,17,11,3502,44,33,2019.0,5.0
0,34,17,11,4066,16,33,2023.0,1.0
0,66,17,11,4420,44,33,2015.0,9.0
0,66,17,11,896,16,33,2010.0,1.0
0,34,24,11,1987,44,5,2013.0,9.0
2,66,17,0,5255,44,33,2014.0,1.0
0,34,17,1,4810,44,5,2012.0,12.0
0,66,17,1,7942,44,8,2013.0,1.0
0,66,17,11,872,16,0,2012.0,7.0
0,70,95,11,6310,16,33,2018.0,4.0
0,30,17,1,10826,32,1,2008.0,4.0
0,30,88,0,10050,16,1,2008.0,2.0
0,58,88,12,7861,16,27,2010.0,2.0
0,66,17,11,2022,16,33,2007.0,5.0
0,45,17,11,4581,44,8,2015.0,9.0
0,34,17,11,5658,44,5,2015.0,9.0
0,34,17,0,6277,16,19,2013.0,11.0
0,34,17,11,1284,44,5,2023.0,4.0
0,58,17,11,10330,16,10,2012.0,10.0
0,66,17,11,4118,44,8,2015.0,9.0
0,66,1,12,704,16,8,2011.0,7.0
0,66,17,11,3258,16,33,2023.0,11.0
0,34,17,11,2062,44,5,2012.0,8.0
0,34,14,11,9643,16,33,2022.0,2.0
0,34,17,1,4925,16,33,2011.0,10.0
0,34,24,1,9625,16,43,2007.0,10.0
0,66,17,11,2621,16,43,2017.0,10.0
0,45,17,11,8625,25,10,2014.0,12.0
0,34,17,0,9329,16,33,2012.0,1.0
0,34,17,11,7014,16,33,2019.0,11.0
0,34,17,11,1357,44,5,2014.0,3.0
0,23,17,0,4522,44,8,2022.0,8.0
0,34,14,11,5471,44,5,2024.0,3.0
0,34,17,1,3074,44,5,2015.0,10.0
0,34,17,1,7233,16,33,2011.0,11.0
0,66,17,0,11070,44,33,2011.0,5.0
0,34,17,1,5407,16,8,2015.0,2.0
0,34,14,11,7049,16,33,2017.0,7.0
3,66,17,11,11269,16,33,2020.0,2.0
0,30,17,1,10881,32,1,2009.0,6.0
0,63,17,11,3325,44,8,2022.0,9.0
0,34,17,11,478,44,5,2016.0,10.0
0,66,17,11,4158,44,8,2008.0,1.0
3,66,17,11,4735,44,33,2021.0,7.0
0,7,24,3,7532,34,43,2008.0,12.0
0,66,17,11,4131,16,33,2018.0,11.0
0,66,17,11,5223,44,8,2016.0,6.0
0,34,17,11,2340,44,5,2012.0,10.0
0,66,17,11,3388,16,33,2023.0,1.0
0,45,17,1,604,16,8,2023.0,1.0
0,34,17,2,9401,16,33,2013.0,5.0
0,70,17,11,8771,16,33,2016.0,11.0
0,34,17,11,7113,16,33,2018.0,3.0
0,34,17,11,9831,16,43,2007.0,2.0
0,34,17,2,7714,16,33,2011.0,7.0
0,34,17,11,1159,16,33,2022.0,1.0
0,30,24,12,10361,32,1,2009.0,3.0
0,34,17,1,2950,44,5,2017.0,9.0
0,34,17,11,2176,44,5,2010.0,7.0
0,34,17,1,2950,44,5,2021.0,2.0
0,34,17,0,177,44,5,2010.0,3.0
0,36,17,11,5191,42,8,2023.0,6.0
0,34,17,11,5046,16,33,2015.0,9.0
0,66,17,11,6016,16,5,2015.0,12.0
0,7,17,11,11020,44,43,2010.0,2.0
0,34,17,11,2903,44,5,2016.0,8.0
0,66,17,11,4674,16,33,2012.0,8.0
0,66,17,3,3548,16,33,2008.0,9.0
0,34,17,11,4187,16,33,2024.0,3.0
0,66,17,11,9178,36,19,2022.0,9.0
0,34,17,11,7164,16,43,2020.0,1.0
0,45,17,11,8652,16,10,2014.0,8.0
0,30,95,0,7449,32,1,2016.0,5.0
0,7,17,1,603,44,8,2023.0,7.0
0,34,17,11,8837,16,33,2010.0,4.0
0,30,24,3,6521,32,1,2009.0,3.0
0,30,24,0,10879,32,1,2013.0,7.0
2,34,17,11,3043,44,5,2014.0,8.0
0,52,17,1,1113,16,19,2025.0,7.0
0,34,17,11,1444,44,5,2021.0,10.0
0,34,17,11,4881,16,8,2015.0,2.0
0,34,17,11,2537,16,33,2022.0,9.0
0,66,17,1,3831,44,33,2008.0,8.0
0,34,17,11,1123,36,19,2021.0,7.0
3,66,17,11,5894,16,33,2021.0,1.0
0,70,88,1,6664,32,1,2018.0,4.0
0,7,71,2,7661,6,33,2014.0,1.0
0,34,17,11,265,16,8,2014.0,8.0
0,34,17,11,3780,16,33,2023.0,2.0
0,66,17,11,9169,16,36,2024.0,6.0
0,12,17,7,10550,6,10,2022.0,9.0
0,66,17,0,6187,16,33,2013.0,3.0
0,0,17,12,6376,57,43,2011.0,6.0
0,45,17,11,8611,44,8,2015.0,1.0
0,66,17,11,8174,47,5,2010.0,6.0
0,34,17,0,9335,16,33,2011.0,8.0
0,0,95,13,814,57,43,2016.0,2.0
0,58,17,11,3824,44,8,2014.0,8.0
0,34,17,0,4809,46,5,2015.0,10.0
0,21,17,11,6068,16,33,2022.0,11.0
0,7,17,3,6536,32,43,2008.0,2.0
0,23,17,11,1002,36,8,2019.0,11.0
0,30,24,12,11151,32,1,2010.0,1.0
0,34,17,0,6272,16,19,2021.0,12.0
0,34,17,11,2856,44,5,2014.0,5.0
0,66,1,11,728,16,8,2007.0,5.0
0,34,17,11,3734,16,33,2011.0,3.0
0,34,17,11,9112,16,33,2008.0,2.0
0,34,17,11,5666,36,5,2024.0,4.0
0,66,95,1,760,16,8,2010.0,7.0
0,66,17,11,1061,16,33,2023.0,7.0
0,66,17,11,1770,16,33,2012.0,7.0
3,34,17,11,119,44,5,2015.0,3.0
0,34,17,11,3635,44,5,2009.0,7.0
0,34,17,11,7145,16,33,2013.0,5.0
0,34,17,11,2173,44,5,2013.0,7.0
0,66,17,11,5861,16,0,2011.0,6.0
0,66,95,11,6101,44,33,2023.0,2.0
0,30,17,1,6695,32,1,2015.0,5.0
0,30,17,1,10394,16,1,2009.0,7.0
0,43,17,1,5039,44,33,2025.0,12.0
0,7,17,1,8338,32,43,2006.0,1.0
0,34,14,11,8444,16,33,2018.0,12.0
0,66,95,11,4302,16,33,2009.0,4.0
0,34,17,11,2327,44,5,2021.0,1.0
0,30,12,2,11150,32,1,2009.0,11.0
0,60,17,11,5628,16,8,2023.0,10.0
0,7,17,1,8407,32,43,2008.0,7.0
0,30,24,1,11172,32,1,2008.0,11.0
0,66,17,11,1548,44,5,2007.0,5.0
0,66,17,0,10567,44,5,2017.0,6.0
0,66,21,11,4733,16,33,2023.0,7.0
0,12,17,11,10546,16,10,2020.0,1.0
0,34,17,2,6614,16,8,2008.0,6.0
0,30,19,1,10897,32,1,2014.0,1.0
0,45,17,11,6125,16,8,2017.0,11.0
0,34,17,11,298,16,43,2007.0,3.0
0,70,17,11,8074,16,33,2019.0,12.0
0,66,17,1,9303,44,10,2013.0,3.0
0,34,17,11,2061,44,5,2011.0,11.0
0,66,17,11,801,44,33,2007.0,5.0
0,23,17,0,4478,47,8,2023.0,5.0
0,16,17,11,6796,44,33,2022.0,8.0
0,34,14,11,5925,16,33,2024.0,2.0
0,34,17,11,2747,16,33,2023.0,10.0
0,66,17,11,3428,16,33,2023.0,11.0
0,30,24,12,4640,34,1,2009.0,1.0
0,34,17,11,10681,16,33,2013.0,4.0
0,66,17,11,9189,16,33,2014.0,10.0
0,45,17,11,8616,16,8,2018.0,10.0
0,7,17,3,8311,44,8,2011.0,11.0
0,34,17,11,8166,16,8,2007.0,3.0
0,7,17,0,1582,44,8,2026.0,1.0
0,30,82,2,7385,32,1,2023.0,4.0
0,58,17,11,10329,16,8,2012.0,12.0
0,34,17,11,7179,16,33,2015.0,6.0
0,34,17,11,10452,16,5,2018.0,7.0
0,34,17,11,2842,44,5,2014.0,2.0
0,63,17,1,3962,36,8,2024.0,3.0
0,34,95,11,2539,57,5,2015.0,5.0
0,13,17,2,7497,32,32,2024.0,4.0
0,34,17,1,4944,16,33,2010.0,2.0
0,66,17,11,7278,44,8,2023.0,1.0
0,66,17,0,4277,44,33,2008.0,1.0
0,30,24,0,7435,57,1,2013.0,12.0
2,34,17,1,10274,16,33,2018.0,7.0
3,7,17,12,10140,44,43,2015.0,12.0
0,23,17,2,4362,44,8,2024.0,10.0
0,34,17,11,3720,44,5,2014.0,2.0
0,66,21,11,2600,16,33,2023.0,5.0
0,63,17,1,3492,16,8,2014.0,7.0
0,34,14,11,11252,16,33,2018.0,3.0
0,66,17,11,1792,16,19,2017.0,5.0
0,16,17,11,6292,44,33,2019.0,1.0
0,34,17,11,2318,44,5,2024.0,7.0
0,34,17,11,2912,44,5,2013.0,10.0
0,66,17,11,4353,44,33,2010.0,8.0
0,66,17,1,377,16,8,2007.0,12.0
0,30,24,13,20,32,1,2008.0,11.0
0,66,17,11,1266,16,5,2012.0,5.0
0,34,17,11,2261,44,5,2009.0,7.0
0,34,17,11,521,44,5,2018.0,2.0
0,34,17,11,3039,44,5,2013.0,10.0
0,13,17,3,7247,32,43,2009.0,1.0
0,34,17,11,9084,16,43,2013.0,12.0
0,66,17,11,1812,29,19,2019.0,4.0
0,70,95,11,8758,16,33,2013.0,3.0
3,34,17,11,2094,44,5,2014.0,9.0
0,16,17,0,6722,57,33,2020.0,2.0
0,66,17,11,2597,16,33,2019.0,4.0
0,34,17,11,2999,44,43,2018.0,7.0
0,30,24,3,10367,57,1,2009.0,2.0
0,66,17,11,6444,44,33,2018.0,3.0
0,61,17,11,6157,16,33,2025.0,10.0
0,45,17,11,6406,16,8,2012.0,2.0
0,66,17,11,6920,47,5,2015.0,8.0
0,34,14,11,9618,57,33,2018.0,5.0
0,34,17,11,2086,44,5,2011.0,3.0
0,34,17,11,1451,44,5,2022.0,3.0
0,63,17,0,5178,36,8,2015.0,8.0
0,66,17,11,1029,16,0,2018.0,7.0
0,34,14,0,9141,16,43,2015.0,4.0
0,13,17,1,7497,32,32,2024.0,5.0
0,63,17,0,10222,44,8,2022.0,11.0
0,23,17,0,4563,44,8,2022.0,8.0
0,34,17,11,9342,16,33,2007.0,5.0
0,30,17,0,7446,32,1,2011.0,4.0
0,30,17,1,10874,32,1,2026.0,1.0
0,66,3,11,1320,16,33,2020.0,12.0
0,34,17,11,2183,44,5,2013.0,11.0
0,12,17,1,9185,44,10,2022.0,10.0
0,66,17,11,5837,16,33,2021.0,3.0
0,36,17,12,7789,6,8,2017.0,12.0
0,34,17,11,1164,44,5,2023.0,1.0
0,30,24,0,7543,32,1,2021.0,1.0
0,66,17,11,1500,36,33,2020.0,7.0
0,34,17,11,667,57,33,2022.0,11.0
0,58,17,11,7969,16,28,2011.0,6.0
0,23,17,0,4496,44,8,2023.0,3.0
0,34,17,11,2362,44,43,2014.0,1.0
0,34,17,11,634,44,5,2019.0,4.0
3,34,17,11,9097,16,33,2014.0,4.0
0,45,17,11,679,36,8,2022.0,2.0
0,34,17,11,5947,44,5,2009.0,2.0
0,34,17,11,1756,44,5,2013.0,8.0
0,66,17,0,9549,44,8,2010.0,12.0
0,34,17,11,3717,16,33,2011.0,12.0
0,30,24,1,6993,32,1,2010.0,12.0
0,66,17,11,2755,44,33,2018.0,10.0
0,34,95,11,1112,16,33,2008.0,9.0
0,34,17,11,2259,44,5,2011.0,7.0
0,52,17,11,4981,57,33,2026.0,1.0
0,34,17,11,5440,44,5,2023.0,9.0
0,7,17,11,8349,32,43,2009.0,7.0
0,16,17,0,6870,44,33,2019.0,2.0
0,7,17,1,7660,44,33,2013.0,2.0
0,66,17,11,2599,16,33,2019.0,11.0
0,30,17,1,10806,32,1,2025.0,7.0
0,66,17,11,6040,16,43,2018.0,1.0
0,34,95,11,8840,16,33,2008.0,11.0
0,66,17,11,4383,44,33,2019.0,5.0
0,66,17,11,834,16,0,2012.0,4.0
0,30,24,3,30,32,1,2008.0,3.0
0,34,17,11,7172,16,33,2021.0,12.0
0,30,12,3,7606,16,1,2007.0,11.0
0,66,95,11,5985,16,43,2015.0,8.0
0,66,17,11,3860,44,8,2014.0,7.0
0,66,17,11,6045,16,33,2020.0,10.0
0,34,17,11,10434,16,5,2015.0,11.0
0,23,17,11,11041,57,8,2026.0,5.0
0,34,17,11,205,44,5,2014.0,10.0
0,66,17,11,9788,44,8,2010.0,5.0
0,34,17,11,10422,16,33,2010.0,5.0
0,7,17,2,11010,32,43,2006.0,12.0
3,34,17,11,84,44,43,2015.0,2.0
0,66,17,11,4463,57,33,2017.0,11.0
0,66,17,11,843,16,33,2019.0,8.0
0,23,17,1,1676,44,8,2018.0,6.0
0,34,17,11,4985,16,33,2014.0,3.0
0,66,17,11,1082,16,0,2019.0,2.0
0,30,17,0,10068,34,1,2009.0,8.0
0,7,17,11,6118,44,8,2016.0,11.0
0,34,17,11,500,44,5,2019.0,3.0
0,63,17,11,371,36,8,2024.0,11.0
0,34,17,3,5526,44,43,2008.0,7.0
0,30,24,7,10958,32,1,2020.0,2.0
0,30,17,1,9989,16,1,2005.0,4.0
0,34,14,11,9036,36,33,2021.0,6.0
0,34,17,11,5391,44,5,2024.0,3.0
0,34,17,11,10424,16,5,2018.0,7.0
0,66,17,0,5246,16,33,2013.0,10.0
0,66,17,12,1793,16,19,2010.0,9.0
0,34,17,11,1955,16,33,2021.0,6.0
0,34,17,11,5148,36,8,2022.0,8.0
0,7,17,3,9698,32,43,2007.0,7.0
0,34,17,11,185,44,5,2010.0,11.0
0,66,17,11,2602,16,19,2019.0,5.0
0,30,17,2,10981,32,1,2008.0,1.0
0,12,17,1,3986,16,10,2022.0,3.0
0,34,17,11,2254,44,5,2012.0,6.0
0,66,17,11,10745,44,8,2012.0,9.0
0,34,17,11,7180,16,43,2015.0,6.0
0,30,17,1,10989,32,1,2006.0,10.0
0,66,17,11,9542,57,8,2013.0,6.0
0,34,17,11,2908,44,5,2016.0,2.0
0,34,17,11,3639,44,5,2010.0,4.0
0,66,17,11,1018,23,33,2018.0,9.0
0,23,17,11,4500,44,8,2018.0,7.0
0,66,17,11,9106,44,33,2008.0,11.0
0,66,17,11,9157,16,8,2014.0,6.0
0,34,24,2,6205,44,5,2012.0,6.0
0,7,17,12,9962,32,43,2009.0,7.0
0,30,24,1,8736,32,1,2010.0,1.0
0,13,24,3,7496,32,43,2009.0,5.0
0,66,17,11,5838,16,33,2016.0,5.0
0,34,95,11,2957,44,5,2014.0,7.0
0,34,17,11,5650,44,5,2015.0,12.0
0,34,88,2,8490,6,33,2012.0,12.0
0,34,17,11,5714,44,5,2015.0,8.0
0,30,2,0,9872,32,1,2010.0,1.0
3,34,95,11,413,44,33,2014.0,5.0
0,66,17,0,3120,44,5,2014.0,9.0
0,34,95,11,1948,16,33,2022.0,7.0
0,30,24,1,10109,16,1,2008.0,10.0
0,34,17,11,7048,16,33,2018.0,11.0
0,7,17,3,9970,32,43,2010.0,1.0
0,66,17,1,3934,16,8,2008.0,4.0
0,16,17,11,9792,44,43,2018.0,5.0
0,7,17,3,9760,44,43,2007.0,1.0
0,34,17,11,1902,16,33,2009.0,8.0
0,12,17,1,5620,44,10,2022.0,5.0
0,66,17,11,1323,16,33,2024.0,6.0
0,34,17,12,5490,44,5,2010.0,12.0
0,34,17,11,2926,44,5,2015.0,11.0
0,48,17,1,11081,44,8,2019.0,8.0
0,34,17,11,7015,57,33,2022.0,11.0
0,34,17,11,2266,44,5,2010.0,1.0
0,57,17,11,5592,16,8,2023.0,4.0
0,30,88,2,6988,32,1,2006.0,7.0
2,34,17,11,5943,57,5,2015.0,2.0
0,30,1,12,9866,32,1,2012.0,8.0
0,34,17,11,6211,16,19,2013.0,11.0
3,34,17,11,216,44,5,2014.0,2.0
0,23,17,1,4534,44,8,2017.0,10.0
2,66,17,1,3996,44,33,2014.0,8.0
0,22,17,11,6097,16,33,2023.0,10.0
0,34,21,11,1840,57,33,2023.0,2.0
3,0,17,1,6131,57,43,2015.0,12.0
0,34,17,11,5937,44,5,2010.0,11.0
0,58,17,11,10316,16,10,2015.0,10.0
0,34,17,11,3055,44,43,2013.0,10.0
0,34,17,11,2726,44,5,2013.0,6.0
0,7,17,0,9697,32,43,2008.0,12.0
0,34,17,11,4896,16,33,2011.0,12.0
0,30,17,1,10040,16,1,2008.0,5.0
3,34,17,11,7080,16,43,2014.0,5.0
0,34,17,11,110,44,5,2013.0,9.0
0,30,17,1,10063,16,1,2007.0,6.0
3,71,17,11,8085,16,33,2023.0,11.0
3,34,17,11,2502,44,5,2014.0,5.0
0,66,88,1,6635,6,33,2023.0,3.0
0,34,17,11,186,44,5,2012.0,7.0
0,66,17,11,5867,16,0,2020.0,9.0
0,34,17,11,3697,16,33,2023.0,11.0
0,34,17,11,5742,16,5,2017.0,7.0
0,66,17,11,1041,16,33,2016.0,9.0
0,30,24,1,10935,32,1,2007.0,2.0
0,66,17,11,5001,44,5,2019.0,12.0
2,34,17,11,214,44,5,2014.0,10.0
0,34,17,11,5897,44,5,2014.0,7.0
0,34,17,11,208,44,5,2019.0,5.0
0,30,17,12,7373,32,1,2007.0,12.0
0,66,17,0,8814,16,33,2009.0,4.0
0,62,17,1,10398,2,8,2013.0,12.0
0,7,17,2,8421,32,43,2008.0,3.0
0,66,17,11,5959,16,33,2010.0,3.0
0,66,17,11,6189,16,33,2012.0,5.0
0,34,17,11,5949,44,5,2009.0,5.0
0,66,17,11,1241,16,33,2019.0,7.0
0,70,17,11,8753,16,43,2013.0,11.0
0,23,17,11,1052,16,8,2022.0,12.0
0,23,17,1,4500,44,8,2018.0,7.0
0,34,17,11,4978,16,8,2013.0,9.0
0,30,24,3,7383,32,1,2012.0,4.0
0,7,17,0,10597,32,43,2012.0,8.0
0,34,17,11,2548,44,5,2015.0,4.0
0,23,17,0,4533,44,8,2022.0,2.0
0,66,17,11,10667,16,33,2018.0,3.0
0,66,17,11,7868,16,0,2013.0,9.0
0,34,17,11,1893,16,33,2022.0,12.0
0,66,17,11,3190,16,33,2024.0,8.0
0,7,17,0,9961,32,43,2010.0,10.0
0,66,17,11,4376,25,8,2009.0,7.0
0,38,17,11,1664,44,8,2025.0,5.0
0,34,17,11,2732,44,5,2021.0,6.0
0,34,17,11,9120,16,8,2012.0,10.0
0,66,17,11,988,16,5,2013.0,7.0
3,34,17,1,10678,16,33,2014.0,8.0
0,34,17,1,11284,16,33,2022.0,8.0
0,30,24,3,9857,32,1,2007.0,10.0
0,63,17,1,3488,36,8,2024.0,12.0
0,30,17,1,7455,32,1,2007.0,6.0
0,30,95,1,11180,32,1,2011.0,5.0
0,22,17,0,8832,16,33,2024.0,3.0
0,34,17,11,6816,44,5,2011.0,3.0
0,34,1,0,8857,16,33,2013.0,7.0
0,7,17,0,6935,32,43,2008.0,6.0
3,34,17,11,7114,16,33,2014.0,1.0
0,34,17,11,2054,44,5,2013.0,1.0
0,66,17,11,5918,16,33,2011.0,3.0
0,34,95,3,6715,44,43,2007.0,5.0
0,34,95,1,6279,16,19,2008.0,11.0
2,34,17,11,7135,16,43,2013.0,12.0
0,34,17,11,1963,16,33,2023.0,5.0
0,58,17,11,8003,16,10,2012.0,3.0
0,34,17,11,2152,44,5,2024.0,8.0
0,34,17,11,9018,16,33,2018.0,3.0
0,34,17,11,1935,16,33,2021.0,4.0
2,34,17,1,6278,16,19,2008.0,9.0
0,30,17,1,10759,32,1,2015.0,1.0
3,34,17,11,199,44,5,2015.0,3.0
0,30,17,0,7814,32,1,2008.0,3.0
0,66,17,11,4017,16,33,2023.0,7.0
0,34,17,11,190,44,5,2014.0,11.0
0,34,17,11,8916,16,33,2013.0,12.0
0,66,17,0,11042,44,8,2007.0,7.0
2,34,17,11,2560,44,5,2014.0,4.0
0,66,21,11,4239,44,33,2023.0,2.0
0,66,17,11,4168,44,8,2009.0,8.0
0,34,17,11,2212,44,5,2011.0,8.0
3,34,17,1,11249,44,5,2014.0,6.0
0,66,17,11,4354,44,33,2010.0,12.0
0,34,17,11,292,32,43,2008.0,7.0
0,34,14,11,4407,16,43,2018.0,5.0
0,13,17,3,4639,32,43,2017.0,9.0
2,34,95,11,752,44,5,2014.0,12.0
0,34,17,11,2107,44,5,2011.0,7.0
0,42,17,11,9259,44,33,2025.0,2.0
0,34,17,11,478,44,5,2017.0,7.0
0,34,17,11,10450,16,33,2013.0,6.0
0,66,17,1,7601,32,8,2017.0,12.0
0,7,17,3,6960,44,43,2008.0,2.0
0,7,17,11,2634,16,8,2017.0,2.0
0,52,17,11,1971,16,33,2024.0,12.0
0,34,17,11,7074,16,33,2009.0,1.0
0,34,17,11,2926,44,5,2016.0,8.0
0,66,17,1,4689,16,33,2008.0,3.0
3,34,17,11,1955,16,33,2022.0,10.0
0,34,17,11,9418,16,33,2013.0,7.0
0,66,17,11,937,16,19,2013.0,3.0
0,7,17,2,9225,32,8,2015.0,11.0
0,34,17,12,1168,44,43,2015.0,7.0
0,45,17,1,8626,44,10,2014.0,8.0
0,34,17,11,7135,16,33,2013.0,12.0
0,34,17,11,5672,44,5,2019.0,7.0
0,63,17,11,614,36,8,2016.0,9.0
0,34,17,11,3714,44,43,2012.0,8.0
0,34,17,11,9079,16,33,2008.0,6.0
0,66,17,1,6624,44,5,2024.0,12.0
0,66,17,11,2616,16,33,2022.0,1.0
0,34,17,11,1868,16,33,2022.0,11.0
0,34,17,11,2909,44,5,2013.0,7.0
0,34,17,11,1128,16,19,2022.0,5.0
0,34,17,11,5503,16,5,2021.0,12.0
0,34,17,11,5750,44,5,2017.0,8.0
0,66,17,2,9294,16,43,2014.0,6.0
0,34,17,11,2144,44,5,2023.0,2.0
0,34,17,1,4075,44,5,2019.0,10.0
0,34,17,11,1933,16,33,2024.0,6.0
0,30,17,1,6994,32,1,2014.0,9.0
0,40,17,11,9523,57,19,2026.0,4.0
0,66,17,11,3409,25,8,2008.0,1.0
0,7,17,12,8355,32,43,2009.0,7.0
0,34,17,11,206,44,5,2014.0,10.0
0,58,17,11,8155,16,13,2012.0,4.0
0,30,24,1,6670,32,1,2007.0,1.0
0,66,17,11,903,23,33,2021.0,8.0
0,34,17,11,1888,16,33,2023.0,5.0
0,34,14,11,9674,16,43,2018.0,5.0
0,30,24,3,7914,32,1,2009.0,9.0
0,30,17,2,7508,32,1,2005.0,9.0
0,34,17,11,2893,44,5,2014.0,1.0
0,66,1,11,617,16,8,2006.0,10.0
0,34,17,11,2727,44,43,2013.0,10.0
0,66,17,11,7867,16,0,2013.0,9.0
0,11,17,2,5782,16,8,2026.0,3.0
0,34,17,11,6607,16,8,2014.0,6.0
0,34,17,0,4076,44,5,2014.0,2.0
0,30,88,1,9882,32,1,2007.0,7.0
0,30,17,1,8440,32,1,2017.0,1.0
3,34,17,11,136,57,5,2015.0,3.0
0,30,88,1,10905,32,1,2005.0,9.0
0,7,17,3,8401,32,43,2008.0,1.0
0,66,17,11,1037,16,0,2020.0,11.0
0,7,21,11,1067,44,8,2023.0,1.0
0,66,95,0,4278,57,33,2008.0,8.0
0,66,17,11,3169,36,33,2018.0,8.0
0,66,17,11,9042,44,33,2007.0,11.0
0,23,17,1,4500,44,8,2018.0,7.0
0,34,95,11,4046,16,33,2023.0,1.0
0,7,17,2,8321,16,43,2006.0,7.0
0,45,17,11,4151,16,8,2015.0,9.0
0,30,24,3,7376,32,1,2013.0,1.0
2,34,17,11,1103,16,43,2015.0,10.0
0,34,17,11,286,16,8,2015.0,4.0
0,34,17,0,9357,16,33,2007.0,11.0
0,34,17,11,2036,44,5,2013.0,7.0
0,34,14,11,9604,16,33,2018.0,4.0
0,34,17,11,1953,16,33,2023.0,3.0
0,34,95,11,598,16,33,2008.0,5.0
0,66,17,11,1560,16,19,2021.0,5.0
0,30,17,12,7410,32,1,2008.0,4.0
0,34,17,11,210,44,5,2015.0,1.0
0,34,17,11,2172,44,5,2010.0,5.0
0,34,17,11,5820,44,5,2024.0,10.0
0,66,17,0,4275,44,33,2008.0,8.0
0,34,17,11,1441,44,5,2022.0,6.0
0,30,17,1,11181,32,1,2009.0,11.0
0,34,17,11,489,44,5,2016.0,3.0
3,66,17,11,6605,36,33,2015.0,2.0
0,34,17,11,2118,44,5,2012.0,11.0
0,16,17,11,6249,44,33,2022.0,3.0
0,34,14,11,11263,16,33,2017.0,11.0
0,66,17,11,3555,44,5,2011.0,12.0
0,34,17,0,2759,44,5,2008.0,5.0
0,66,17,11,3509,16,33,2010.0,11.0
0,34,17,11,2947,44,5,2019.0,4.0
0,34,17,11,2237,44,5,2012.0,6.0
0,34,17,2,7715,16,33,2023.0,7.0
0,34,17,1,5489,16,5,2011.0,11.0
0,34,17,11,7123,16,33,2011.0,10.0
0,34,17,11,524,44,5,2016.0,8.0
0,30,24,1,11167,32,1,2012.0,10.0
0,66,17,11,4737,16,33,2023.0,8.0
0,45,17,11,5688,16,8,2023.0,2.0
0,4,17,11,8711,44,43,2015.0,8.0
0,34,17,11,9486,16,33,2022.0,4.0
0,66,17,1,10232,32,8,2021.0,8.0
0,30,14,0,10652,32,1,2020.0,3.0
0,66,17,11,4240,44,33,2015.0,3.0
0,45,17,11,645,44,8,2022.0,9.0
0,66,17,11,1302,16,33,2024.0,3.0
0,22,17,1,5910,16,33,2024.0,6.0
0,58,88,11,11236,16,23,2013.0,4.0
0,66,17,12,7953,16,33,2010.0,12.0
0,34,14,11,5504,16,5,2021.0,9.0
0,58,88,11,10282,16,8,2014.0,7.0
0,34,14,11,9387,36,33,2021.0,7.0
0,66,17,11,5787,16,33,2013.0,10.0
0,34,17,11,3890,16,33,2023.0,12.0
0,34,17,11,310,16,33,2012.0,6.0
0,66,17,11,1669,16,43,2018.0,12.0
0,66,17,11,7265,16,8,2010.0,2.0
0,34,17,11,9431,16,33,2010.0,5.0
3,34,17,11,2502,44,5,2014.0,5.0
0,34,17,11,2924,44,5,2015.0,9.0
3,34,17,11,163,57,5,2015.0,4.0
0,66,17,11,1777,44,5,2007.0,8.0
0,34,17,11,502,44,5,2019.0,10.0
0,63,17,11,430,16,8,2024.0,11.0
0,61,17,11,4015,16,33,2026.0,3.0
0,66,17,11,4799,16,5,2024.0,6.0
0,34,17,1,8169,36,5,2015.0,2.0
2,66,17,11,3308,16,33,2018.0,7.0
0,66,17,11,4397,44,33,2024.0,6.0
0,7,17,0,5104,44,8,2025.0,9.0
0,52,17,11,2732,44,5,2025.0,3.0
0,66,17,11,3904,57,33,2018.0,9.0
0,13,17,13,7212,32,32,2024.0,6.0
0,34,17,11,1956,16,33,2023.0,2.0
0,34,17,11,2950,44,5,2022.0,2.0
0,34,17,11,1408,16,33,2021.0,6.0
0,34,17,11,10464,44,5,2011.0,9.0
0,34,17,11,2666,16,33,2023.0,4.0
0,30,66,1,7543,32,1,2015.0,7.0
0,34,17,11,754,57,33,2022.0,11.0
0,66,17,11,3560,44,33,2013.0,6.0
0,66,17,11,247,16,19,2010.0,11.0
0,34,17,11,9828,16,33,2015.0,1.0
0,34,17,11,8896,16,33,2009.0,12.0
0,34,17,11,2120,44,5,2012.0,12.0
0,38,17,11,9188,16,33,2026.0,2.0
0,34,17,11,4172,16,33,2023.0,11.0
0,34,14,1,8934,16,33,2014.0,7.0
3,66,17,11,5704,16,33,2014.0,7.0
0,23,17,11,4535,44,8,2017.0,10.0
0,34,17,1,5389,44,5,2017.0,11.0
0,34,17,11,1416,44,5,2008.0,6.0
0,34,17,1,5793,44,5,2009.0,5.0
0,34,21,11,659,16,33,2023.0,2.0
0,34,17,11,10437,16,5,2017.0,7.0
3,66,17,2,6977,44,5,2014.0,5.0
0,66,17,11,220,16,19,2010.0,1.0
0,30,64,7,8743,32,1,2015.0,4.0
0,34,17,11,4886,16,19,2024.0,4.0
0,66,17,0,11073,44,8,2011.0,3.0
0,30,88,1,9879,32,1,2006.0,9.0
0,66,17,11,6188,16,33,2018.0,1.0
0,66,17,11,3347,16,33,2024.0,6.0
2,34,17,11,2296,44,33,2015.0,12.0
2,34,17,11,2905,44,5,2016.0,1.0
2,34,17,11,2062,44,5,2013.0,12.0
0,34,17,11,591,16,8,2021.0,7.0
0,66,17,11,4703,16,33,2012.0,2.0
0,34,17,11,5032,16,43,2015.0,5.0
0,66,17,11,6924,44,5,2013.0,1.0
3,34,17,11,2987,44,5,2014.0,4.0
0,34,17,11,2006,44,5,2024.0,6.0
0,34,17,11,2586,44,5,2013.0,10.0
0,34,17,11,2015,44,5,2023.0,9.0
0,66,17,11,10752,16,33,2018.0,6.0
0,66,17,11,1532,44,5,2014.0,12.0
0,36,17,11,10722,16,8,2014.0,6.0
0,63,17,1,3483,19,8,2012.0,10.0
0,34,17,11,4095,44,43,2006.0,6.0
0,34,17,11,2728,44,5,2016.0,1.0
0,34,17,11,3064,6,43,2014.0,1.0
0,66,36,11,1304,36,33,2019.0,5.0
0,63,17,0,4609,44,8,2017.0,6.0
0,34,17,0,7674,16,5,2015.0,10.0
0,58,17,12,8068,57,15,2011.0,12.0
0,34,17,11,9345,16,33,2009.0,5.0
0,23,17,1,4525,44,8,2025.0,7.0
0,34,17,11,89,44,5,2009.0,8.0
0,30,17,3,7556,32,1,2013.0,9.0
0,34,17,11,2008,44,5,2012.0,5.0
0,34,17,11,4183,36,43,2023.0,1.0
0,34,17,11,3712,44,5,2013.0,2.0
2,34,17,11,2926,44,5,2016.0,1.0
0,7,17,1,6400,44,8,2011.0,12.0
2,66,17,11,4599,44,33,2017.0,3.0
0,17,17,11,649,16,8,2020.0,6.0
0,66,17,1,6591,16,33,2013.0,4.0
0,30,17,1,10883,32,1,2022.0,10.0
0,66,17,11,400,16,8,2008.0,6.0
0,34,17,0,4927,16,33,2012.0,7.0
0,30,17,2,7485,32,43,2019.0,6.0
3,66,17,11,1310,16,33,2021.0,4.0
0,30,95,7,7299,32,1,2015.0,10.0
0,34,17,11,7312,16,33,2017.0,5.0
0,30,24,12,10946,32,1,2012.0,10.0
0,7,17,0,4858,44,8,2009.0,9.0
0,66,17,11,4744,16,33,2009.0,11.0
0,34,17,11,7156,16,33,2011.0,11.0
0,34,17,11,153,44,5,2010.0,4.0
0,66,17,11,1255,16,33,2013.0,10.0
0,66,17,11,3389,16,33,2022.0,12.0
0,34,17,11,1925,16,33,2024.0,8.0
0,52,17,11,1946,16,33,2025.0,10.0
0,66,17,11,1541,36,33,2020.0,8.0
0,34,17,11,3627,44,5,2012.0,3.0
0,7,17,3,9732,32,43,2007.0,5.0
0,34,14,1,8942,16,33,2015.0,2.0
0,34,17,11,1430,44,5,2023.0,2.0
0,34,17,11,4953,16,33,2013.0,2.0
0,34,17,11,7066,16,33,2013.0,10.0
0,34,17,11,783,16,33,2024.0,5.0
0,30,17,1,10058,32,1,2011.0,4.0
0,7,17,3,8417,32,43,2008.0,2.0
0,16,17,11,9791,44,33,2018.0,5.0
0,34,17,11,6371,44,5,2009.0,7.0
0,58,17,11,8046,16,15,2010.0,2.0
0,66,17,11,3150,16,33,2021.0,12.0
0,66,17,11,6185,16,33,2009.0,1.0
0,34,17,11,2207,44,5,2012.0,7.0
0,66,17,3,4461,8,33,2023.0,6.0
0,34,17,11,1938,16,33,2024.0,7.0
0,58,17,11,7964,16,13,2011.0,3.0
0,34,17,11,3625,44,5,2012.0,5.0
0,23,17,1,1053,16,8,2018.0,10.0
0,74,17,1,10395,16,1,2013.0,8.0
0,34,17,11,7331,8,33,2023.0,7.0
0,30,24,3,54,32,1,2009.0,3.0
0,34,17,13,5426,44,5,2011.0,11.0
2,34,17,11,8864,16,33,2017.0,8.0
0,66,17,11,223,44,5,2012.0,9.0
0,70,17,11,8008,23,33,2018.0,8.0
0,34,21,11,1939,57,33,2023.0,3.0
0,66,1,11,5365,16,33,2011.0,10.0
0,34,17,11,291,16,43,2009.0,3.0
0,22,17,0,8831,16,33,2024.0,7.0
0,66,17,11,229,44,5,2011.0,12.0
0,66,17,11,10659,44,8,2009.0,11.0
0,66,17,11,5367,16,33,2011.0,9.0
0,34,95,11,8770,16,43,2005.0,4.0
0,34,21,11,4790,16,8,2023.0,2.0
0,58,17,11,8045,16,13,2011.0,9.0
0,34,17,11,8956,16,33,2013.0,4.0
0,34,17,1,1172,44,5,2024.0,11.0
0,34,17,11,7101,16,33,2015.0,6.0
0,34,17,11,2204,44,5,2011.0,7.0
0,34,17,11,2950,44,5,2022.0,9.0
0,70,95,11,3128,16,33,2013.0,3.0
0,30,24,1,7385,32,1,2011.0,10.0
0,66,17,11,1092,16,19,2020.0,3.0
0,34,17,11,5675,44,5,2024.0,5.0
0,30,17,1,10763,32,1,2014.0,8.0
0,34,17,11,2921,44,5,2013.0,10.0
0,66,17,11,4448,16,33,2014.0,1.0
0,66,17,11,5962,16,33,2013.0,4.0
0,34,14,11,5513,16,5,2022.0,8.0
0,16,17,11,6785,44,33,2017.0,7.0
0,58,17,11,7993,16,30,2013.0,3.0
0,34,17,11,4061,16,33,2023.0,6.0
0,70,17,2,8760,16,33,2012.0,11.0
0,66,17,11,6634,16,33,2010.0,2.0
2,34,17,0,500,44,5,2020.0,9.0
0,34,17,11,7153,16,33,2009.0,2.0
0,34,17,11,355,16,33,2024.0,3.0
0,34,17,11,6997,16,33,2007.0,9.0
0,52,17,11,2957,44,5,2025.0,7.0
3,66,17,11,1477,23,33,2020.0,2.0
0,66,95,11,866,16,0,2009.0,4.0
0,30,17,2,10069,57,1,2010.0,10.0
0,63,17,1,7427,16,8,2011.0,7.0
0,66,95,0,9751,44,43,2014.0,5.0
0,70,17,0,9676,32,1,2013.0,5.0
0,66,95,11,308,44,5,2014.0,6.0
0,34,17,11,1923,16,33,2019.0,9.0
0,34,17,11,593,16,8,2009.0,1.0
0,34,17,11,5487,16,33,2012.0,6.0
0,30,17,1,10873,32,1,2018.0,11.0
0,7,17,11,6805,44,33,2014.0,3.0
0,58,88,12,8056,16,43,2012.0,4.0
0,66,17,11,1365,16,33,2020.0,4.0
0,34,17,11,3717,16,33,2011.0,9.0
0,34,14,11,5745,16,5,2020.0,1.0
0,66,17,11,4248,32,33,2019.0,11.0
0,30,17,0,7831,32,1,2022.0,10.0
0,58,17,11,8037,16,25,2015.0,11.0
0,30,12,2,6419,57,1,2006.0,9.0
0,23,17,0,4564,44,8,2022.0,8.0
0,38,17,11,8538,36,8,2024.0,7.0
0,34,17,0,3810,16,43,2005.0,1.0
0,23,17,2,4554,47,8,2025.0,9.0
0,7,17,1,2748,44,8,2025.0,6.0
0,30,24,3,3,32,1,2008.0,12.0
0,38,17,11,5048,42,8,2023.0,10.0
0,34,17,11,2308,44,5,2012.0,10.0
0,34,17,1,1980,44,5,2012.0,10.0
0,34,17,11,5397,44,43,2024.0,8.0
0,2,17,11,1978,16,33,2020.0,11.0
0,34,17,11,1742,16,33,2023.0,12.0
0,30,88,2,9787,32,1,2008.0,8.0
0,30,88,1,9903,32,1,2005.0,10.0
0,34,17,11,3081,57,5,2016.0,2.0
0,34,17,11,3656,16,33,2022.0,12.0
3,66,17,11,4454,16,33,2020.0,3.0
0,34,17,11,290,16,33,2017.0,8.0
0,66,17,11,1023,16,0,2019.0,4.0
0,66,17,1,6134,16,33,2008.0,8.0
0,30,88,1,11153,32,1,2021.0,4.0
0,66,17,11,9229,16,5,2009.0,5.0
0,66,1,11,9051,44,33,2008.0,3.0
0,34,17,11,2345,57,5,2013.0,11.0
0,7,17,2,9719,32,43,2006.0,9.0
0,34,17,1,1539,44,5,2024.0,10.0
2,66,17,11,6222,16,33,2016.0,7.0
0,66,17,11,4770,16,33,2023.0,2.0
0,34,17,11,2650,16,33,2023.0,5.0
2,34,17,11,10444,44,5,2018.0,7.0
0,34,17,11,4088,16,33,2022.0,12.0
0,66,17,0,255,44,33,2011.0,5.0
0,66,17,11,877,57,33,2017.0,6.0
0,38,17,11,8545,36,8,2025.0,3.0
0,23,13,2,7253,16,8,2023.0,8.0
0,34,17,11,9422,16,43,2012.0,6.0
0,66,17,11,4124,44,8,2019.0,10.0
0,34,17,11,2062,44,5,2011.0,11.0
0,66,17,11,7937,44,5,2016.0,10.0
0,34,17,11,8961,16,33,2007.0,3.0
0,34,17,1,5582,44,5,2021.0,8.0
0,66,17,11,4865,16,0,2011.0,10.0
0,45,17,11,8672,44,8,2015.0,1.0
0,66,17,11,1084,16,0,2020.0,4.0
0,34,17,11,7687,16,33,2014.0,11.0
0,34,17,11,5784,44,5,2013.0,9.0
0,34,17,11,2217,44,5,2010.0,9.0
0,66,17,11,3511,16,33,2010.0,4.0
0,66,17,1,7589,32,8,2013.0,12.0
0,34,17,11,2048,44,5,2011.0,3.0
0,7,17,1,9705,32,43,2008.0,1.0
2,52,17,11,2720,16,33,2024.0,9.0
0,66,17,11,1019,16,0,2020.0,1.0
0,66,17,1,9688,16,43,2010.0,6.0
2,34,14,11,7322,16,33,2017.0,6.0
0,34,17,11,2337,44,5,2009.0,10.0
0,34,17,2,8562,44,5,2008.0,4.0
0,30,17,1,10857,32,1,2013.0,1.0
0,30,17,0,7453,32,1,2014.0,4.0
0,30,24,3,10995,32,1,2013.0,5.0
0,66,17,11,1308,16,33,2024.0,2.0
0,66,17,11,3270,57,8,2008.0,2.0
0,34,17,11,1915,16,33,2012.0,11.0
0,30,24,3,10362,32,1,2009.0,3.0
0,7,17,12,6806,16,33,2010.0,9.0
0,30,24,1,11154,32,1,2021.0,10.0
0,45,17,11,657,16,10,2022.0,5.0
0,34,17,11,3075,44,5,2015.0,10.0
0,34,17,1,6265,16,33,2012.0,6.0
0,30,17,1,7391,32,1,2018.0,5.0
0,34,88,1,9030,16,33,2009.0,1.0
0,66,17,12,4388,44,8,2012.0,7.0
0,34,17,0,170,44,5,2010.0,4.0
0,66,17,1,6688,44,5,2013.0,11.0
3,34,17,11,11209,16,33,2014.0,5.0
0,30,17,12,7849,32,1,2010.0,1.0
0,66,17,0,11079,16,33,2010.0,7.0
0,34,17,11,7347,16,43,2006.0,6.0
0,66,14,11,5856,16,33,2022.0,1.0
0,7,17,11,9695,44,32,2018.0,8.0
0,34,17,11,10434,16,5,2015.0,11.0
0,22,17,11,6020,16,33,2025.0,9.0
0,30,17,2,7553,32,1,2024.0,8.0
0,23,17,0,4484,44,8,2025.0,9.0
0,66,17,11,873,16,0,2013.0,7.0
0,34,17,11,2908,44,5,2013.0,7.0
0,66,17,12,3501,44,8,2008.0,6.0
0,66,17,11,6094,16,5,2015.0,12.0
0,66,17,11,3946,16,8,2007.0,11.0
0,34,17,11,2043,44,5,2012.0,6.0
0,34,17,11,1855,16,33,2023.0,6.0
0,34,17,0,10670,16,33,2014.0,2.0
0,34,17,11,5675,44,5,2022.0,6.0
0,30,17,0,6567,32,1,2021.0,12.0
0,30,66,1,11289,32,1,2015.0,6.0
0,66,17,0,11085,44,8,2007.0,10.0
0,34,17,11,489,44,5,2016.0,6.0
0,30,24,3,7393,32,1,2013.0,5.0
0,34,17,11,3738,16,33,2010.0,3.0
0,34,17,11,3518,44,5,2009.0,5.0
0,34,17,11,9437,16,33,2007.0,2.0
0,34,17,11,2900,44,5,2016.0,12.0
0,66,1,11,618,16,8,2007.0,6.0
2,34,17,11,4834,16,33,2015.0,5.0
0,30,14,1,9861,32,1,2014.0,6.0
0,66,17,11,6217,16,33,2007.0,10.0
0,34,17,11,2095,44,5,2012.0,11.0
0,34,17,11,460,44,5,2019.0,7.0
0,34,17,11,5673,36,5,2024.0,5.0
3,66,17,2,6643,57,43,2015.0,6.0
0,66,17,0,274,44,33,2008.0,1.0
0,66,95,0,1230,36,5,2014.0,11.0
0,30,66,0,7442,32,1,2014.0,1.0
0,34,17,11,11278,16,33,2021.0,7.0
0,66,17,11,4741,16,33,2010.0,3.0
0,66,17,0,1552,16,33,2018.0,6.0
0,58,17,11,6197,16,8,2014.0,6.0
0,7,17,3,8374,32,43,2007.0,11.0
2,34,17,1,8234,57,33,2015.0,11.0
0,66,17,11,1805,16,33,2023.0,4.0
0,66,95,11,2627,16,33,2023.0,3.0
0,31,17,11,8289,16,8,2024.0,1.0
2,34,17,11,3766,16,33,2019.0,4.0
0,7,88,2,7518,34,43,2007.0,11.0
0,34,17,11,141,44,5,2013.0,5.0
0,66,17,1,8089,16,8,2007.0,9.0
0,66,17,11,4652,6,33,2015.0,1.0
0,66,17,11,6223,16,33,2014.0,11.0
0,34,14,11,9387,36,33,2021.0,7.0
3,72,94,11,7203,32,43,2019.0,8.0
0,30,95,1,7552,32,1,2007.0,12.0
3,66,95,12,225,57,43,2014.0,6.0
0,34,17,11,3664,44,5,2007.0,5.0
0,23,17,0,4521,44,8,2023.0,11.0
0,66,17,11,7214,57,5,2013.0,4.0
0,30,24,1,10883,32,1,2023.0,12.0
0,66,17,11,411,44,33,2009.0,8.0
0,34,17,11,1755,44,5,2013.0,8.0
0,34,17,11,2884,44,5,2017.0,2.0
0,34,17,11,1950,16,33,2023.0,11.0
3,34,17,11,2954,44,5,2021.0,9.0
0,34,17,11,1130,16,19,2010.0,12.0
2,34,17,11,11216,16,33,2015.0,7.0
0,34,17,11,4096,16,33,2020.0,12.0
3,16,17,11,6295,6,33,2019.0,6.0
0,34,17,11,2938,44,5,2020.0,12.0
0,7,17,11,6972,44,43,2007.0,5.0
0,34,17,11,2169,57,5,2013.0,11.0
0,34,17,11,2820,44,5,2015.0,11.0
0,30,17,1,7830,32,1,2013.0,2.0
0,66,17,11,4116,16,33,2018.0,9.0
0,30,17,1,8185,16,1,2006.0,12.0
0,30,17,1,9870,32,1,2010.0,3.0
0,66,17,11,3867,16,33,2014.0,3.0
0,34,24,3,281,32,8,2008.0,9.0
0,34,17,11,5508,36,5,2014.0,9.0
0,66,17,11,1592,16,5,2012.0,3.0
0,34,17,11,173,44,5,2010.0,9.0
0,66,21,11,3373,44,8,2023.0,1.0
0,66,17,11,1596,44,5,2009.0,9.0
0,66,17,11,3209,44,8,2013.0,11.0
3,34,17,11,7042,16,33,2020.0,3.0
0,66,17,11,3419,16,33,2024.0,5.0
0,66,17,11,4294,16,33,2012.0,2.0
0,66,17,11,1327,36,33,2024.0,6.0
0,34,14,11,9025,16,33,2017.0,11.0
3,66,17,11,6093,16,33,2015.0,2.0
0,38,14,11,960,49,8,2025.0,1.0
0,34,17,11,4834,16,33,2015.0,5.0
0,34,14,11,5513,16,5,2022.0,8.0
0,34,17,11,2941,44,5,2015.0,3.0
0,34,17,0,2367,16,43,2005.0,11.0
0,66,17,2,1685,36,5,2016.0,10.0
0,34,17,11,2189,44,5,2023.0,1.0
0,30,24,2,8184,32,1,2011.0,11.0
0,30,17,1,9,32,1,2009.0,12.0
0,52,17,11,5822,44,5,2025.0,2.0
0,58,17,11,10669,16,43,2012.0,10.0
0,34,17,11,9472,16,33,2007.0,4.0
0,66,17,11,1825,57,19,2022.0,4.0
0,66,17,11,6304,16,33,2012.0,9.0
0,34,17,11,7118,16,33,2013.0,10.0
0,23,17,0,4374,44,8,2025.0,1.0
0,58,17,1,9200,16,8,2019.0,3.0
0,66,17,11,5831,16,0,2021.0,11.0
0,34,14,0,4975,16,33,2024.0,8.0
0,34,17,11,207,44,43,2019.0,8.0
0,66,17,11,3527,44,33,2018.0,10.0
0,34,17,11,7310,16,33,2017.0,10.0
0,66,17,11,1735,16,5,2016.0,7.0
0,34,17,11,2403,44,43,2007.0,8.0
0,30,24,12,10015,16,1,2007.0,8.0
3,16,17,1,6857,36,33,2021.0,5.0
0,66,17,11,2024,44,33,2007.0,7.0
0,66,14,11,3410,16,8,2007.0,10.0
0,66,17,11,4651,44,33,2013.0,3.0
0,7,17,0,8420,32,43,2008.0,12.0
3,34,17,11,2855,44,5,2014.0,1.0
0,66,17,11,901,16,0,2020.0,1.0
3,66,17,11,4620,16,33,2014.0,11.0
0,61,17,11,1524,16,33,2025.0,5.0
3,34,17,11,7158,16,33,2020.0,2.0
0,30,24,3,10388,32,1,2014.0,3.0
0,35,17,11,5384,16,33,2012.0,8.0
0,66,17,11,1543,16,33,2023.0,6.0
0,66,17,11,3549,44,33,2012.0,6.0
0,30,17,12,10893,32,1,2011.0,7.0
0,66,17,11,7768,16,0,2011.0,7.0
0,66,17,0,4275,44,33,2008.0,7.0
0,34,17,11,11260,16,33,2017.0,11.0
0,30,88,2,6671,57,43,2026.0,4.0
0,66,17,11,6725,44,33,2007.0,8.0
0,45,17,1,1000,16,8,2016.0,2.0
0,66,17,11,3166,44,33,2024.0,1.0
0,34,17,13,403,44,5,2015.0,5.0
0,34,17,11,7018,16,33,2017.0,3.0
0,34,17,11,2062,44,5,2013.0,8.0
3,66,17,11,10246,44,5,2015.0,3.0
0,30,17,1,6564,32,1,2022.0,2.0
0,61,17,11,5290,36,33,2025.0,6.0
0,45,17,11,1688,44,8,2022.0,6.0
0,34,17,11,5271,44,5,2007.0,2.0
0,38,17,11,8530,44,10,2023.0,12.0
0,34,17,11,5261,44,5,2008.0,2.0
0,23,17,11,4156,36,8,2019.0,9.0
0,30,17,3,6418,32,1,2009.0,3.0
0,12,17,1,5722,25,10,2017.0,11.0
0,34,17,11,9105,16,33,2010.0,5.0
0,34,17,11,473,44,5,2016.0,12.0
0,45,17,11,307,16,8,2014.0,8.0
0,66,17,11,2506,16,33,2012.0,6.0
0,7,17,0,8419,32,43,2008.0,6.0
0,34,17,11,2887,44,5,2013.0,12.0
0,66,17,2,7597,32,8,2022.0,4.0
0,66,17,11,375,16,8,2009.0,1.0
0,66,17,11,5319,16,5,2024.0,2.0
3,34,17,11,4871,16,0,2021.0,8.0
0,30,17,1,10836,32,1,2005.0,2.0
2,34,17,1,3076,44,5,2015.0,10.0
0,34,17,11,5488,16,33,2012.0,8.0
0,34,17,1,10205,32,5,2009.0,2.0
0,34,17,11,4047,23,33,2016.0,11.0
0,34,14,11,9104,36,33,2018.0,8.0
0,13,95,3,7238,32,43,2009.0,4.0
0,66,17,3,8114,16,5,2013.0,7.0
0,45,17,11,8601,44,8,2016.0,8.0
0,58,17,11,10296,16,43,2014.0,6.0
0,34,17,11,2458,44,5,2014.0,1.0
0,52,17,11,3002,44,5,2025.0,1.0
0,66,17,0,8140,16,8,2011.0,4.0
0,34,17,11,1389,16,33,2016.0,6.0
0,30,17,1,7825,32,1,2018.0,12.0
0,58,88,11,10282,16,8,2014.0,7.0
0,7,17,0,5100,44,8,2023.0,8.0
0,34,17,11,7041,16,33,2017.0,12.0
0,45,17,11,9785,16,43,2013.0,1.0
0,66,17,11,3360,23,33,2017.0,8.0
0,7,17,3,8332,32,43,2009.0,3.0
0,34,17,11,9066,16,33,2007.0,11.0
0,34,17,11,7173,16,33,2021.0,9.0
0,30,24,3,10971,32,1,2007.0,7.0
0,66,17,11,859,16,0,2011.0,6.0
0,30,17,0,7369,32,1,2008.0,7.0
0,61,17,2,4768,36,33,2025.0,6.0
0,23,17,11,1726,36,8,2023.0,5.0
2,34,17,11,1441,44,5,2021.0,7.0
0,34,17,11,3736,16,33,2007.0,8.0
0,34,17,3,7183,16,33,2012.0,10.0
0,7,17,0,8418,32,43,2013.0,5.0
0,66,21,11,2612,16,33,2023.0,5.0
0,30,17,1,10857,32,1,2022.0,1.0
0,70,17,11,6447,16,43,2006.0,6.0
0,66,1,11,700,16,8,2007.0,7.0
0,66,17,7,10256,16,33,2018.0,9.0
0,39,17,13,7619,16,1,2023.0,8.0
3,23,17,1,8094,36,8,2021.0,8.0
0,66,17,11,3248,16,33,2023.0,10.0
0,34,17,1,1125,16,33,2008.0,1.0
0,34,17,11,9661,16,33,2017.0,3.0
0,30,2,1,9889,32,1,2009.0,7.0
0,63,17,13,9180,16,43,2020.0,12.0
0,23,17,11,4146,16,8,2023.0,9.0
0,66,17,11,5132,16,33,2017.0,1.0
0,34,17,11,5075,16,8,2021.0,12.0
0,34,17,11,570,16,8,2020.0,2.0
0,34,17,11,2872,44,5,2016.0,11.0
0,34,17,11,2189,44,5,2024.0,2.0
0,34,17,11,3813,57,33,2019.0,4.0
0,66,17,11,226,44,5,2010.0,3.0
0,34,17,1,183,44,5,2011.0,10.0
0,34,17,11,522,44,5,2013.0,7.0
0,63,17,2,10192,25,8,2015.0,4.0
0,30,17,12,9858,32,1,2006.0,12.0
0,34,17,11,9818,16,43,2006.0,7.0
0,34,17,11,3713,44,5,2012.0,10.0
0,34,17,11,1149,16,19,2023.0,6.0
0,63,8,11,5709,44,8,2025.0,3.0
0,66,17,11,4227,44,33,2021.0,1.0
0,34,17,11,7111,16,33,2019.0,5.0
0,66,21,11,4417,44,33,2023.0,7.0
0,66,17,1,3494,57,8,2008.0,4.0
0,66,17,11,9752,23,33,2020.0,4.0
0,66,17,11,3135,44,33,2010.0,1.0
0,38,17,11,4908,16,8,2024.0,2.0
0,45,17,11,3854,16,8,2014.0,12.0
0,34,17,1,9013,57,33,2013.0,5.0
0,34,17,11,3777,36,33,2022.0,6.0
0,34,14,11,7056,16,33,2018.0,3.0
0,63,95,1,6321,16,43,2011.0,7.0
0,66,17,11,1299,36,33,2018.0,8.0
0,34,17,11,10439,16,5,2012.0,11.0
0,45,17,11,8609,44,8,2016.0,11.0
3,70,17,11,7984,16,43,2020.0,8.0
0,63,17,1,4965,36,8,2025.0,3.0
0,66,17,11,1786,16,33,2010.0,6.0
0,34,1,1,6833,44,5,2009.0,4.0
0,34,17,11,2081,44,5,2013.0,6.0
0,34,17,11,2356,44,5,2014.0,4.0
0,66,17,11,7733,16,33,2013.0,3.0
0,45,17,11,8656,44,10,2011.0,12.0
0,34,17,11,5938,44,5,2010.0,1.0
0,34,17,1,7686,44,5,2021.0,5.0
0,34,17,11,1441,44,5,2019.0,12.0
0,66,17,1,9304,44,5,2015.0,4.0
0,66,17,11,1773,16,33,2012.0,5.0
0,66,17,11,3940,44,33,2013.0,7.0
0,34,17,1,9417,16,33,2013.0,6.0
0,34,17,11,1941,16,33,2024.0,11.0
0,34,17,0,3733,44,5,2008.0,11.0
0,66,17,11,5969,16,33,2013.0,2.0
2,34,95,11,9090,16,43,2018.0,5.0
0,34,17,11,270,16,8,2016.0,12.0
3,34,17,11,9353,16,43,2015.0,5.0
0,45,17,11,830,16,8,2015.0,7.0
0,7,17,0,6115,44,8,2020.0,3.0
0,45,17,11,10722,16,8,2018.0,7.0
0,34,14,11,9816,16,33,2022.0,6.0
0,66,17,11,3156,44,33,2011.0,3.0
0,7,24,3,8412,32,43,2008.0,12.0
0,34,17,1,9367,16,33,2011.0,9.0
0,34,17,11,2664,16,33,2023.0,5.0
0,34,17,0,9335,16,33,2007.0,10.0
0,30,17,0,10803,57,43,2019.0,4.0
0,34,17,11,1882,16,33,2023.0,5.0
0,30,24,12,11162,32,1,2013.0,5.0
3,16,17,11,9794,57,33,2020.0,1.0
0,30,17,1,7916,32,1,2009.0,3.0
0,52,17,11,4085,44,5,2025.0,12.0
0,66,17,11,3383,16,33,2021.0,10.0
0,34,17,11,3633,44,5,2009.0,12.0
0,30,24,1,10073,16,1,2007.0,7.0
0,34,17,11,537,44,5,2016.0,1.0
0,30,66,1,11149,32,1,2015.0,7.0
0,38,17,11,8542,44,10,2024.0,5.0
0,30,17,3,6379,32,1,2015.0,10.0
2,7,17,3,8351,32,43,2014.0,2.0
0,70,17,11,8781,16,43,2013.0,5.0
0,30,17,3,7388,32,1,2011.0,7.0
0,52,17,11,2957,44,5,2025.0,5.0
0,61,17,1,3430,16,33,2025.0,8.0
2,34,17,11,106,44,43,2015.0,1.0
0,34,17,11,1954,16,33,2022.0,10.0
0,70,1,12,11239,32,43,2011.0,9.0
0,34,17,0,2954,44,5,2021.0,5.0
0,66,21,11,9213,16,33,2023.0,5.0
0,36,17,11,11074,44,8,2022.0,10.0
0,58,17,1,10311,16,43,2012.0,5.0
0,34,17,11,5188,16,33,2008.0,6.0
0,30,17,1,11161,32,1,2010.0,4.0
0,66,17,11,934,16,19,2012.0,2.0
3,34,17,11,2844,44,5,2014.0,2.0
0,34,21,11,2735,44,5,2023.0,2.0
0,66,17,11,4007,16,43,2019.0,11.0
0,66,17,1,6802,44,8,2014.0,6.0
0,34,17,11,7011,57,33,2020.0,11.0
0,23,17,0,4506,44,8,2022.0,4.0
0,30,17,3,8298,32,1,2018.0,4.0
0,30,24,12,6589,32,1,2009.0,3.0
3,34,17,11,1495,36,43,2015.0,3.0
0,34,17,11,2926,44,5,2015.0,12.0
3,34,95,3,11302,16,43,2014.0,7.0
0,66,17,11,10730,16,8,2012.0,3.0
0,66,17,11,10374,44,33,2018.0,2.0
0,30,17,1,10574,16,1,2008.0,6.0
0,34,17,11,2924,44,5,2016.0,1.0
0,30,24,3,7616,32,1,2007.0,6.0
0,23,17,0,4558,44,8,2022.0,12.0
0,66,17,12,7287,16,5,2011.0,7.0
0,34,17,11,8448,16,33,2013.0,5.0
0,70,17,11,9269,16,33,2010.0,1.0
0,34,17,11,8928,16,33,2013.0,10.0
0,30,17,3,7227,32,1,2018.0,12.0
0,66,17,11,8715,16,33,2023.0,12.0
0,34,17,11,5274,44,5,2008.0,12.0
0,7,17,0,8194,44,8,2014.0,11.0
0,34,17,1,3112,44,5,2012.0,7.0
0,30,20,1,10793,32,1,2007.0,2.0
0,66,17,11,1227,16,33,2024.0,3.0
0,16,17,11,5552,36,33,2018.0,8.0
3,34,17,11,11303,36,5,2014.0,6.0
0,30,17,12,8744,32,1,2008.0,10.0
0,23,17,11,6063,16,8,2019.0,3.0
0,34,17,11,5337,16,33,2012.0,4.0
0,66,17,11,7743,16,0,2012.0,9.0
0,30,24,3,6556,32,1,2010.0,7.0
0,52,17,11,2716,16,33,2024.0,9.0
0,34,17,11,4070,16,33,2013.0,8.0
0,34,17,11,8242,16,33,2012.0,8.0
0,30,42,1,9868,32,1,2023.0,12.0
0,30,17,2,7843,32,1,2017.0,8.0
0,31,17,11,1083,25,8,2016.0,10.0
0,34,14,0,3987,16,8,2023.0,7.0
0,70,17,0,8784,36,33,2016.0,11.0
0,30,17,1,10078,34,1,2012.0,6.0
0,21,95,11,5850,16,33,2022.0,3.0
0,61,17,11,279,36,5,2025.0,1.0
0,34,17,11,2667,16,33,2022.0,12.0
0,12,17,1,5622,44,8,2026.0,1.0
0,34,17,11,2906,44,5,2016.0,7.0
0,66,17,11,5248,16,5,2024.0,3.0
0,34,17,11,5091,16,33,2024.0,4.0
0,45,17,11,8638,25,8,2015.0,10.0
0,34,17,3,2935,44,5,2020.0,1.0
0,34,17,11,6208,16,43,2011.0,9.0
0,34,17,11,4048,16,33,2023.0,7.0
0,31,17,11,1060,36,8,2022.0,12.0
0,34,17,3,6214,6,43,2017.0,12.0
0,34,17,11,2731,44,33,2014.0,8.0
0,66,17,11,3296,57,33,2019.0,8.0
0,66,17,11,3222,57,8,2013.0,12.0
0,34,17,0,5098,44,5,2021.0,10.0
0,30,17,3,10887,32,1,2011.0,5.0
0,34,17,11,132,44,5,2010.0,5.0
0,34,17,11,5580,44,5,2023.0,2.0
0,34,17,11,1127,16,33,2011.0,11.0
0,7,17,3,7293,32,43,2011.0,9.0
0,58,17,13,7985,16,30,2010.0,7.0
0,34,17,0,9335,16,33,2011.0,6.0
0,34,17,11,2119,44,5,2012.0,12.0
0,22,17,1,6025,49,33,2025.0,9.0
0,34,17,11,5538,44,5,2022.0,10.0
0,30,24,3,8751,32,1,2009.0,9.0
0,30,17,3,7376,32,1,2014.0,10.0
0,63,17,1,3961,36,8,2023.0,6.0
0,66,17,11,5971,16,33,2012.0,8.0
0,66,17,0,5774,44,8,2014.0,12.0
0,30,24,7,10383,32,1,2015.0,4.0
0,66,17,1,8814,16,33,2009.0,11.0
0,45,17,11,606,44,8,2022.0,9.0
0,17,17,11,8643,16,8,2020.0,2.0
0,34,17,11,330,23,33,2022.0,7.0
0,34,17,0,6584,44,5,2013.0,10.0
3,34,17,11,2572,16,33,2022.0,8.0
2,16,17,1,6834,44,33,2020.0,3.0
0,30,17,3,7361,32,1,2009.0,3.0
0,34,95,11,1293,44,5,2023.0,5.0
0,66,17,11,3056,16,43,2018.0,6.0
0,66,95,11,1266,44,33,2008.0,12.0
0,34,17,11,2100,44,5,2011.0,3.0
3,58,88,11,796,36,33,2019.0,6.0
0,34,17,11,10409,16,5,2019.0,8.0
0,34,17,11,9385,16,33,2019.0,11.0
0,45,17,11,8649,36,8,2014.0,1.0
0,66,17,11,4308,16,33,2020.0,9.0
0,66,17,11,4626,16,33,2019.0,10.0
0,34,17,11,9347,16,43,2014.0,7.0
0,34,17,11,6368,44,5,2013.0,8.0
0,34,17,11,5143,36,8,2023.0,5.0
0,34,17,11,479,44,5,2017.0,1.0
3,63,17,11,7923,16,19,2019.0,5.0
0,30,17,0,6578,32,1,2007.0,4.0
0,34,17,11,8228,16,33,2011.0,6.0
0,66,17,1,5231,16,33,2014.0,10.0
0,66,17,11,9537,16,33,2009.0,6.0
0,66,17,11,9581,16,8,2009.0,8.0
0,66,17,11,6047,16,33,2020.0,4.0
0,34,17,11,7325,16,43,2006.0,1.0
0,66,17,11,1731,16,8,2012.0,9.0
0,34,17,11,3671,16,33,2023.0,4.0
0,66,17,11,11034,44,33,2007.0,6.0
2,34,17,11,503,44,5,2019.0,3.0
3,34,17,0,6282,16,19,2014.0,4.0
0,34,17,0,2891,44,5,2008.0,9.0
0,34,1,2,6607,16,8,2013.0,11.0
0,34,17,11,597,16,8,2010.0,10.0
0,34,17,0,9438,16,33,2007.0,2.0
0,34,17,1,9442,16,33,2013.0,4.0
2,66,17,11,3110,16,19,2018.0,9.0
0,57,17,1,9520,16,8,2015.0,12.0
0,4,17,11,4668,44,33,2019.0,4.0
0,7,1,0,8304,16,8,2013.0,3.0
0,34,17,11,1203,44,5,2007.0,2.0
0,66,17,11,4306,16,33,2012.0,10.0
0,66,17,11,844,16,0,2020.0,2.0
0,66,17,11,4366,44,8,2009.0,8.0
3,34,17,11,4024,16,33,2021.0,4.0
0,34,17,11,7850,16,39,2022.0,3.0
0,34,17,11,7098,16,33,2019.0,12.0
0,34,17,11,2924,44,5,2016.0,7.0
0,34,17,11,502,44,5,2018.0,8.0
0,34,17,11,5675,44,5,2021.0,9.0
0,34,17,11,2913,44,5,2013.0,9.0
0,34,17,11,5946,44,5,2009.0,2.0
0,34,17,11,2938,44,5,2019.0,5.0
0,30,24,13,6508,32,1,2020.0,2.0
0,34,17,11,7165,16,33,2019.0,12.0
0,34,17,11,1906,16,33,2009.0,7.0
0,70,24,3,8128,16,33,2013.0,8.0
0,34,17,11,3673,57,33,2023.0,4.0
0,34,17,1,8887,16,33,2013.0,7.0
0,34,17,11,7130,16,33,2015.0,6.0
0,7,17,0,8307,44,8,2012.0,2.0
0,30,24,12,9246,32,1,2008.0,4.0
0,30,17,1,10785,32,1,2013.0,9.0
0,34,17,11,3719,16,33,2019.0,4.0
0,34,17,11,1392,16,19,2017.0,8.0
0,30,17,1,8432,32,1,2015.0,6.0
0,34,17,11,406,16,33,2024.0,3.0
0,34,17,0,9332,16,33,2011.0,6.0
0,34,17,0,8931,16,33,2013.0,10.0
0,66,17,11,1780,16,33,2019.0,7.0
0,66,95,12,1229,16,43,2022.0,2.0
0,30,17,1,7840,32,1,2008.0,4.0
0,66,17,11,4311,16,33,2009.0,12.0
0,34,24,11,2060,44,5,2013.0,5.0
2,34,17,11,3981,6,5,2014.0,10.0
0,66,17,11,1566,16,19,2010.0,5.0
0,30,24,12,32,32,1,2008.0,10.0
0,66,17,11,9153,44,8,2006.0,4.0
0,66,17,1,10712,16,8,2008.0,12.0
0,34,17,11,10688,16,33,2017.0,2.0
0,66,17,11,3539,44,8,2007.0,12.0
0,66,17,11,908,16,0,2019.0,8.0
0,25,88,2,7724,16,32,2012.0,9.0
0,34,17,11,10490,16,33,2011.0,8.0
0,34,17,2,9493,16,33,2011.0,2.0
0,16,17,11,6294,57,33,2018.0,3.0
0,34,17,11,2965,44,5,2014.0,10.0
0,52,17,11,4085,44,5,2025.0,1.0
0,34,17,11,2205,44,5,2007.0,9.0
0,66,17,11,6622,44,5,2012.0,9.0
3,7,17,12,7206,57,43,2015.0,10.0
3,7,17,3,6519,57,33,2014.0,1.0
0,66,17,11,4300,16,33,2015.0,11.0
3,34,17,11,3043,44,5,2014.0,8.0
0,34,95,11,2453,44,5,2015.0,5.0
0,34,17,11,354,16,33,2023.0,8.0
0,7,21,11,4655,44,8,2023.0,2.0
0,7,24,0,8202,32,43,2012.0,3.0
0,30,17,1,10783,32,1,2014.0,9.0
0,34,17,11,95,44,5,2014.0,11.0
0,34,17,11,5885,44,5,2012.0,9.0
0,30,17,1,10890,32,1,2010.0,5.0
0,34,17,11,3060,16,33,2022.0,9.0
0,34,17,11,4904,16,19,2021.0,2.0
0,35,17,11,5781,57,33,2017.0,5.0
0,66,17,11,4431,44,33,2014.0,6.0
0,34,17,11,300,16,8,2014.0,7.0
0,34,17,11,2897,44,5,2016.0,12.0
0,30,17,0,11123,32,1,2018.0,9.0
0,66,17,0,5383,16,43,2013.0,12.0
0,34,17,11,1757,44,5,2013.0,8.0
0,66,17,11,4439,16,33,2023.0,2.0
0,66,1,11,626,16,8,2007.0,6.0
0,13,17,2,7497,32,32,2024.0,11.0
0,34,17,11,11207,16,33,2018.0,3.0
0,66,21,11,4726,16,33,2023.0,7.0
0,34,17,11,147,44,5,2011.0,12.0
0,34,17,11,9448,16,43,2018.0,3.0
2,66,17,11,1026,16,33,2018.0,8.0
0,66,17,11,3158,44,33,2010.0,4.0
0,58,17,11,11299,16,10,2012.0,4.0
0,7,17,3,9701,32,43,2009.0,12.0
0,48,17,2,7952,47,8,2017.0,5.0
0,66,17,11,4970,25,33,2019.0,8.0
3,34,17,11,776,44,5,2015.0,2.0
2,66,17,11,6241,44,33,2014.0,11.0
0,66,17,11,3866,16,33,2020.0,11.0
0,30,17,1,10081,16,1,2005.0,10.0
2,34,17,11,2297,44,5,2014.0,3.0
0,23,17,11,4536,44,8,2018.0,3.0
0,30,17,3,6648,32,1,2022.0,8.0
0,30,17,12,10093,16,1,2008.0,2.0
0,34,17,11,1527,16,19,2013.0,7.0
0,34,17,11,80,44,5,2015.0,11.0
0,58,17,11,1621,16,10,2014.0,9.0
0,66,17,11,965,16,33,2018.0,7.0
0,7,17,3,6542,32,43,2008.0,1.0
0,66,95,12,6102,57,33,2009.0,9.0
0,16,17,11,6755,7,33,2022.0,6.0
0,34,17,11,2886,57,5,2013.0,12.0
0,34,17,11,9692,23,33,2021.0,5.0
0,30,24,12,7576,32,1,2007.0,2.0
0,30,17,11,9273,32,1,2024.0,10.0
0,30,17,0,7376,32,1,2014.0,10.0
0,38,17,11,656,16,8,2023.0,9.0
0,30,12,1,9878,32,1,2007.0,2.0
0,66,17,11,9240,16,8,2010.0,5.0
0,45,17,1,8657,36,10,2013.0,12.0
0,34,17,11,3795,44,43,2006.0,6.0
0,66,21,11,8554,16,33,2023.0,4.0
0,23,17,11,1692,16,8,2019.0,5.0
0,66,17,11,9297,44,5,2024.0,12.0
0,34,17,12,1286,44,43,2007.0,2.0
0,30,17,12,10912,32,1,2010.0,2.0
0,70,17,11,10276,16,33,2007.0,9.0
0,34,17,11,2067,44,5,2013.0,5.0
0,34,17,1,10273,16,33,2018.0,7.0
3,34,17,11,317,16,33,2014.0,3.0
3,34,17,11,2554,44,5,2015.0,2.0
0,66,17,11,5862,16,0,2013.0,1.0
0,66,17,11,3349,16,33,2020.0,6.0
0,66,17,2,6914,13,5,2015.0,9.0
0,34,17,11,10542,44,5,2013.0,11.0
0,23,17,0,4539,44,8,2022.0,12.0
0,34,17,11,5442,44,5,2023.0,9.0
0,34,17,11,9283,44,5,2008.0,4.0
2,66,17,1,6612,44,8,2013.0,11.0
0,66,17,11,5346,44,5,2025.0,1.0
3,34,17,11,9373,16,33,2014.0,7.0
0,34,17,11,2404,44,43,2007.0,8.0
0,30,17,3,10906,32,1,2007.0,5.0
0,66,17,11,5373,16,33,2012.0,2.0
0,30,88,2,9902,32,1,2008.0,3.0
0,34,17,11,1169,44,5,2013.0,12.0
0,34,17,11,1422,44,5,2016.0,6.0
0,66,17,0,3974,44,33,2015.0,9.0
0,34,17,11,2212,44,5,2012.0,1.0
0,34,17,1,7351,16,33,2020.0,9.0
0,34,17,11,2837,44,5,2014.0,2.0
0,66,17,11,4867,16,0,2013.0,7.0
0,30,24,3,6507,32,1,2013.0,11.0
0,34,17,11,2244,44,5,2009.0,2.0
0,66,17,11,7512,16,8,2012.0,12.0
0,66,17,1,3498,57,8,2008.0,6.0
2,34,17,11,1101,57,19,2017.0,8.0
0,38,17,11,11089,36,19,2025.0,5.0
0,34,17,11,5799,44,5,2024.0,12.0
0,66,17,11,5891,16,33,2012.0,3.0
0,30,17,2,10883,32,1,2023.0,12.0
0,34,17,11,1876,16,33,2023.0,3.0
0,42,17,11,5026,44,33,2025.0,5.0
0,48,17,1,8685,44,8,2021.0,11.0
0,66,17,2,6640,28,33,2024.0,12.0
3,66,17,11,550,44,5,2014.0,9.0
0,30,17,13,9992,16,1,2005.0,4.0
0,58,88,11,8022,16,28,2013.0,4.0
0,66,21,11,3967,44,33,2023.0,7.0
0,34,14,11,9620,25,33,2017.0,9.0
0,66,17,11,7779,16,0,2008.0,4.0
0,66,17,11,5863,16,33,2012.0,3.0
0,58,88,1,10281,16,8,2014.0,7.0
0,34,14,11,5737,16,5,2019.0,9.0
0,13,95,3,7489,32,1,2016.0,11.0
0,58,17,11,8813,16,10,2011.0,11.0
0,34,17,11,2081,44,5,2013.0,6.0
0,7,17,11,7808,44,33,2013.0,12.0
0,34,17,11,7035,16,33,2010.0,4.0
0,30,17,1,10773,32,1,2009.0,3.0
0,34,14,11,9037,16,33,2021.0,6.0
0,34,14,11,8997,16,33,2022.0,6.0
0,52,17,11,2957,44,5,2025.0,11.0
0,66,17,0,7652,16,33,2016.0,5.0
0,34,17,11,7043,16,33,2007.0,4.0
2,0,17,11,333,16,19,2014.0,6.0
0,30,88,1,10025,16,1,2006.0,2.0
0,63,17,11,687,36,8,2026.0,1.0
0,58,17,11,1625,16,8,2014.0,10.0
0,66,17,11,1686,44,5,2018.0,7.0
0,34,14,11,8921,16,33,2018.0,6.0
0,30,17,3,11024,32,1,2012.0,12.0
0,66,17,11,4710,16,33,2008.0,3.0
0,34,17,11,8265,16,33,2007.0,11.0
3,30,24,1,11169,57,43,2020.0,4.0
0,7,17,2,8407,32,43,2006.0,1.0
3,30,17,1,10871,32,1,2026.0,4.0
3,34,17,11,2202,44,5,2022.0,12.0
0,38,17,11,8529,16,8,2023.0,10.0
0,7,17,12,10344,32,43,2010.0,3.0
0,70,88,12,10266,16,43,2013.0,10.0
0,34,17,11,106,44,43,2015.0,1.0
0,34,17,1,1174,44,5,2012.0,9.0
0,34,17,11,7075,16,33,2013.0,3.0
0,30,24,1,9870,32,1,2010.0,4.0
0,34,17,11,9841,16,43,2007.0,10.0
0,34,17,11,5671,44,5,2019.0,8.0
0,66,17,11,1712,44,5,2016.0,7.0
0,34,17,11,1176,44,5,2012.0,12.0
0,66,17,11,1269,36,33,2019.0,5.0
0,34,17,11,2225,44,5,2013.0,12.0
0,66,17,0,11131,57,8,2013.0,5.0
0,34,17,11,1441,44,5,2022.0,7.0
0,34,17,11,2249,44,5,2012.0,6.0
0,34,17,11,5657,44,5,2023.0,5.0
2,2,17,11,2531,16,33,2024.0,8.0
0,34,17,11,9839,16,43,2007.0,2.0
0,34,17,11,6264,16,19,2009.0,2.0
0,30,95,3,9876,32,1,2007.0,3.0
0,34,17,11,788,16,33,2012.0,8.0
0,30,24,1,10875,32,1,2025.0,11.0
0,30,17,7,6540,32,1,2017.0,9.0
0,34,17,11,10683,16,33,2012.0,7.0
0,30,17,13,7381,32,1,2022.0,4.0
0,63,88,1,10224,16,8,2016.0,10.0
0,34,17,11,2071,44,5,2012.0,7.0
0,66,17,11,5536,16,33,2013.0,12.0
2,34,17,11,1279,2,5,2014.0,3.0
2,7,17,11,10153,44,43,2016.0,6.0
0,34,17,11,7705,16,33,2009.0,6.0
2,66,17,11,3350,23,33,2020.0,1.0
0,66,21,11,3398,16,33,2023.0,7.0
0,34,17,11,3726,44,33,2010.0,8.0
0,66,17,2,6080,16,8,2012.0,12.0
0,34,17,11,2190,44,5,2013.0,6.0
0,31,17,11,996,16,8,2017.0,7.0
0,52,17,11,5645,44,5,2025.0,7.0
0,34,17,11,2693,16,33,2019.0,8.0
0,34,17,11,2241,44,5,2011.0,1.0
0,66,17,11,1266,16,33,2010.0,6.0
0,34,17,11,506,44,5,2013.0,7.0
0,66,17,11,11030,16,0,2015.0,2.0
0,7,17,13,6338,57,43,2012.0,4.0
3,34,17,11,1977,16,33,2022.0,9.0
0,34,17,12,98,44,5,2015.0,7.0
0,34,17,11,2908,44,5,2013.0,9.0
0,66,17,11,1309,16,33,2021.0,4.0
0,34,17,11,10463,16,5,2016.0,3.0
0,34,95,11,2690,16,33,2022.0,9.0
3,34,14,11,8447,16,33,2021.0,9.0
0,66,17,11,4637,44,8,2023.0,5.0
0,36,17,11,723,25,8,2020.0,1.0
0,66,17,1,6594,44,8,2011.0,9.0
0,34,17,11,3099,44,5,2024.0,6.0
0,34,17,11,2349,44,5,2011.0,6.0
0,34,17,11,7102,16,33,2015.0,6.0
0,34,17,11,5941,44,5,2010.0,2.0
0,30,12,2,7609,16,1,2005.0,4.0
0,34,17,0,6271,16,19,2009.0,6.0
3,34,17,11,1518,44,5,2014.0,11.0
0,66,21,11,4774,16,33,2023.0,2.0
0,34,17,11,4931,44,8,2024.0,9.0
0,34,1,11,10405,16,33,2010.0,2.0
0,34,17,11,9336,16,33,2009.0,10.0
0,34,14,1,9621,16,33,2022.0,8.0
0,34,17,11,1441,44,5,2018.0,12.0
3,66,17,1,4612,16,33,2014.0,10.0
0,66,17,11,6644,44,33,2010.0,4.0
3,34,17,11,7316,16,33,2021.0,2.0
0,30,17,1,6575,32,1,2007.0,6.0
0,30,17,1,7906,32,1,2018.0,9.0
0,34,17,11,2310,44,5,2023.0,1.0
0,30,17,2,7477,32,1,2008.0,6.0
0,66,17,11,4233,44,33,2013.0,6.0
0,66,17,11,4815,36,43,2017.0,7.0
0,66,17,11,1273,16,33,2011.0,10.0
0,66,17,0,4823,16,33,2013.0,10.0
0,34,17,1,6666,44,5,2007.0,12.0
0,34,17,1,6890,44,5,2009.0,4.0
0,34,17,11,5409,44,5,2010.0,3.0
0,7,17,1,8392,32,43,2012.0,1.0
0,23,17,0,4483,44,8,2025.0,1.0
0,30,12,1,7575,16,1,2007.0,2.0
0,7,17,12,9971,32,43,2011.0,12.0
0,45,17,11,7759,16,0,2023.0,5.0
0,66,17,11,3594,16,33,2010.0,5.0
0,30,24,1,9865,32,1,2009.0,12.0
2,66,17,11,5635,44,5,2024.0,5.0
0,34,17,11,2520,16,33,2024.0,1.0
0,30,17,1,10838,32,1,2009.0,5.0
0,66,96,11,3760,16,33,2023.0,3.0
0,34,17,11,5417,44,5,2011.0,12.0
0,30,17,1,7455,32,1,2007.0,7.0
0,34,17,11,2044,44,5,2012.0,6.0
0,73,88,11,6797,16,27,2020.0,12.0
0,66,17,11,6154,16,33,2024.0,9.0
0,66,21,11,9748,57,33,2023.0,7.0
0,30,17,1,7478,32,1,2007.0,5.0
0,66,17,11,838,16,33,2018.0,2.0
0,23,17,2,9574,16,8,2025.0,9.0
0,34,17,11,2874,44,5,2016.0,10.0
0,66,17,11,7744,16,0,2012.0,11.0
0,34,17,11,4949,16,33,2011.0,12.0
0,66,17,11,10262,44,8,2009.0,11.0
0,13,17,1,7510,32,32,2023.0,12.0
0,34,17,11,4951,16,33,2016.0,1.0
0,34,17,11,7704,16,33,2010.0,1.0
0,30,17,1,7385,32,1,2024.0,2.0
0,34,17,11,1968,16,33,2023.0,3.0
0,34,17,11,10401,16,5,2013.0,6.0
0,66,17,11,12,36,5,2019.0,10.0
0,30,17,1,9506,32,1,2021.0,2.0
0,66,17,11,10660,16,8,2009.0,8.0
0,30,17,1,10892,32,1,2010.0,8.0
0,34,17,11,7141,16,33,2011.0,10.0
0,66,17,11,4736,23,33,2022.0,11.0
0,34,17,11,2870,44,5,2014.0,7.0
0,34,17,11,3005,57,33,2021.0,9.0
0,34,17,11,2315,44,5,2012.0,10.0
0,34,17,11,2075,44,5,2011.0,11.0
0,30,24,12,7788,32,1,2008.0,7.0
0,66,17,11,9161,16,8,2010.0,10.0
0,34,17,11,2190,57,5,2015.0,9.0
0,66,17,11,3850,44,33,2013.0,9.0
0,30,17,2,6580,32,1,2013.0,7.0
0,34,17,11,2053,44,5,2012.0,8.0
0,30,23,1,10811,32,1,2014.0,11.0
0,34,17,11,70,44,5,2015.0,11.0
0,23,17,11,4581,44,8,2018.0,5.0
2,34,17,11,3889,16,33,2023.0,12.0
0,34,17,11,7689,16,33,2008.0,7.0
0,34,17,11,1120,16,19,2012.0,7.0
0,34,17,0,5052,16,8,2020.0,3.0
0,45,17,11,4167,16,8,2016.0,12.0
0,66,17,11,4593,16,33,2023.0,8.0
0,66,17,11,3871,44,8,2007.0,11.0
0,30,17,1,7846,34,1,2010.0,1.0
0,34,17,13,3749,44,5,2010.0,4.0
0,34,17,11,10601,36,5,2015.0,7.0
0,66,17,1,4335,16,33,2024.0,8.0
0,30,24,3,6528,34,1,2009.0,1.0
3,34,14,0,8932,36,33,2014.0,7.0
0,30,24,1,6990,32,1,2006.0,4.0
3,34,14,11,8834,16,33,2021.0,3.0
0,34,17,11,2535,16,33,2023.0,10.0
0,30,88,1,7900,32,1,2015.0,5.0
0,66,21,11,1827,16,19,2024.0,4.0
0,34,17,11,8241,16,33,2011.0,5.0
0,66,17,11,3138,44,33,2007.0,3.0
0,66,17,12,6139,57,43,2018.0,1.0
0,45,17,11,3985,16,8,2016.0,5.0
0,66,17,0,9545,44,8,2014.0,5.0
0,66,17,11,5363,16,33,2012.0,11.0
0,34,17,11,9416,16,33,2012.0,12.0
0,34,17,11,2089,44,5,2013.0,10.0
0,34,17,11,0,16,43,2007.0,12.0
0,66,17,11,1028,16,43,2019.0,6.0
0,7,17,2,6898,44,8,2015.0,7.0
0,34,88,1,9140,44,5,2022.0,1.0
0,16,17,11,6773,44,33,2019.0,9.0
0,34,17,11,2709,16,33,2022.0,11.0
0,7,17,3,8376,32,43,2007.0,10.0
2,34,17,11,9219,16,43,2014.0,1.0
0,7,17,2,8372,32,43,2006.0,8.0
3,30,17,3,7400,32,1,2021.0,5.0
0,31,17,11,975,44,8,2019.0,4.0
0,58,17,11,8053,16,15,2011.0,7.0
0,34,17,11,2957,44,5,2017.0,2.0
0,30,17,2,10857,32,1,2014.0,11.0
0,7,24,12,11196,57,43,2019.0,1.0
0,22,17,11,6044,16,33,2023.0,11.0
0,34,17,11,2256,44,5,2007.0,2.0
0,34,17,11,2479,16,33,2023.0,12.0
0,66,17,11,4777,36,33,2018.0,12.0
3,7,17,13,11309,6,33,2014.0,4.0
0,66,17,11,1558,16,19,2011.0,8.0
0,66,17,11,5369,16,33,2018.0,9.0
0,34,17,11,4052,16,33,2022.0,11.0
0,66,17,11,6299,44,33,2014.0,11.0
3,34,17,11,4957,16,43,2015.0,5.0
0,34,17,11,10461,16,5,2011.0,12.0
0,7,17,0,8197,44,8,2020.0,1.0
0,30,17,1,10866,32,1,2009.0,12.0
0,34,17,11,6100,36,5,2015.0,7.0
0,34,17,11,10413,16,33,2012.0,7.0
0,17,17,11,7967,16,8,2020.0,8.0
0,34,17,11,5703,44,5,2014.0,7.0
0,30,17,1,10841,32,1,2013.0,9.0
1,34,17,0,200,44,43,2019.0,6.0
0,34,17,11,8957,16,33,2014.0,12.0
0,66,17,0,3618,16,33,2010.0,1.0
0,34,17,11,1119,16,19,2015.0,12.0
0,34,17,11,2462,44,5,2014.0,1.0
0,34,17,11,2954,44,5,2020.0,3.0
0,34,95,1,9847,57,33,2023.0,8.0
0,30,17,1,10887,32,1,2011.0,2.0
0,34,17,11,1133,16,19,2012.0,5.0
0,34,17,11,5466,44,5,2009.0,5.0
0,7,17,1,6929,32,43,2007.0,6.0
0,7,17,0,6900,44,8,2020.0,10.0
0,34,17,11,2993,44,5,2013.0,10.0
0,34,17,11,2938,44,5,2021.0,10.0
0,38,17,1,8536,16,33,2025.0,4.0
0,66,17,11,8563,16,33,2012.0,8.0
0,34,17,11,5570,44,5,2022.0,6.0
0,17,17,11,540,36,8,2019.0,10.0
0,30,88,2,7428,16,1,2020.0,3.0
0,66,17,11,5787,16,33,2013.0,8.0
0,45,17,0,5227,44,43,2013.0,5.0
0,34,17,11,2240,44,5,2011.0,8.0
0,34,17,11,2828,44,5,2019.0,2.0
0,34,17,11,5402,44,5,2022.0,8.0
0,34,17,11,2464,44,5,2015.0,6.0
0,34,17,11,1121,16,33,2013.0,5.0
0,30,14,1,10966,57,1,2019.0,1.0
0,34,17,11,1838,16,33,2023.0,11.0
0,34,17,1,8177,16,33,2007.0,11.0
0,7,17,12,9720,32,43,2010.0,3.0
0,66,17,3,9043,16,0,2016.0,8.0
0,66,17,11,1788,16,33,2012.0,4.0
2,34,17,11,7340,16,33,2014.0,5.0
0,45,17,11,1610,36,8,2013.0,12.0
0,70,24,11,10702,32,27,2013.0,4.0
0,66,17,11,10180,44,8,2007.0,12.0
0,34,17,0,6280,16,19,2012.0,5.0
0,34,17,3,5585,16,43,2008.0,9.0
0,63,14,2,6314,44,8,2022.0,10.0
0,58,17,11,10277,16,10,2012.0,2.0
0,7,21,11,1068,44,8,2023.0,1.0
0,7,17,12,6501,57,43,2010.0,8.0
0,34,17,11,156,44,5,2012.0,1.0
0,34,17,11,6262,16,19,2009.0,4.0
0,34,17,11,10451,16,5,2019.0,4.0
0,66,17,11,833,16,33,2011.0,4.0
2,66,17,11,1470,16,33,2023.0,5.0
0,34,95,11,9476,16,33,2008.0,11.0
0,30,24,1,9983,34,1,2010.0,2.0
0,66,17,11,11075,16,33,2008.0,12.0
0,30,55,1,10884,32,1,2024.0,3.0
3,34,17,11,2862,44,5,2014.0,5.0
0,30,24,0,9874,32,1,2008.0,5.0
0,34,17,11,2992,44,5,2014.0,2.0
0,63,17,11,627,44,8,2016.0,9.0
0,66,17,11,4311,16,33,2009.0,7.0
0,34,17,11,2159,44,5,2013.0,11.0
0,30,17,1,10975,32,1,2008.0,11.0
0,66,17,11,5868,16,0,2012.0,12.0
0,34,17,11,4960,16,43,2018.0,11.0
0,30,17,3,6663,32,1,2005.0,6.0
3,34,14,11,9391,16,33,2021.0,6.0
0,57,17,13,690,16,8,2009.0,3.0
1,63,17,13,9565,14,8,2022.0,5.0
0,34,17,11,3751,36,33,2018.0,7.0
0,77,88,3,7623,23,32,2014.0,1.0
0,7,24,3,6388,44,43,2008.0,4.0
0,7,24,2,10373,57,43,2016.0,10.0
0,34,17,11,1381,16,33,2008.0,3.0
0,57,17,11,11286,44,43,2010.0,10.0
0,7,17,11,11219,32,5,2015.0,3.0
0,34,17,11,472,44,5,2019.0,6.0
0,23,17,11,4476,44,8,2025.0,9.0
2,13,83,8,7497,32,43,2020.0,2.0
0,37,17,11,11056,44,33,2026.0,3.0
0,66,17,1,3310,16,33,2024.0,8.0
0,30,66,1,6378,32,1,2015.0,12.0
0,30,24,0,7826,32,1,2008.0,7.0
0,23,17,1,1724,16,8,2023.0,4.0
0,66,17,11,8505,44,5,2013.0,4.0
2,34,17,11,4175,16,33,2016.0,12.0
0,13,17,12,7506,32,43,2010.0,4.0
0,58,88,11,8023,16,30,2013.0,4.0
0,34,17,11,781,16,33,2024.0,5.0
0,34,17,2,6817,44,5,2010.0,9.0
0,34,17,11,5728,44,5,2022.0,6.0
3,34,17,11,2561,44,5,2015.0,3.0
0,34,17,11,3689,16,33,2023.0,1.0
0,63,17,0,11095,16,8,2012.0,11.0
0,34,17,11,7144,16,43,2013.0,5.0
0,30,91,2,8463,57,27,2020.0,6.0
0,34,17,11,1866,16,33,2024.0,9.0
0,30,14,1,10878,32,1,2025.0,12.0
0,30,24,3,7444,32,1,2022.0,5.0
0,34,17,11,2456,44,5,2014.0,1.0
0,66,17,11,920,16,0,2012.0,8.0
0,45,17,11,9694,57,43,2021.0,10.0
0,52,17,11,2742,44,5,2025.0,4.0
0,66,17,11,1245,16,5,2007.0,1.0
0,66,17,11,4600,44,43,2016.0,2.0
0,45,17,11,1580,16,8,2013.0,6.0
0,34,17,11,1133,16,19,2012.0,6.0
0,30,88,0,6639,32,1,2017.0,1.0
0,23,17,0,7648,44,8,2025.0,3.0
0,34,17,1,4920,16,33,2011.0,1.0
0,52,17,11,9852,44,5,2026.0,1.0
0,30,42,1,11171,32,1,2019.0,12.0
3,34,14,1,8853,16,33,2014.0,7.0
0,30,24,12,38,32,1,2008.0,9.0
0,66,17,11,4403,16,33,2014.0,2.0
2,66,17,12,11052,57,43,2018.0,2.0
0,34,17,13,2810,44,5,2013.0,11.0
2,30,88,1,7901,32,1,2015.0,5.0
0,34,17,11,4860,16,33,2010.0,8.0
0,66,17,11,3438,57,5,2016.0,2.0
0,34,17,11,502,44,5,2019.0,1.0
0,34,17,11,9015,16,33,2012.0,6.0
0,66,17,11,976,16,19,2017.0,7.0
0,38,17,11,563,16,8,2023.0,9.0
0,66,17,1,11130,16,8,2010.0,8.0
0,23,17,0,4139,44,8,2018.0,1.0
0,66,17,11,3508,16,33,2011.0,6.0
0,66,17,11,4589,16,33,2014.0,11.0
0,0,20,1,9251,32,33,2012.0,12.0
0,34,17,11,2957,44,5,2022.0,9.0
0,63,17,2,9559,36,8,2020.0,1.0
0,30,24,3,7844,32,1,2010.0,9.0
0,30,17,11,3544,32,1,2016.0,9.0
0,7,17,0,2635,44,8,2019.0,8.0
0,7,17,11,8355,32,43,2009.0,9.0
0,34,17,11,2875,44,5,2013.0,12.0
0,34,17,11,2262,44,5,2011.0,8.0
3,66,17,11,1477,23,33,2020.0,2.0
3,34,17,11,5421,44,5,2014.0,6.0
2,66,17,11,4130,44,33,2014.0,3.0
0,7,17,3,8398,32,43,2009.0,11.0
0,66,17,11,4229,44,33,2013.0,5.0
0,61,17,3,3763,16,33,2026.0,6.0
0,12,17,1,5617,44,10,2022.0,12.0
0,34,17,11,2123,44,5,2014.0,8.0
0,34,17,11,2708,16,33,2013.0,8.0
0,66,17,1,7948,47,5,2012.0,2.0
0,23,17,0,4586,44,8,2024.0,7.0
3,34,17,11,514,44,5,2014.0,10.0
0,30,88,0,7605,16,1,2008.0,1.0
0,30,17,1,10848,32,1,2015.0,6.0
0,30,17,1,10937,32,1,2014.0,8.0
0,7,17,11,6690,44,43,2009.0,6.0
0,34,17,11,569,36,8,2023.0,7.0
0,1,14,11,4794,57,43,2019.0,12.0
0,13,17,1,7503,32,43,2010.0,2.0
0,34,17,11,4901,16,33,2012.0,1.0
3,61,17,1,6699,36,5,2025.0,10.0
0,4,17,11,4666,44,33,2019.0,5.0
0,34,17,11,6218,56,8,2012.0,1.0
0,30,54,3,8472,32,1,2025.0,3.0
0,34,17,11,2062,44,5,2011.0,11.0
0,34,17,1,502,44,5,2019.0,8.0
0,34,17,11,2268,44,5,2010.0,1.0
0,30,12,1,9875,32,1,2006.0,10.0
0,34,17,11,9454,16,33,2018.0,10.0
0,66,17,11,5313,44,33,2013.0,7.0
0,34,17,1,7178,16,33,2009.0,2.0
0,66,17,11,4352,16,33,2010.0,4.0
0,66,17,11,4445,16,33,2023.0,4.0
0,34,17,11,11240,57,8,2007.0,4.0
0,70,88,1,9980,16,43,2011.0,1.0
0,7,95,2,7621,57,43,2018.0,1.0
0,34,14,11,8488,16,33,2018.0,9.0
0,23,17,0,4566,44,8,2022.0,8.0
0,52,17,11,2153,44,5,2025.0,2.0
0,34,17,11,2938,44,5,2017.0,10.0
0,45,17,1,7635,16,8,2014.0,10.0
0,66,17,11,7870,57,43,2022.0,2.0
0,34,17,11,2062,44,5,2012.0,7.0
0,30,17,12,10821,32,1,2007.0,11.0
0,66,17,11,3152,16,33,2010.0,10.0
0,63,17,11,5696,44,8,2022.0,9.0
0,34,17,11,4056,16,33,2023.0,10.0
0,34,17,0,8757,16,33,2007.0,8.0
0,34,17,11,2212,44,5,2012.0,5.0
0,34,17,11,1141,16,19,2023.0,3.0
0,66,17,11,1783,16,33,2013.0,3.0
0,34,14,11,3446,16,43,2018.0,6.0
3,34,17,11,2986,44,5,2014.0,4.0
0,52,17,11,2278,44,5,2025.0,3.0
0,34,17,11,7026,16,33,2009.0,12.0
0,66,17,11,3331,44,33,2014.0,1.0
0,66,17,11,4738,16,33,2023.0,8.0
0,34,17,1,8494,44,5,2017.0,1.0
2,34,14,11,8900,23,33,2017.0,8.0
3,34,14,11,8913,16,33,2019.0,12.0
0,66,17,11,5379,16,33,2007.0,1.0
3,66,17,2,4675,16,33,2023.0,7.0
0,34,17,11,2947,44,5,2021.0,9.0
0,34,17,1,6607,16,8,2013.0,9.0
0,7,88,12,6535,32,43,2009.0,1.0
2,13,83,8,7497,32,43,2020.0,2.0
0,12,17,1,10552,16,10,2019.0,6.0
0,52,17,11,5035,16,33,2025.0,12.0
0,22,17,11,9919,16,33,2023.0,2.0
0,21,17,11,5697,16,33,2022.0,11.0
0,70,17,12,10705,32,43,2011.0,12.0
0,34,17,11,1860,16,33,2023.0,9.0
0,30,88,1,7548,32,1,2005.0,10.0
0,30,68,2,7298,32,1,2015.0,6.0
0,34,17,11,1874,16,33,2022.0,12.0
0,66,17,11,2612,16,33,2023.0,4.0
0,66,17,2,7593,16,8,2023.0,7.0
2,34,17,11,106,44,43,2015.0,1.0
0,30,17,1,10648,32,1,2020.0,10.0
0,66,95,11,5374,16,33,2011.0,10.0
0,34,17,11,5349,16,33,2013.0,9.0
0,23,17,11,4473,44,8,2018.0,2.0
0,12,17,11,10544,16,10,2017.0,12.0
0,66,17,11,10246,44,5,2015.0,3.0
0,34,17,11,1345,16,19,2022.0,5.0
0,52,17,11,2942,44,5,2025.0,4.0
0,34,17,11,7198,16,33,2018.0,9.0
0,7,17,3,8353,32,43,2007.0,6.0
2,66,17,11,1085,57,43,2022.0,1.0
0,34,17,1,6369,44,5,2012.0,6.0
0,12,17,11,5621,44,10,2022.0,10.0
0,30,61,7,10945,32,1,2019.0,5.0
0,34,17,1,6370,44,5,2011.0,3.0
0,66,17,11,4241,44,33,2010.0,5.0
0,71,17,11,10622,16,33,2024.0,1.0
0,34,17,11,8886,44,33,2017.0,7.0
0,34,17,2,5887,44,5,2012.0,9.0
0,30,17,1,10860,32,1,2007.0,1.0
0,34,17,11,4892,16,19,2021.0,1.0
0,58,17,11,10321,16,10,2017.0,5.0
0,34,20,11,8970,16,33,2011.0,1.0
0,66,17,11,234,44,5,2007.0,7.0
0,34,17,11,1966,57,33,2023.0,5.0
0,62,17,11,10211,36,8,2016.0,3.0
0,30,17,1,10831,32,1,2008.0,7.0
0,34,14,11,9070,16,43,2018.0,1.0
0,63,21,11,3317,44,8,2023.0,1.0
2,34,17,11,9381,16,43,2018.0,11.0
0,23,17,0,4345,44,8,2024.0,7.0
0,34,17,11,5792,16,33,2011.0,5.0
0,45,17,11,8578,44,8,2022.0,2.0
0,70,17,11,8793,16,33,2009.0,1.0
0,34,17,11,2662,16,33,2023.0,4.0
0,34,17,11,2326,44,5,2011.0,2.0
0,66,17,11,10735,16,8,2006.0,5.0
2,34,17,11,7104,57,33,2017.0,8.0
0,58,17,11,8032,16,15,2012.0,4.0
0,34,17,0,111,44,5,2020.0,5.0
0,34,17,11,2487,16,33,2023.0,6.0
0,66,17,11,10164,16,33,2023.0,5.0
0,34,17,11,10491,16,5,2012.0,1.0
0,45,17,0,8674,44,43,2009.0,12.0
0,30,17,1,10061,16,1,2007.0,5.0
0,30,17,1,10795,32,1,2016.0,2.0
0,45,17,11,8671,16,8,2018.0,6.0
0,66,17,11,8119,16,5,2016.0,1.0
0,63,17,11,3485,44,8,2024.0,6.0
0,34,17,11,10693,16,33,2012.0,3.0
0,34,17,11,7068,16,33,2010.0,6.0
0,66,21,11,3432,16,33,2023.0,3.0
0,34,17,11,7163,16,33,2020.0,1.0
3,34,17,11,2179,44,5,2014.0,11.0
0,66,17,11,8695,44,5,2017.0,11.0
2,66,17,11,552,57,5,2014.0,8.0
0,58,17,11,10300,16,25,2012.0,9.0
0,66,17,11,9740,16,5,2018.0,5.0
0,23,17,3,10743,36,8,2020.0,10.0
0,34,17,11,3645,44,5,2010.0,5.0
2,0,17,0,348,44,19,2013.0,3.0
0,23,17,11,5053,53,8,2021.0,12.0
0,45,17,11,7874,16,0,2023.0,5.0
0,63,17,1,3955,44,8,2023.0,9.0
0,7,17,2,6956,44,43,2007.0,4.0
0,66,17,11,3559,44,33,2013.0,6.0
0,66,17,2,10638,36,33,2020.0,9.0
0,66,17,11,6035,16,33,2020.0,7.0
0,17,17,1,7961,36,8,2021.0,9.0
0,66,17,12,3840,16,33,2010.0,11.0
0,34,17,11,9006,16,33,2011.0,1.0
0,45,14,11,635,16,8,2022.0,11.0
0,7,17,0,10135,36,8,2013.0,11.0
0,70,17,12,7235,16,33,2007.0,5.0
0,60,17,11,5607,16,8,2016.0,6.0
0,13,95,7,9256,32,43,2021.0,4.0
0,66,17,11,5637,44,5,2016.0,10.0
0,45,17,11,1008,16,8,2014.0,8.0
0,45,17,11,5680,16,8,2018.0,12.0
0,34,17,11,489,44,5,2016.0,10.0
3,34,17,11,2968,44,5,2014.0,10.0
1,58,17,1,7729,26,8,2016.0,8.0
0,30,24,1,7420,32,1,2011.0,12.0
0,66,17,11,4724,16,33,2023.0,3.0
0,61,17,11,5549,36,43,2026.0,6.0
0,34,17,11,2072,44,5,2013.0,2.0
0,66,95,11,1252,44,33,2020.0,6.0
0,34,17,11,2543,44,5,2011.0,10.0
2,34,17,11,106,44,43,2015.0,1.0
0,45,17,11,8647,17,8,2019.0,10.0
0,66,17,11,2614,16,33,2019.0,8.0
0,66,17,11,2603,16,19,2019.0,6.0
0,34,17,11,2241,44,5,2011.0,7.0
0,34,17,13,2081,44,5,2013.0,2.0
0,4,17,11,4665,44,33,2019.0,4.0
0,7,17,1,8359,32,43,2011.0,6.0
0,34,17,11,3073,44,5,2015.0,3.0
0,7,17,3,6961,44,43,2008.0,2.0
3,66,17,0,9057,16,33,2015.0,9.0
0,34,17,0,5112,16,8,2018.0,3.0
0,66,17,11,3334,44,33,2019.0,8.0
0,34,17,11,2699,57,33,2022.0,11.0
0,34,17,11,10480,36,5,2014.0,8.0
0,34,17,11,2829,44,5,2013.0,9.0
0,34,17,11,3644,44,5,2011.0,9.0
0,34,17,11,10672,16,33,2013.0,11.0
0,66,80,0,7602,16,8,2018.0,8.0
0,7,17,0,8739,57,43,2014.0,2.0
0,30,24,1,10814,32,1,2012.0,4.0
0,34,17,11,2907,44,5,2016.0,9.0
0,30,17,1,7403,32,1,2008.0,11.0
0,34,17,11,2308,44,5,2024.0,7.0
0,34,17,11,3806,44,43,2006.0,5.0
0,62,17,0,5550,16,19,2026.0,7.0
3,34,17,11,5507,16,5,2014.0,4.0
0,66,17,11,926,16,8,2008.0,7.0
0,66,17,11,1601,44,5,2007.0,2.0
0,34,17,13,202,16,43,2006.0,11.0
0,30,24,1,9880,32,1,2007.0,1.0
2,34,17,11,1974,16,33,2024.0,8.0
0,34,17,11,2212,44,5,2011.0,1.0
2,66,17,11,6793,44,33,2013.0,8.0
0,45,17,12,9739,36,8,2014.0,6.0
0,7,17,0,8201,32,43,2011.0,8.0
0,30,95,3,8477,32,1,2011.0,5.0
0,30,17,1,10030,16,1,2014.0,6.0
0,66,21,11,2619,16,33,2023.0,5.0
0,34,17,11,3891,16,33,2023.0,12.0
0,34,17,11,2221,44,5,2010.0,9.0
0,34,17,11,2445,44,5,2024.0,3.0
0,22,17,11,8564,16,33,2024.0,5.0
0,66,17,11,837,16,33,2018.0,11.0
0,58,88,11,8158,16,23,2013.0,4.0
0,30,12,2,9991,16,1,2005.0,6.0
3,22,17,0,9658,16,33,2024.0,2.0
0,34,95,11,99,44,5,2015.0,3.0
0,34,17,0,4083,44,5,2022.0,8.0
0,66,17,11,10720,16,8,2006.0,9.0
0,34,17,11,2876,44,5,2016.0,11.0
0,0,17,3,6409,57,43,2009.0,5.0
0,24,88,1,10620,16,0,2024.0,12.0
3,34,17,11,9402,16,33,2022.0,8.0
0,30,24,1,9512,32,1,2020.0,11.0
0,34,17,0,9115,16,19,2018.0,9.0
0,34,17,11,2739,44,5,2022.0,7.0
0,34,17,11,7084,16,33,2013.0,10.0
0,66,1,11,10235,16,33,2007.0,12.0
0,45,17,0,5096,36,10,2022.0,2.0
0,66,17,11,9156,16,8,2014.0,6.0
0,23,17,2,9232,16,8,2017.0,7.0
0,7,17,0,9961,32,43,2012.0,4.0
0,30,17,1,7356,32,1,2012.0,4.0
0,34,17,11,2649,16,33,2023.0,1.0
0,34,20,11,4912,44,5,2010.0,12.0
0,34,17,11,9069,16,33,2013.0,6.0
0,66,17,11,1628,44,5,2019.0,3.0
0,7,17,3,9972,32,43,2006.0,8.0
0,34,14,11,9396,16,33,2021.0,6.0
0,34,21,11,2334,44,5,2024.0,2.0
0,34,17,11,11198,32,8,2007.0,12.0
3,34,17,11,2799,44,5,2014.0,4.0
0,34,17,11,1454,44,5,2023.0,3.0
0,66,17,11,3158,16,33,2010.0,5.0
0,30,17,1,11186,32,1,2009.0,7.0
0,34,17,11,2348,44,5,2011.0,6.0
3,34,17,11,9820,16,33,2014.0,4.0
0,34,17,11,125,44,5,2012.0,4.0
0,66,17,11,3607,16,33,2014.0,5.0
0,30,17,0,10835,32,1,2009.0,9.0
0,45,17,11,5449,16,10,2014.0,2.0
0,7,17,0,8336,32,43,2011.0,5.0
0,30,24,1,11314,32,1,2011.0,10.0
0,34,17,11,5428,44,5,2011.0,12.0
0,30,24,12,44,32,1,2008.0,12.0
0,7,21,11,1066,44,8,2023.0,2.0
0,66,17,11,3220,44,8,2013.0,11.0
0,66,17,11,1782,16,19,2013.0,6.0
0,34,17,11,2206,44,5,2010.0,3.0
3,34,17,11,774,44,5,2014.0,12.0
0,34,17,2,6815,44,5,2017.0,1.0
0,38,17,11,5121,36,8,2024.0,5.0
0,30,24,3,6496,57,1,2021.0,3.0
0,38,17,0,6334,44,10,2025.0,10.0
0,34,17,11,5400,44,43,2024.0,7.0
0,66,17,1,3466,44,8,2014.0,6.0
0,34,17,11,1206,44,43,2024.0,8.0
0,30,24,12,9887,32,1,2007.0,12.0
0,34,17,11,11276,16,33,2021.0,11.0
0,34,17,11,9383,16,33,2020.0,4.0
0,34,17,11,11301,16,33,2015.0,2.0
0,66,17,1,4140,44,8,2018.0,4.0
0,34,17,11,219,44,5,2015.0,9.0
0,52,17,0,6413,44,5,2026.0,6.0
0,34,17,11,1122,36,19,2021.0,8.0
0,34,17,11,1221,44,5,2010.0,3.0
0,52,17,11,1158,16,19,2024.0,11.0
0,34,17,11,1441,44,5,2019.0,1.0
3,34,17,11,5666,44,5,2022.0,8.0
0,34,17,11,5720,44,5,2023.0,1.0
0,34,17,11,7030,16,33,2008.0,7.0
0,34,17,11,156,44,5,2012.0,7.0
0,34,17,11,8213,16,33,2018.0,8.0
0,34,17,11,1441,44,5,2022.0,5.0
0,16,17,1,6856,44,33,2020.0,4.0
0,58,17,11,8088,16,8,2013.0,6.0
0,66,17,11,6151,16,33,2010.0,7.0
2,34,17,11,5942,44,43,2015.0,1.0
0,30,24,3,6553,32,1,2009.0,3.0
0,7,17,11,6952,44,8,2013.0,5.0
0,7,17,11,6118,44,8,2015.0,10.0
0,34,17,11,2406,44,43,2007.0,9.0
0,66,17,11,1020,16,34,2018.0,7.0
0,66,17,11,3933,44,8,2008.0,8.0
3,70,17,11,8079,23,33,2021.0,9.0
0,30,88,1,7385,32,1,2023.0,3.0
0,34,17,11,7020,16,33,2017.0,7.0
0,70,17,11,8777,16,33,2022.0,11.0
0,34,17,1,7696,16,33,2007.0,11.0
0,31,17,11,928,16,8,2024.0,10.0
0,34,17,11,2585,44,5,2014.0,8.0
0,45,17,0,6127,44,8,2013.0,2.0
0,34,17,0,4838,16,33,2011.0,3.0
0,66,95,11,4453,16,33,2015.0,12.0
0,34,14,11,5748,44,5,2016.0,9.0
0,66,21,11,2610,16,33,2023.0,5.0
0,66,17,11,3899,44,33,2011.0,3.0
0,63,17,1,8822,16,10,2023.0,7.0
0,30,17,0,7887,32,43,2024.0,7.0
0,30,17,1,10799,32,1,2013.0,2.0
3,7,17,0,8738,57,43,2014.0,1.0
0,34,95,11,7681,16,43,2015.0,12.0
0,34,17,11,2316,44,5,2015.0,3.0
0,30,17,0,10816,32,1,2009.0,5.0
0,34,17,11,2774,44,5,2013.0,11.0
0,66,17,11,4225,44,33,2020.0,8.0
0,34,17,11,2926,44,5,2016.0,8.0
0,56,17,11,1945,16,33,2026.0,8.0
0,34,17,11,10674,16,8,2012.0,3.0
0,36,17,11,6335,42,8,2020.0,12.0
0,13,17,1,7497,32,32,2024.0,3.0
0,0,17,0,9525,44,19,2013.0,1.0
0,34,17,11,66,44,5,2016.0,4.0
3,66,17,11,1253,16,33,2019.0,6.0
0,66,17,11,1248,23,33,2019.0,6.0
0,30,17,1,7416,32,1,2008.0,11.0
0,30,17,0,7836,32,1,2010.0,4.0
0,34,17,11,5997,57,5,2015.0,2.0
0,58,17,11,1700,44,25,2016.0,4.0
0,30,17,1,10862,32,1,2011.0,2.0
0,34,17,11,164,44,5,2018.0,12.0
0,66,17,11,4446,16,33,2014.0,4.0
0,30,17,1,10070,16,1,2008.0,3.0
0,66,17,11,5956,16,33,2013.0,5.0
0,66,17,11,7262,25,8,2008.0,5.0
0,34,17,11,502,44,5,2019.0,5.0
0,34,17,11,5078,16,8,2021.0,11.0
0,34,17,11,2917,44,5,2013.0,10.0
0,34,17,11,11282,16,33,2022.0,8.0
0,34,17,1,8941,16,33,2009.0,3.0
0,34,17,1,8811,44,5,2016.0,2.0
0,66,17,11,4772,36,33,2023.0,5.0
0,30,17,13,7791,57,1,2020.0,3.0
0,34,17,11,7160,16,33,2021.0,5.0
0,63,17,11,3500,36,8,2026.0,2.0
0,66,17,11,1644,2,19,2020.0,5.0
0,66,17,11,3515,16,33,2008.0,8.0
0,36,17,3,9540,16,8,2025.0,7.0
0,30,17,0,10904,32,1,2017.0,4.0
0,30,17,3,6883,16,1,2007.0,3.0
0,23,17,0,4213,44,8,2022.0,11.0
0,34,17,11,4863,16,33,2010.0,9.0
0,34,15,11,9088,57,43,2018.0,1.0
0,34,17,11,2290,44,5,2015.0,1.0
0,34,17,11,502,44,5,2019.0,10.0
0,66,1,11,958,16,33,2011.0,10.0
0,34,17,11,2905,44,5,2015.0,10.0
0,23,17,1,4540,44,8,2025.0,11.0
0,30,17,3,6427,32,1,2008.0,1.0
0,34,17,11,504,44,5,2020.0,12.0
3,34,17,11,3046,44,5,2014.0,6.0
0,66,21,11,3305,16,33,2023.0,3.0
0,7,24,3,8413,32,43,2008.0,1.0
0,36,17,11,717,44,8,2019.0,1.0
0,34,17,11,191,44,5,2014.0,11.0
0,66,17,11,3261,16,33,2017.0,12.0
0,49,17,11,6354,6,43,2017.0,7.0
0,66,17,11,932,16,19,2013.0,6.0
0,66,17,0,11307,16,8,2011.0,6.0
0,7,17,0,6114,25,8,2016.0,6.0
2,66,17,11,3350,23,33,2020.0,1.0
0,45,17,0,6799,44,8,2014.0,9.0
0,34,17,1,5640,44,43,2016.0,2.0
0,22,17,11,5902,16,33,2024.0,4.0
0,58,17,11,11194,6,25,2013.0,8.0
0,61,17,2,6714,6,33,2025.0,11.0
3,34,17,11,11210,16,33,2014.0,5.0
0,34,17,11,9204,44,5,2009.0,12.0
0,34,17,11,1454,44,5,2023.0,3.0
0,66,17,11,1475,23,33,2020.0,2.0
0,66,17,11,11296,16,0,2018.0,10.0
0,34,17,11,765,16,33,2023.0,11.0
2,34,17,11,2459,44,5,2013.0,10.0
0,30,24,3,10934,32,1,2009.0,2.0
3,34,17,11,2353,44,5,2014.0,4.0
0,34,17,11,3045,44,5,2013.0,10.0
0,34,17,11,9203,16,8,2007.0,7.0
0,4,17,11,4659,44,33,2019.0,9.0
0,30,17,0,10838,32,1,2009.0,2.0
0,66,17,11,6730,44,33,2010.0,8.0
0,30,17,1,7191,32,1,2007.0,2.0
2,34,17,11,467,44,5,2014.0,12.0
0,60,21,11,5322,44,8,2023.0,10.0
0,7,17,11,11309,57,8,2010.0,8.0
0,7,17,2,4819,25,8,2019.0,8.0
0,34,17,11,7314,16,33,2016.0,12.0
0,66,21,11,9749,57,33,2023.0,6.0
0,34,14,11,8888,16,33,2018.0,5.0
3,34,17,11,8891,16,33,2014.0,5.0
0,23,17,0,4128,44,8,2021.0,12.0
0,34,17,11,454,44,5,2015.0,6.0
0,70,17,11,9270,16,33,2012.0,3.0
0,34,95,11,9083,16,33,2008.0,11.0
0,66,95,11,2025,44,33,2008.0,4.0
0,45,17,1,1554,16,8,2014.0,9.0
0,7,17,2,9967,32,43,2009.0,1.0
0,34,17,1,9010,16,33,2008.0,5.0
0,63,17,1,3551,16,8,2011.0,9.0
2,34,14,11,5930,16,33,2024.0,9.0
0,34,17,11,2183,44,5,2014.0,2.0
0,16,17,0,11110,6,33,2018.0,10.0
0,66,17,11,1339,16,33,2022.0,2.0
0,66,17,11,4336,16,33,2016.0,10.0
0,7,17,12,6533,32,43,2008.0,7.0
0,34,17,11,2062,44,5,2011.0,11.0
3,34,17,11,5067,44,43,2015.0,4.0
0,34,17,1,7716,36,33,2014.0,11.0
0,34,17,11,2873,44,5,2016.0,1.0
0,66,17,11,3368,44,8,2012.0,11.0
0,7,17,0,1583,44,8,2024.0,12.0
0,34,17,11,2075,44,5,2013.0,5.0
0,30,17,1,7825,32,1,2012.0,11.0
0,23,17,11,4145,16,8,2020.0,7.0
0,7,17,11,977,44,8,2023.0,8.0
3,66,95,11,7865,16,33,2014.0,3.0
0,66,17,11,9753,23,33,2020.0,4.0
0,66,17,11,3180,16,33,2023.0,3.0
0,34,17,11,568,16,33,2013.0,8.0
0,66,17,11,5534,44,5,2024.0,3.0
0,66,17,11,4632,8,19,2022.0,8.0
0,66,17,11,10642,16,33,2013.0,12.0
0,7,17,11,1585,44,8,2008.0,9.0
0,7,88,2,7520,34,43,2008.0,3.0
0,7,88,1,7515,28,43,2009.0,4.0
3,34,17,11,169,44,5,2015.0,5.0
0,34,17,11,2873,44,5,2015.0,12.0
3,66,17,11,3333,16,33,2020.0,3.0
3,34,14,11,9846,36,33,2021.0,7.0
2,30,17,12,9997,16,1,2024.0,7.0
0,34,17,11,3033,44,5,2013.0,12.0
0,30,17,3,7836,32,1,2010.0,9.0
0,66,17,11,4267,16,33,2010.0,5.0
0,58,17,11,1624,16,10,2014.0,1.0
3,34,17,11,7177,16,33,2020.0,1.0
0,34,17,11,7093,16,33,2019.0,12.0
0,34,14,11,9671,16,33,2017.0,11.0
0,30,17,3,10008,32,1,2016.0,8.0
0,30,24,1,11182,32,1,2009.0,1.0
0,34,17,11,2839,44,5,2014.0,2.0
0,34,17,11,9821,16,43,2007.0,4.0
0,66,17,11,11103,16,33,2021.0,3.0
0,66,17,11,1087,16,0,2020.0,10.0
0,30,17,1,7454,32,1,2014.0,10.0
0,62,17,2,6325,16,8,2023.0,1.0
0,66,17,11,4917,16,33,2012.0,9.0
0,66,17,11,3293,16,33,2017.0,7.0
0,34,17,11,7306,16,43,2017.0,8.0
0,61,17,11,5311,36,33,2025.0,6.0
0,66,17,11,4251,16,33,2023.0,3.0
0,38,17,11,5056,53,8,2025.0,8.0
0,66,17,1,6675,44,33,2007.0,5.0
0,34,17,11,4089,16,43,2019.0,5.0
0,63,17,1,8821,16,10,2019.0,7.0
0,17,17,11,542,16,8,2020.0,5.0
0,34,17,11,63,44,5,2015.0,8.0
0,30,24,12,35,32,1,2008.0,6.0
0,34,17,1,9355,16,33,2009.0,4.0
0,66,17,11,3585,16,33,2009.0,10.0
0,66,17,11,5381,16,33,2008.0,1.0
0,34,17,11,2918,44,5,2016.0,7.0
0,34,17,11,3758,36,33,2022.0,7.0
0,52,17,11,10,16,33,2025.0,7.0
0,30,17,1,10062,16,1,2006.0,12.0
0,66,17,11,4616,44,33,2015.0,11.0
0,66,17,3,5968,16,33,2008.0,10.0
2,34,17,11,10424,44,5,2018.0,7.0
0,66,17,1,3912,44,5,2011.0,8.0
0,7,17,11,6976,44,8,2010.0,5.0
0,34,17,11,1118,16,19,2013.0,1.0
0,34,17,0,8493,16,43,2007.0,9.0
0,66,17,11,3280,16,33,2023.0,8.0
0,66,17,11,3279,16,33,2023.0,6.0
0,34,17,11,1108,57,33,2023.0,2.0
0,34,17,11,2300,44,5,2016.0,7.0
0,34,17,11,534,44,5,2015.0,11.0
0,34,17,11,2884,44,5,2016.0,8.0
0,34,17,11,8209,16,33,2012.0,6.0
0,21,93,11,9979,25,43,2016.0,12.0
0,66,17,11,1651,16,19,2018.0,11.0
2,34,17,11,2021,44,5,2013.0,4.0
0,30,17,1,10870,32,1,2026.0,4.0
0,34,17,11,4054,16,33,2023.0,4.0
0,66,17,11,899,16,0,2017.0,5.0
0,66,17,0,11080,16,33,2012.0,6.0
0,34,17,11,5580,44,5,2022.0,9.0
0,45,17,11,8629,16,8,2016.0,5.0
2,34,17,5,7718,16,33,2017.0,10.0
0,58,17,11,10324,16,10,2014.0,5.0
0,66,17,1,3470,44,8,2008.0,5.0
0,30,17,1,10824,32,1,2007.0,2.0
0,30,24,3,1093,32,1,2008.0,2.0
3,34,17,11,2395,44,5,2014.0,3.0
0,45,17,11,5689,16,10,2023.0,1.0
0,34,17,11,2753,44,5,2014.0,2.0
0,66,17,11,10641,16,43,2013.0,12.0
0,66,17,11,9241,16,8,2010.0,1.0
0,66,17,11,8688,44,5,2007.0,2.0
0,34,17,11,2186,44,5,2023.0,1.0
2,66,95,11,4732,16,33,2019.0,3.0
0,34,17,11,535,44,5,2014.0,7.0
0,7,95,1,6435,32,43,2007.0,3.0
0,7,17,11,6390,44,8,2013.0,6.0
0,66,17,1,6637,16,33,2017.0,3.0
0,30,24,3,6555,32,1,2013.0,4.0
0,66,17,11,11040,44,33,2007.0,5.0
0,58,17,11,8049,16,13,2011.0,7.0
0,66,17,1,9535,16,33,2007.0,5.0
0,34,17,11,124,44,5,2012.0,3.0
0,66,17,0,10260,16,8,2009.0,11.0
0,34,14,11,5471,44,5,2024.0,3.0
0,30,24,3,6511,32,1,2013.0,11.0
0,58,17,11,10333,16,8,2012.0,12.0
0,34,17,11,3006,44,5,2014.0,2.0
0,63,17,0,10183,16,8,2020.0,1.0
0,30,17,1,10059,34,1,2010.0,6.0
0,66,17,11,8692,44,5,2009.0,5.0
0,45,17,11,5677,44,8,2023.0,4.0
0,34,17,11,2899,44,5,2016.0,9.0
3,34,95,12,11309,57,43,2014.0,6.0
0,34,17,11,2360,44,5,2014.0,1.0
0,23,17,2,1636,36,8,2018.0,11.0
0,34,17,11,9378,16,33,2022.0,2.0
0,34,17,11,10463,16,5,2016.0,3.0
3,66,17,11,1559,36,19,2021.0,2.0
0,30,17,3,10587,16,1,2006.0,10.0
3,52,14,11,5135,57,33,2025.0,11.0
0,66,17,11,8113,16,5,2009.0,12.0
3,66,17,11,4750,16,33,2022.0,6.0
0,34,17,11,3077,44,5,2015.0,3.0
0,34,17,0,9368,16,33,2012.0,1.0
0,34,17,0,2758,44,5,2008.0,5.0
0,30,24,1,8467,32,1,2010.0,3.0
0,66,17,11,7771,16,0,2011.0,6.0
0,58,17,11,9569,16,10,2012.0,7.0
0,34,17,11,9851,44,43,2007.0,3.0
0,66,14,11,701,16,8,2007.0,7.0
0,34,17,11,9187,16,8,2013.0,6.0
0,7,17,1,7513,34,8,2011.0,5.0
0,34,17,11,206,44,43,2014.0,10.0
0,7,17,1,8350,32,43,2007.0,10.0
3,34,17,11,9353,16,43,2015.0,5.0
0,7,17,0,11241,57,43,2009.0,1.0
0,66,17,11,2474,16,33,2016.0,7.0
0,34,17,11,7342,16,43,2005.0,8.0
0,13,17,7,758,32,43,2017.0,6.0
3,66,17,12,835,16,0,2015.0,6.0
0,66,17,11,6149,16,33,2013.0,4.0
0,30,17,13,10630,57,1,2006.0,6.0
0,66,17,11,4373,16,33,2013.0,11.0
0,34,17,11,5414,44,5,2012.0,12.0
0,34,17,11,3034,44,5,2013.0,10.0
0,34,17,11,10445,16,43,2018.0,12.0
0,30,66,1,11189,32,1,2016.0,4.0
0,66,17,11,3267,23,33,2015.0,9.0
0,66,17,1,9122,32,33,2012.0,2.0
0,34,17,11,2409,44,43,2015.0,2.0
0,58,17,11,6251,16,25,2010.0,4.0
0,23,17,1,4493,44,8,2019.0,5.0
0,34,17,11,2673,16,33,2022.0,11.0
0,66,21,11,1818,57,33,2023.0,2.0
0,34,14,11,5759,16,5,2022.0,12.0
0,34,17,11,4204,16,33,2023.0,2.0
0,66,17,11,1509,36,33,2019.0,2.0
0,66,17,11,3289,16,33,2023.0,1.0
0,34,17,11,1209,44,5,2022.0,8.0
0,66,17,11,3505,44,33,2013.0,7.0
0,30,88,0,6563,32,1,2005.0,4.0
3,34,17,11,2589,44,5,2014.0,3.0
0,30,24,3,10270,32,1,2013.0,1.0
0,34,14,11,5759,16,5,2022.0,6.0
3,34,17,11,2931,44,5,2015.0,3.0
0,7,17,11,8200,44,8,2016.0,1.0
0,34,17,11,1870,16,33,2024.0,3.0
2,34,17,11,11281,16,33,2022.0,8.0
0,66,21,11,2612,16,33,2023.0,5.0
3,34,17,11,2800,44,5,2014.0,4.0
0,34,17,0,8877,16,33,2011.0,7.0
0,35,17,11,5527,17,33,2015.0,10.0
0,66,17,11,1603,44,5,2007.0,5.0
0,34,17,11,1379,16,19,2023.0,1.0
0,34,17,11,3775,36,33,2022.0,6.0
0,66,17,1,7275,44,8,2007.0,5.0
0,66,17,11,3535,44,33,2010.0,8.0
2,66,17,11,6428,16,33,2015.0,12.0
0,52,17,11,3817,16,5,2025.0,4.0
0,66,17,11,4372,16,33,2013.0,10.0
0,58,88,11,11228,16,23,2025.0,1.0
0,66,17,1,7467,16,43,2013.0,12.0
0,34,17,11,10665,57,33,2022.0,11.0
0,66,17,11,3335,6,33,2017.0,5.0
0,34,17,11,478,44,5,2016.0,10.0
0,58,17,11,10308,16,8,2014.0,6.0
0,34,17,1,2226,44,5,2009.0,5.0
2,66,17,11,4429,44,43,2014.0,5.0
0,66,17,1,7220,44,33,2014.0,11.0
0,23,17,1,4534,44,8,2018.0,6.0
2,34,17,11,211,57,43,2015.0,8.0
3,34,17,0,9623,16,33,2019.0,9.0
0,18,17,1,11094,16,1,2024.0,3.0
0,34,17,11,303,16,8,2014.0,1.0
3,34,17,11,2967,44,5,2014.0,10.0
0,16,17,11,6724,44,43,2018.0,7.0
0,58,17,11,10301,16,10,2012.0,8.0
0,34,17,11,1382,16,19,2022.0,3.0
0,45,17,1,9163,16,8,2014.0,6.0
3,66,17,11,6416,16,33,2014.0,7.0
0,30,17,1,9891,32,1,2007.0,5.0
0,66,17,11,3861,44,8,2015.0,6.0
0,66,17,1,11087,44,8,2008.0,8.0
0,7,17,11,7663,44,33,2010.0,9.0
0,63,17,0,10219,36,8,2020.0,12.0
0,66,17,1,7943,44,8,2011.0,10.0
0,34,17,11,3728,16,33,2016.0,9.0
0,34,17,11,519,44,5,2018.0,7.0
0,34,17,11,2582,16,33,2022.0,11.0
0,66,17,11,3290,16,33,2019.0,5.0
0,66,17,11,809,16,5,2011.0,10.0
0,34,17,11,3784,16,33,2018.0,6.0
0,30,17,2,10558,32,1,2018.0,4.0
0,66,17,11,3909,44,33,2024.0,6.0
0,66,1,11,3469,44,8,2006.0,8.0
0,66,17,11,797,16,33,2013.0,6.0
0,34,14,11,5498,36,5,2016.0,9.0
0,66,17,1,9174,16,33,2009.0,10.0
0,34,17,11,9458,16,33,2012.0,11.0
0,30,17,1,10857,32,1,2024.0,6.0
0,66,17,11,3208,44,8,2014.0,6.0
0,34,17,11,2898,44,5,2016.0,9.0
0,34,17,0,180,44,5,2011.0,9.0
0,66,17,11,3330,57,33,2007.0,6.0
0,34,17,11,9220,36,8,2018.0,1.0
2,66,17,0,9176,16,19,2016.0,3.0
0,66,17,1,4844,16,5,2020.0,3.0
0,34,17,1,7692,16,33,2010.0,10.0
0,66,17,11,1800,16,33,2018.0,9.0
0,66,17,11,8115,16,5,2011.0,4.0
0,66,17,0,9040,16,33,2007.0,12.0
3,34,17,1,5898,28,5,2014.0,5.0
0,34,17,11,5567,44,5,2017.0,7.0
0,34,17,0,6273,16,19,2021.0,12.0
0,30,17,7,8468,32,1,2018.0,10.0
0,66,95,11,5971,16,33,2009.0,4.0
0,30,24,3,28,32,1,2008.0,2.0
0,7,14,1,8198,44,8,2016.0,3.0
0,34,14,11,9646,36,33,2022.0,3.0
0,66,17,1,715,16,8,2011.0,6.0
0,34,17,11,4185,36,33,2023.0,5.0
0,52,17,11,1890,16,33,2024.0,12.0
0,66,17,11,4629,16,19,2022.0,8.0
0,34,17,1,2890,44,5,2008.0,9.0
0,30,17,1,7457,32,1,2007.0,4.0
0,34,17,11,3068,44,43,2014.0,1.0
0,30,17,13,6527,32,1,2018.0,11.0
0,34,17,11,2937,44,5,2018.0,8.0
0,34,17,11,2361,44,5,2014.0,1.0
0,30,17,1,7360,32,1,2008.0,11.0
0,34,17,11,8484,23,8,2022.0,11.0
0,12,17,1,5610,25,10,2024.0,7.0
0,7,17,1,7631,32,43,2014.0,7.0
0,34,17,11,1867,16,33,2023.0,3.0
0,66,17,0,4133,44,8,2018.0,4.0
0,30,14,1,10787,32,1,2015.0,5.0
0,66,17,11,6311,16,8,2007.0,8.0
3,34,17,11,9799,16,33,2014.0,9.0
0,34,17,11,8976,16,33,2010.0,6.0
0,34,17,11,1413,44,5,2017.0,1.0
0,16,17,11,6770,44,33,2020.0,7.0
0,34,17,11,2062,44,5,2012.0,4.0
0,34,17,11,3038,44,43,2013.0,10.0
0,34,17,11,1952,16,33,2022.0,10.0
0,34,17,1,2918,44,5,2017.0,2.0
0,34,17,11,767,44,5,2014.0,11.0
0,66,17,11,1570,36,19,2021.0,5.0
0,63,17,2,5180,44,8,2020.0,5.0
0,34,17,11,3729,16,33,2010.0,12.0
0,34,14,11,5406,44,5,2024.0,7.0
0,34,17,11,4956,16,33,2010.0,12.0
0,45,17,0,8668,23,8,2016.0,5.0
0,66,17,11,3272,44,8,2008.0,2.0
0,74,17,1,8130,16,1,2024.0,2.0
0,30,24,1,11176,32,1,2009.0,12.0
0,34,17,11,10460,16,5,2011.0,12.0
0,34,17,11,6607,16,8,2012.0,12.0
0,34,17,11,2249,44,5,2012.0,1.0
0,34,14,11,8485,16,33,2022.0,3.0
0,34,17,11,2947,44,5,2022.0,1.0
0,66,17,11,3139,57,33,2007.0,3.0
0,34,17,11,2466,44,5,2013.0,6.0
0,30,17,12,10772,32,1,2013.0,8.0
0,34,17,11,109,44,5,2015.0,1.0
0,34,17,11,2575,44,5,2013.0,8.0
0,66,17,11,4415,44,33,2020.0,4.0
0,66,17,3,4856,16,19,2008.0,9.0
0,30,17,0,10894,32,1,2014.0,7.0
0,66,1,11,619,16,8,2007.0,8.0
0,66,17,11,2608,16,19,2024.0,11.0
0,34,17,11,5706,44,5,2008.0,5.0
0,30,17,1,7379,32,1,2007.0,11.0
0,34,17,11,5492,44,5,2023.0,2.0
0,30,24,3,6532,32,1,2013.0,4.0
0,34,95,1,7722,16,33,2008.0,10.0
0,66,17,11,3421,57,33,2023.0,2.0
0,34,17,11,6607,16,8,2012.0,12.0
0,66,17,11,242,44,5,2019.0,3.0
0,30,24,1,11155,32,1,2012.0,7.0
0,34,17,11,2950,44,5,2024.0,7.0
0,66,21,11,3184,16,33,2023.0,2.0
0,66,17,11,3260,16,33,2018.0,7.0
0,70,1,12,6258,32,43,2011.0,11.0
2,16,17,1,6841,44,33,2016.0,5.0
2,34,17,11,2040,44,5,2013.0,7.0
0,34,17,11,929,16,33,2023.0,5.0
0,34,17,0,5333,44,5,2010.0,9.0
0,34,17,11,2081,44,5,2013.0,2.0
0,34,17,11,9804,16,33,2022.0,3.0
0,34,17,11,133,44,5,2010.0,4.0
2,34,17,11,468,44,5,2014.0,12.0
0,7,21,11,2637,44,8,2023.0,2.0
0,30,17,3,11148,32,1,2009.0,7.0
0,34,17,11,5747,16,5,2019.0,4.0
0,45,17,11,1551,36,8,2013.0,12.0
0,34,17,11,2845,44,5,2014.0,2.0
0,34,17,11,9080,16,33,2013.0,12.0
3,34,95,11,1984,44,5,2014.0,5.0
0,66,17,11,1024,16,33,2020.0,5.0
0,34,17,11,3816,36,33,2022.0,6.0
0,30,24,3,10366,32,1,2009.0,3.0
0,66,17,11,11082,44,8,2008.0,9.0
0,30,24,1,7625,16,1,2010.0,2.0
0,66,17,1,3129,16,33,2024.0,5.0
0,34,17,11,1424,44,5,2016.0,10.0
0,34,17,11,456,44,5,2019.0,12.0
2,34,95,11,8874,57,43,2019.0,3.0
0,7,17,1,409,44,8,2009.0,11.0
0,34,17,11,1536,16,19,2022.0,4.0
0,66,17,11,7787,16,0,2013.0,10.0
0,74,17,1,10396,57,1,2013.0,8.0
0,34,17,11,5934,44,5,2014.0,6.0
0,34,17,11,1452,44,5,2023.0,3.0
0,34,17,11,2672,16,33,2022.0,12.0
0,66,17,11,1305,16,33,2019.0,6.0
0,66,17,11,4432,44,33,2015.0,3.0
0,66,17,11,1099,16,5,2013.0,6.0
0,34,17,2,9337,44,5,2007.0,6.0
0,70,24,12,6256,32,43,2009.0,5.0
0,34,17,11,2771,44,5,2008.0,4.0
0,7,95,3,7525,0,43,2007.0,3.0
0,34,17,11,673,16,33,2023.0,6.0
0,36,17,11,9197,17,8,2019.0,9.0
0,66,17,11,4328,16,33,2023.0,5.0
0,7,17,2,6941,32,43,2006.0,10.0
0,34,17,11,8273,44,43,2011.0,8.0
0,66,17,11,6081,16,43,2017.0,10.0
0,66,17,11,3217,44,8,2012.0,10.0
0,45,17,11,8592,44,8,2018.0,9.0
0,58,88,1,7972,16,40,2013.0,7.0
0,45,17,11,5433,16,10,2014.0,9.0
3,34,17,11,165,44,5,2015.0,3.0
0,34,17,11,4063,16,33,2023.0,7.0
2,66,95,11,3599,57,33,2013.0,5.0
0,7,17,0,5189,44,8,2021.0,1.0
0,34,17,11,5413,44,5,2011.0,12.0
0,34,17,11,4840,16,33,2010.0,5.0
2,66,17,11,1508,16,33,2015.0,5.0
0,0,17,12,7353,32,1,2016.0,5.0
0,31,17,11,8288,44,8,2023.0,11.0
0,34,17,11,2241,44,5,2011.0,1.0
0,45,17,11,8599,44,8,2017.0,7.0
0,66,17,11,990,36,5,2018.0,5.0
0,58,17,11,10148,16,8,2013.0,9.0
0,70,88,12,7613,32,43,2013.0,10.0
0,34,7,11,9396,16,33,2021.0,6.0
0,45,17,11,6227,36,10,2021.0,4.0
0,34,17,11,2212,44,5,2011.0,8.0
0,66,95,11,3133,44,33,2009.0,6.0
0,7,17,11,6965,44,43,2007.0,3.0
0,66,17,11,1510,16,6,2020.0,11.0
0,0,17,3,6412,32,43,2009.0,5.0
0,30,17,0,7829,32,1,2007.0,6.0
0,23,17,0,4565,44,8,2023.0,7.0
0,63,17,1,3130,44,8,2024.0,6.0
0,34,17,11,2318,44,5,2021.0,9.0
2,66,17,11,7423,16,19,2014.0,11.0
0,34,17,1,9830,16,33,2014.0,3.0
0,34,17,11,7182,16,33,2013.0,5.0
0,66,17,2,6630,16,33,2012.0,4.0
0,61,17,2,5771,44,8,2026.0,7.0
0,34,17,0,2229,44,5,2009.0,9.0
0,30,17,3,7434,32,1,2008.0,9.0
0,66,17,11,10719,16,8,2014.0,6.0
0,34,17,0,8797,44,5,2008.0,6.0
0,34,17,11,9384,16,33,2022.0,1.0
3,34,17,11,2059,44,5,2014.0,4.0
0,34,14,11,7002,16,43,2019.0,4.0
0,34,17,11,2192,44,5,2024.0,2.0
0,66,17,11,10632,44,5,2024.0,5.0
0,34,17,11,2433,44,43,2006.0,7.0
0,34,17,11,151,44,5,2010.0,11.0
0,66,17,11,1022,57,33,2016.0,7.0
0,34,14,11,5154,16,33,2018.0,12.0
0,34,17,11,2882,44,5,2016.0,10.0
0,66,21,11,3263,57,33,2023.0,7.0
0,66,17,11,5977,16,33,2008.0,10.0
3,34,17,11,2804,44,5,2014.0,4.0
0,58,88,11,8154,16,16,2013.0,9.0
0,34,17,11,10441,16,5,2016.0,7.0
0,30,17,2,10626,32,1,2019.0,11.0
2,34,17,11,2886,57,5,2013.0,12.0
0,66,17,11,8557,16,33,2024.0,5.0
0,34,17,11,2062,44,5,2012.0,8.0
0,34,17,0,11297,16,33,2015.0,3.0
0,30,17,1,10067,34,1,2009.0,11.0
0,34,17,11,4950,16,33,2016.0,1.0
0,61,17,2,6451,16,33,2025.0,12.0
0,66,17,11,4319,16,33,2022.0,5.0
0,34,17,11,8246,16,33,2021.0,1.0
0,34,14,11,11254,16,33,2018.0,3.0
0,38,17,11,1494,44,8,2024.0,1.0
0,34,17,11,9447,16,33,2009.0,5.0
0,63,17,0,10228,36,8,2019.0,3.0
0,34,17,11,2742,44,5,2022.0,9.0
0,66,17,1,8099,16,8,2010.0,1.0
0,34,95,12,1131,57,19,2004.0,3.0
0,7,17,11,10132,44,8,2016.0,7.0
0,34,17,0,8806,44,5,2018.0,11.0
0,34,17,1,7691,16,33,2011.0,3.0
0,34,17,11,1883,16,33,2024.0,8.0
3,66,17,11,3970,44,33,2012.0,6.0
0,34,17,3,660,16,33,2017.0,12.0
0,34,17,11,3675,16,33,2022.0,12.0
0,34,17,11,5276,44,5,2022.0,12.0
0,34,17,11,7073,16,33,2011.0,9.0
0,34,95,11,8217,16,33,2008.0,5.0
0,66,17,11,10237,44,33,2007.0,3.0
2,66,17,11,544,57,5,2014.0,8.0
0,45,17,0,6597,44,8,2022.0,9.0
0,52,14,11,631,44,33,2025.0,9.0
0,30,24,3,7537,32,1,2008.0,10.0
0,66,17,11,7756,16,33,2013.0,7.0
0,34,17,0,3798,44,43,2005.0,9.0
0,34,17,11,3678,16,33,2022.0,12.0
0,7,17,11,7931,32,43,2014.0,3.0
0,34,17,0,2779,44,5,2008.0,1.0
0,34,17,11,1162,16,33,2008.0,6.0
0,34,17,11,2062,44,5,2013.0,8.0
0,34,17,0,4939,16,33,2012.0,4.0
0,58,17,11,8021,16,13,2011.0,8.0
0,30,24,3,5213,32,1,2010.0,9.0
0,34,17,11,3738,16,33,2010.0,9.0
3,66,17,11,6163,44,5,2015.0,5.0
0,42,17,3,6756,32,43,2025.0,3.0
0,23,17,11,4164,44,8,2020.0,5.0
0,30,17,2,10972,32,1,2005.0,1.0
0,34,17,11,9483,16,33,2013.0,6.0
0,30,17,0,10861,32,1,2011.0,3.0
0,66,17,11,4714,16,33,2012.0,6.0
3,7,95,12,7662,57,43,2016.0,1.0
0,30,17,1,10823,32,1,2005.0,7.0
0,34,17,11,1202,44,5,2007.0,2.0
0,16,17,1,6734,36,33,2021.0,3.0
0,52,17,11,7311,16,33,2025.0,7.0
0,42,17,11,5530,44,33,2025.0,5.0
0,48,17,1,7927,44,8,2018.0,10.0
0,30,17,1,7474,32,1,2018.0,6.0
0,30,17,0,6569,32,1,2018.0,9.0
0,45,17,11,9312,44,10,2012.0,5.0
0,7,17,7,2633,25,8,2019.0,9.0
0,66,17,11,3513,44,33,2013.0,5.0
0,34,17,11,6027,44,5,2019.0,1.0
0,34,17,11,10603,36,5,2015.0,7.0
0,34,17,11,2062,44,5,2013.0,9.0
0,30,17,2,6885,16,1,2005.0,4.0
0,30,24,1,11163,32,1,2013.0,2.0
3,66,17,11,3440,16,33,2023.0,2.0
0,66,17,1,7276,16,8,2011.0,9.0
0,66,17,11,4449,16,4,2017.0,8.0
0,34,17,11,4992,16,33,2010.0,7.0
0,0,17,12,9679,32,43,2009.0,2.0
0,34,17,11,4890,16,33,2012.0,1.0
0,45,17,11,8675,16,8,2018.0,5.0
0,4,17,11,4657,44,33,2016.0,8.0
0,38,17,11,8526,53,8,2023.0,9.0
3,34,17,11,2996,44,5,2014.0,2.0
0,34,14,11,9390,16,33,2022.0,2.0
0,30,17,12,10978,32,1,2007.0,3.0
0,63,17,2,3490,16,8,2011.0,9.0
0,66,17,11,372,44,33,2007.0,3.0
0,66,17,1,5519,36,8,2024.0,9.0
0,66,17,11,1806,16,33,2020.0,12.0
2,70,17,12,7968,16,43,2014.0,6.0
0,23,17,0,4549,44,8,2025.0,4.0
0,34,17,11,1111,16,19,2018.0,7.0
0,7,17,3,9735,57,43,2016.0,6.0
0,34,17,11,3916,16,33,2023.0,4.0
0,34,14,1,9135,44,5,2018.0,1.0
0,66,17,11,8117,44,5,2012.0,4.0
0,34,17,11,156,44,5,2012.0,7.0
0,34,17,11,2957,47,5,2016.0,3.0
0,34,17,0,4942,16,33,2010.0,7.0
0,66,17,12,10657,16,33,2014.0,6.0
0,30,24,1,11191,32,1,2009.0,3.0
0,66,17,11,222,44,5,2009.0,9.0
0,34,17,11,9194,44,8,2010.0,8.0
0,66,17,1,4739,16,33,2024.0,6.0
0,34,17,0,7231,16,33,2007.0,7.0
0,34,95,11,2977,44,5,2015.0,1.0
0,16,17,11,6788,44,43,2018.0,7.0
0,66,17,11,10621,36,33,2023.0,3.0
0,13,17,1,7243,32,43,2023.0,10.0
0,34,17,11,4954,16,33,2010.0,10.0
0,30,17,12,10101,16,1,2008.0,2.0
0,16,17,0,6860,6,33,2018.0,5.0
0,45,17,11,7296,44,8,2013.0,2.0
2,34,17,11,744,44,43,2013.0,7.0
0,66,17,11,8162,16,8,2010.0,1.0
0,66,17,1,5853,16,5,2012.0,4.0
3,34,17,11,7305,16,33,2014.0,3.0
0,34,17,11,414,44,5,2007.0,2.0
0,66,17,11,5293,47,8,2008.0,7.0
0,30,17,1,10760,32,1,2014.0,7.0
0,34,17,11,9439,16,33,2007.0,2.0
0,34,17,0,2891,44,5,2008.0,9.0
0,34,17,11,6218,16,8,2014.0,6.0
0,34,17,11,2983,44,5,2014.0,7.0
0,7,17,0,8329,32,43,2007.0,5.0
0,38,17,11,7975,16,8,2023.0,12.0
0,71,17,11,8073,16,33,2023.0,11.0
2,34,17,11,10538,44,43,2018.0,7.0
0,52,17,11,5155,16,33,2026.0,1.0
0,7,24,3,8405,16,43,2008.0,2.0
0,66,17,11,5859,16,33,2010.0,3.0
0,34,17,11,9349,16,33,2012.0,8.0
3,66,17,11,4988,44,5,2015.0,5.0
0,34,14,11,8973,16,33,2017.0,8.0
0,34,17,11,3717,16,43,2011.0,12.0
0,34,17,11,2984,44,5,2014.0,3.0
0,34,17,11,3638,44,5,2010.0,4.0
0,66,17,0,6712,44,43,2014.0,8.0
0,7,17,1,9710,32,43,2008.0,1.0
0,66,17,11,4716,16,33,2007.0,6.0
0,34,17,11,1901,16,19,2012.0,9.0
3,34,95,11,9825,16,43,2014.0,6.0
0,30,24,0,7818,32,1,2008.0,11.0
0,30,17,1,6662,32,1,2016.0,4.0
0,66,95,11,245,44,33,2014.0,6.0
0,34,17,11,1397,16,19,2023.0,1.0
0,58,17,1,8001,16,30,2011.0,6.0
2,34,95,11,7137,16,43,2016.0,1.0
0,30,88,3,7885,32,1,2010.0,8.0
0,62,17,11,6010,16,8,2017.0,2.0
0,66,17,11,4673,16,33,2008.0,10.0
0,66,17,11,7209,44,8,2011.0,1.0
0,66,17,11,1813,16,33,2020.0,7.0
0,66,17,11,2023,44,33,2009.0,7.0
0,34,1,1,7655,16,43,2011.0,8.0
0,34,17,11,212,44,5,2015.0,8.0
0,30,12,0,6422,32,1,2010.0,5.0
0,63,17,2,10199,44,8,2022.0,6.0
0,66,21,11,4727,16,33,2023.0,2.0
0,66,17,11,5965,16,33,2008.0,5.0
3,66,17,11,4247,44,33,2014.0,6.0
0,66,17,11,6172,16,33,2015.0,11.0
3,66,17,11,4221,44,33,2014.0,6.0
3,34,17,11,469,44,5,2014.0,12.0
0,4,17,11,3995,36,5,2025.0,3.0
0,66,17,1,992,16,8,2012.0,9.0
3,34,17,11,203,44,5,2015.0,2.0
0,34,17,11,293,16,8,2016.0,12.0
0,66,17,11,3596,16,33,2013.0,5.0
0,36,17,11,716,36,8,2018.0,3.0
0,66,17,11,962,16,0,2016.0,5.0
0,34,17,0,3653,44,5,2009.0,1.0
0,66,17,11,3587,16,33,2013.0,7.0
0,34,17,11,5144,44,8,2021.0,6.0
0,66,17,11,1710,44,5,2016.0,7.0
0,30,24,12,10356,32,1,2008.0,12.0
0,36,17,11,695,23,8,2020.0,7.0
0,66,17,11,3363,44,5,2014.0,9.0
0,66,17,11,4422,2,33,2018.0,4.0
0,34,17,11,3644,44,5,2011.0,9.0
0,45,17,0,6228,44,8,2013.0,6.0
0,22,17,1,9585,16,33,2025.0,7.0
0,30,12,1,7604,32,1,2006.0,5.0
0,34,95,11,2978,44,5,2015.0,1.0
0,34,14,11,10156,16,33,2022.0,3.0
2,34,17,11,5797,44,5,2015.0,5.0
0,7,88,3,7519,34,43,2008.0,1.0
0,23,17,11,1635,16,8,2024.0,8.0
0,30,17,3,7487,32,1,2019.0,3.0
0,13,17,1,7496,32,43,2009.0,7.0
0,66,17,11,5342,25,33,2018.0,9.0
3,34,14,11,5756,44,5,2021.0,11.0
0,34,17,11,6218,16,8,2012.0,7.0
0,34,17,11,1976,16,33,2024.0,6.0
0,66,17,11,4255,44,33,2021.0,3.0
0,34,17,11,5399,44,43,2024.0,8.0
0,7,17,12,8318,44,43,2012.0,7.0
0,61,17,11,5302,44,33,2025.0,9.0
0,34,17,0,501,57,5,2018.0,11.0
0,34,14,11,11255,16,33,2018.0,3.0
0,30,24,12,6492,32,1,2009.0,3.0
0,34,17,11,9461,16,33,2007.0,2.0
0,0,17,12,10381,32,43,2006.0,12.0
0,34,17,11,489,44,5,2016.0,3.0
0,34,17,11,1115,16,19,2022.0,12.0
0,34,17,1,9067,16,33,2010.0,9.0
0,66,17,11,5841,16,33,2008.0,5.0
0,66,17,11,9918,16,33,2020.0,9.0
0,34,17,11,5404,44,5,2024.0,5.0
0,66,95,12,8180,57,33,2009.0,3.0
0,34,17,1,5798,44,5,2015.0,5.0
0,34,17,11,492,44,5,2015.0,12.0
0,66,17,11,10644,16,33,2012.0,3.0
0,34,17,11,103,44,5,2010.0,8.0
3,34,17,1,8515,44,5,2014.0,6.0
2,34,17,11,7021,16,33,2017.0,7.0
0,34,17,11,2215,44,5,2010.0,9.0
3,34,14,1,9810,16,33,2014.0,4.0
0,66,17,11,4134,25,8,2009.0,6.0
0,7,17,0,8426,32,43,2008.0,8.0
0,66,17,11,6071,44,5,2014.0,11.0
0,66,17,0,3521,44,33,2014.0,3.0
0,34,17,11,3721,44,5,2009.0,4.0
0,34,17,11,3767,16,33,2019.0,4.0
2,66,17,11,3350,23,33,2020.0,1.0
2,66,17,11,4130,44,33,2014.0,3.0
3,34,17,3,11308,24,33,2014.0,10.0
0,34,17,11,5408,44,5,2010.0,3.0
0,34,17,11,478,44,5,2016.0,11.0
0,66,17,11,3338,16,33,2023.0,2.0
0,66,17,0,5599,16,8,2020.0,10.0
0,66,17,1,3149,44,33,2014.0,6.0
0,30,17,12,6526,32,1,2008.0,9.0
0,34,17,11,5429,44,5,2011.0,9.0
0,34,17,11,8923,16,33,2017.0,11.0
1,7,17,13,6953,36,8,2014.0,6.0
3,45,17,11,953,16,0,2022.0,8.0
0,66,17,11,1040,16,0,2016.0,9.0
0,34,17,0,5203,16,43,2007.0,1.0
0,34,14,11,7322,16,33,2017.0,6.0
0,66,17,11,4437,16,33,2023.0,2.0
0,66,17,11,3914,16,33,2007.0,10.0
0,7,17,13,8323,44,43,2008.0,12.0
0,66,17,11,3898,44,33,2011.0,3.0
0,34,17,11,5675,44,5,2022.0,8.0
0,66,17,11,4280,44,33,2009.0,6.0
0,66,17,11,3582,16,33,2007.0,7.0
0,16,17,11,6843,57,33,2022.0,8.0
0,30,17,7,8300,32,1,2018.0,2.0
0,34,17,11,2679,23,33,2019.0,7.0
0,31,17,11,7234,16,8,2019.0,3.0
0,45,17,11,7956,16,10,2016.0,4.0
0,63,49,1,9315,16,10,2025.0,6.0
0,52,17,11,5821,44,5,2025.0,2.0
0,34,19,11,518,44,5,2016.0,7.0
0,45,17,11,8589,44,8,2017.0,6.0
0,30,24,12,40,32,1,2008.0,3.0
0,30,24,0,10899,32,1,2013.0,7.0
0,12,17,11,10549,36,10,2019.0,9.0
0,61,17,11,5587,36,5,2026.0,1.0
0,66,95,11,4785,16,33,2023.0,3.0
2,67,17,11,6001,16,33,2020.0,9.0
2,34,17,0,3818,44,5,2014.0,2.0
0,34,17,11,2017,44,43,2007.0,10.0
0,66,17,11,4136,44,5,2024.0,6.0
0,34,17,11,3003,36,43,2015.0,5.0
0,66,17,11,1272,16,43,2021.0,2.0
0,38,17,1,8540,44,10,2024.0,8.0
0,34,17,11,2192,44,5,2024.0,2.0
2,34,17,1,2191,44,43,2015.0,9.0
0,34,17,1,585,36,8,2022.0,2.0
0,23,17,11,1733,16,8,2024.0,1.0
0,34,17,11,1844,16,33,2022.0,12.0
0,34,17,0,6364,44,5,2006.0,11.0
0,66,17,0,10254,16,33,2020.0,5.0
0,52,17,11,3528,44,5,2026.0,1.0
0,66,17,11,9054,16,33,2015.0,6.0
0,34,17,11,5944,44,5,2012.0,10.0
0,66,17,11,5107,16,33,2020.0,6.0
0,58,88,11,10290,44,8,2014.0,7.0
0,34,17,11,4902,16,33,2012.0,1.0
0,66,17,11,4371,16,33,2013.0,11.0
0,66,17,11,7761,16,0,2019.0,7.0
3,66,17,11,549,44,5,2014.0,9.0
0,66,17,11,870,16,0,2012.0,5.0
0,34,17,11,2089,44,5,2013.0,5.0
0,45,17,11,1578,16,8,2014.0,6.0
0,66,17,11,1575,16,19,2019.0,8.0
0,34,17,0,4946,16,33,2011.0,11.0
0,34,17,11,9109,16,33,2015.0,11.0
0,66,17,11,6173,16,33,2010.0,6.0
0,66,17,11,8118,16,5,2011.0,2.0
0,34,17,11,10462,16,33,2010.0,5.0
0,66,17,11,1511,53,33,2019.0,8.0
0,66,17,0,3832,16,33,2009.0,9.0
0,0,17,0,7573,16,19,2013.0,2.0
0,30,17,1,10627,16,1,2006.0,12.0
0,66,17,11,6003,16,33,2012.0,3.0
0,34,17,11,9460,16,33,2012.0,12.0
0,66,17,11,980,57,43,2015.0,5.0
0,34,17,11,8501,16,33,2016.0,9.0
0,66,17,11,5993,16,43,2018.0,6.0
0,34,17,11,1336,16,33,2023.0,8.0
0,34,17,11,5690,44,5,2008.0,5.0
0,23,17,11,4488,44,8,2022.0,2.0
0,34,17,11,2113,44,5,2011.0,3.0
0,34,17,2,7087,16,33,2013.0,9.0
0,66,17,11,10242,44,33,2019.0,1.0
0,34,17,11,5663,44,5,2017.0,3.0
0,34,17,11,5424,44,5,2010.0,2.0
0,66,17,1,5979,16,33,2021.0,2.0
0,30,17,2,9997,16,1,2021.0,6.0
0,30,17,1,10738,32,1,2018.0,4.0
3,34,17,11,120,44,5,2015.0,3.0
0,61,17,2,11046,44,5,2025.0,12.0
0,66,17,1,10130,44,33,2011.0,11.0
0,71,17,11,8075,16,33,2023.0,11.0
0,52,17,11,5821,44,5,2025.0,2.0
0,30,17,0,10581,16,1,2008.0,4.0
0,34,17,11,2715,16,33,2023.0,7.0
0,45,17,11,7755,16,0,2023.0,5.0
0,30,67,3,6550,32,1,2016.0,4.0
2,34,14,11,9395,44,43,2016.0,9.0
0,45,17,11,3415,16,8,2014.0,8.0
0,34,17,11,5200,44,5,2008.0,6.0
0,38,17,11,8533,44,8,2024.0,9.0
0,66,17,11,10724,16,8,2008.0,7.0
0,7,17,0,9703,32,43,2008.0,4.0
0,58,17,11,8081,16,15,2011.0,8.0
3,34,17,11,9353,16,43,2015.0,5.0
0,34,17,11,180,44,5,2010.0,6.0
0,66,21,11,1819,16,33,2023.0,2.0
0,66,17,11,9055,16,33,2011.0,6.0
0,63,14,1,1075,44,8,2025.0,8.0
0,66,17,11,5187,16,33,2013.0,9.0
0,61,17,11,4513,44,33,2025.0,4.0
0,66,17,11,4411,44,33,2015.0,12.0
0,61,17,11,1708,44,5,2026.0,5.0
0,66,17,7,9198,57,8,2006.0,11.0
0,52,14,11,351,16,33,2025.0,4.0
0,34,17,11,2930,44,5,2016.0,1.0
0,34,17,11,2142,44,5,2023.0,2.0
0,34,17,11,206,44,5,2014.0,10.0
0,30,84,7,8479,32,1,2019.0,5.0
0,34,14,11,8906,16,33,2017.0,6.0
0,34,1,11,9120,16,43,2010.0,11.0
0,30,17,12,7373,32,1,2007.0,10.0
0,66,17,11,3385,16,33,2015.0,12.0
0,34,17,11,2710,16,33,2022.0,11.0
0,34,17,1,10535,44,5,2016.0,11.0
0,66,17,11,5021,16,33,2023.0,6.0
0,30,17,1,10592,16,1,2009.0,8.0
0,30,17,2,10857,32,1,2013.0,12.0
0,34,17,1,10525,44,5,2011.0,5.0
0,66,1,11,709,16,8,2007.0,7.0
0,45,17,11,1667,44,8,2021.0,3.0
0,66,17,11,4696,16,33,2022.0,12.0
0,34,17,11,2392,44,5,2014.0,4.0
0,34,17,11,2882,44,5,2014.0,7.0
0,66,17,11,11195,16,33,2015.0,5.0
0,34,17,11,1454,44,5,2022.0,9.0
0,34,17,11,1100,16,19,2022.0,3.0
0,34,17,11,6218,16,8,2012.0,4.0
0,66,17,11,3204,44,8,2015.0,7.0
0,63,17,0,9560,44,8,2024.0,1.0
0,66,17,11,862,16,0,2012.0,7.0
0,66,17,11,4685,16,33,2009.0,10.0
0,66,17,11,4117,44,33,2014.0,8.0
0,34,17,11,3668,16,33,2011.0,12.0
0,52,14,11,5173,16,33,2024.0,12.0
0,52,17,11,1140,16,33,2024.0,11.0
0,66,17,11,9117,44,8,2006.0,7.0
0,30,24,3,10365,32,1,2009.0,3.0
0,61,17,0,5772,36,8,2026.0,1.0
0,34,17,11,5422,44,5,2011.0,12.0
0,34,14,0,6201,16,8,2024.0,1.0
0,58,88,0,7996,16,22,2013.0,7.0
2,34,17,11,96,44,5,2015.0,1.0
0,66,17,0,4635,16,33,2016.0,4.0
0,7,17,11,2749,44,8,2025.0,10.0
0,34,17,11,3695,36,33,2022.0,5.0
3,34,17,11,2322,44,5,2015.0,3.0
0,4,17,1,8710,11,5,2024.0,6.0
0,66,17,11,4679,16,33,2012.0,7.0
0,7,17,11,1795,44,8,2014.0,4.0
0,72,12,2,6260,32,43,2024.0,3.0
0,66,17,11,5788,16,33,2018.0,1.0
0,34,17,11,347,16,33,2012.0,9.0
0,34,17,11,1137,16,19,2010.0,5.0
0,58,17,11,9199,16,10,2012.0,5.0
0,7,17,11,2636,44,8,2019.0,2.0
0,30,88,2,6880,16,1,2006.0,10.0
0,66,17,11,4002,16,33,2019.0,8.0
0,30,24,3,6500,32,1,2011.0,10.0
0,34,17,11,5336,16,33,2007.0,8.0
0,30,24,13,7354,32,1,2012.0,12.0
0,66,17,11,6243,44,33,2010.0,12.0
0,34,17,11,5077,36,8,2021.0,11.0
0,7,17,0,8358,57,43,2007.0,12.0
0,66,17,0,11036,44,33,2011.0,6.0
0,34,17,11,4932,16,8,2024.0,8.0
0,34,17,11,2836,44,5,2014.0,9.0
3,66,95,12,6915,57,43,2014.0,6.0
0,34,17,11,311,16,33,2013.0,3.0
0,66,17,11,4512,16,33,2015.0,9.0
0,66,17,11,4701,16,33,2009.0,10.0
0,34,17,11,2692,16,33,2023.0,6.0
0,66,17,1,6646,44,33,2011.0,12.0
0,66,17,11,11250,23,33,2020.0,4.0
0,34,17,11,8143,57,8,2008.0,6.0
3,34,17,11,2284,44,5,2015.0,5.0
0,34,17,11,2274,44,5,2007.0,5.0
0,34,17,11,2310,44,5,2012.0,10.0
0,34,17,11,2790,44,5,2013.0,11.0
0,34,17,11,6449,16,43,2014.0,3.0
0,0,17,12,10397,32,43,2006.0,11.0
2,34,17,11,2678,16,43,2023.0,5.0
0,34,17,11,8909,16,33,2017.0,5.0
0,34,17,11,2301,57,5,2013.0,11.0
0,34,17,11,2335,44,5,2012.0,11.0
0,30,17,1,7933,16,1,2007.0,7.0
2,34,95,11,423,44,5,2013.0,9.0
0,34,17,11,2171,44,5,2010.0,5.0
0,30,24,1,11161,32,1,2010.0,10.0
0,34,17,11,2451,44,5,2024.0,4.0
0,30,17,1,10031,16,1,2007.0,8.0
0,34,17,12,1187,44,43,2015.0,2.0
0,34,17,11,10453,16,5,2013.0,3.0
0,30,95,0,7668,32,1,2016.0,11.0
0,45,17,0,9541,16,8,2010.0,5.0
0,30,17,1,10766,32,1,2010.0,5.0
0,34,17,11,7077,16,43,2012.0,8.0
0,34,17,11,10600,16,43,2005.0,7.0
2,34,17,11,11274,16,33,2014.0,9.0
0,66,17,11,4316,16,33,2009.0,12.0
0,34,17,11,2926,44,5,2016.0,4.0
0,66,17,11,5982,16,33,2014.0,9.0
0,34,17,11,2087,44,5,2011.0,6.0
0,34,17,11,4905,17,33,2024.0,6.0
0,66,17,11,3228,16,33,2015.0,8.0
0,34,17,1,4935,36,8,2017.0,1.0
0,30,12,2,7418,32,1,2009.0,1.0
0,38,17,1,1680,44,8,2023.0,10.0
0,58,17,11,7217,16,10,2013.0,3.0
0,34,17,11,743,44,5,2013.0,9.0
0,31,17,11,8287,16,8,2021.0,3.0
0,34,17,11,2151,44,5,2024.0,9.0
0,30,88,12,10754,32,1,2007.0,7.0
0,30,17,3,7667,32,43,2018.0,4.0
0,13,24,12,9278,32,43,2008.0,1.0
0,34,17,11,10457,16,5,2013.0,10.0
0,66,17,11,5183,2,5,2014.0,7.0
0,61,17,11,5093,36,5,2025.0,3.0
0,23,17,1,9235,36,8,2018.0,8.0
0,34,17,11,5817,44,5,2024.0,8.0
0,66,17,11,1329,39,33,2019.0,6.0
0,70,1,11,6461,34,43,2011.0,11.0
0,34,17,11,5233,16,33,2015.0,9.0
3,66,17,11,968,16,33,2020.0,5.0
0,34,17,11,9742,44,8,2007.0,5.0
0,66,17,11,803,16,5,2010.0,8.0
2,66,17,12,3862,16,8,2014.0,6.0
0,7,17,2,6557,44,43,2009.0,11.0
0,34,14,11,5176,44,33,2016.0,9.0
0,34,17,11,2373,44,5,2022.0,12.0
0,34,14,11,9096,16,33,2018.0,8.0
0,34,17,11,1454,44,5,2022.0,6.0
0,36,17,1,10732,25,8,2019.0,10.0
0,34,17,11,10448,16,33,2013.0,1.0
0,34,17,11,10613,16,43,2007.0,7.0
0,22,17,11,5907,16,33,2024.0,9.0
0,30,17,1,10909,32,1,2017.0,2.0
0,66,17,11,1035,16,0,2017.0,12.0
0,70,17,12,8764,57,43,2007.0,6.0
0,30,17,3,10115,16,1,2008.0,7.0
0,34,17,11,2812,44,5,2013.0,11.0
0,7,17,12,8310,44,43,2012.0,1.0
0,66,17,1,9296,44,43,2007.0,1.0
0,66,17,11,4646,44,33,2013.0,5.0
0,63,14,0,10226,16,8,2020.0,12.0
0,30,17,3,11177,32,1,2008.0,11.0
0,66,17,11,3148,16,33,2020.0,8.0
0,8,17,1,8278,32,32,2015.0,2.0
0,45,17,11,8624,44,10,2015.0,5.0
0,22,17,11,5436,16,33,2024.0,8.0
0,34,17,11,2210,16,5,2011.0,5.0
0,66,17,11,9584,44,8,2012.0,6.0
0,66,17,11,2029,44,33,2007.0,6.0
0,7,17,0,8328,32,43,2008.0,12.0
0,36,17,11,720,44,8,2022.0,5.0
0,49,17,11,9261,44,33,2021.0,11.0
0,7,17,11,6971,44,43,2007.0,4.0
0,30,17,3,6506,32,1,2006.0,10.0
0,34,17,11,2668,16,33,2023.0,1.0
0,34,17,11,2840,44,5,2014.0,2.0
3,34,95,11,2492,44,5,2014.0,9.0
0,30,24,12,10992,32,1,2010.0,1.0
0,66,17,0,5377,16,33,2013.0,10.0
0,34,17,11,2957,44,5,2022.0,2.0
0,34,14,11,5752,16,5,2018.0,9.0
0,34,17,11,344,16,33,2012.0,6.0
0,16,17,11,6238,6,43,2019.0,3.0
0,66,17,11,1808,16,19,2021.0,1.0
0,66,17,11,6431,16,8,2012.0,12.0
0,30,24,1,9507,57,1,2020.0,4.0
0,34,17,0,1449,44,5,2020.0,11.0
0,66,17,11,9313,16,8,2008.0,7.0
0,66,17,11,7424,16,19,2014.0,11.0
2,34,17,11,2947,44,5,2018.0,10.0
0,34,95,11,1985,44,5,2014.0,9.0
0,66,95,11,3458,44,33,2009.0,6.0
0,34,17,11,6209,16,8,2008.0,4.0
0,34,17,11,4109,0,43,2004.0,12.0
0,34,17,11,5556,44,5,2008.0,5.0
0,30,2,1,9888,32,1,2009.0,6.0
0,30,24,1,10577,16,1,2008.0,8.0
0,34,17,1,9146,44,5,2020.0,12.0
3,34,17,11,1872,16,33,2021.0,5.0
0,34,17,11,127,44,5,2013.0,9.0
0,70,44,11,8782,57,33,2017.0,3.0
0,34,17,11,2265,44,5,2024.0,1.0
0,66,17,11,3872,25,8,2008.0,6.0
0,66,17,11,8829,16,33,2013.0,2.0
0,34,17,11,2075,44,5,2013.0,6.0
0,45,17,11,792,16,8,2015.0,4.0
0,63,17,11,325,16,8,2024.0,12.0
0,34,17,11,10470,16,33,2013.0,4.0
0,66,17,11,2598,16,43,2018.0,12.0
0,30,17,1,10586,16,1,2006.0,7.0
0,66,17,11,4340,16,33,2009.0,12.0
0,34,14,11,9002,16,33,2022.0,12.0
0,7,17,0,8422,57,43,2010.0,12.0
0,23,17,1,8091,44,8,2018.0,9.0
0,63,17,1,6312,16,8,2011.0,7.0
0,30,12,1,10084,16,1,2007.0,7.0
0,66,17,11,9543,44,8,2014.0,12.0
0,30,17,12,10386,16,1,2009.0,7.0
0,34,17,11,7062,16,33,2017.0,3.0
0,34,17,11,1837,16,33,2023.0,5.0
0,34,17,11,2004,44,5,2024.0,9.0
0,30,17,0,6471,32,1,2024.0,4.0
0,34,17,11,2778,44,5,2013.0,10.0
0,34,17,11,3038,44,5,2013.0,10.0
0,66,17,11,3156,16,33,2010.0,11.0
0,34,17,11,9426,16,33,2009.0,10.0
0,34,17,11,5668,44,5,2022.0,8.0
0,66,17,11,6021,36,0,2018.0,8.0
0,30,24,1,11185,32,1,2007.0,9.0
0,58,17,12,8033,16,15,2011.0,6.0
0,34,17,11,5158,16,33,2016.0,9.0
0,7,24,1,6436,32,43,2007.0,3.0
0,38,17,0,8541,44,10,2024.0,5.0
0,63,17,11,3953,16,8,2026.0,1.0
0,34,17,11,2047,44,5,2011.0,3.0
0,66,17,11,3845,23,33,2019.0,4.0
0,34,17,11,1448,44,5,2023.0,2.0
0,34,17,11,2843,47,5,2014.0,2.0
0,0,17,12,6488,32,43,2008.0,3.0
0,34,17,11,7339,16,33,2017.0,9.0
0,66,17,11,3356,42,33,2019.0,12.0
0,66,17,11,4512,16,33,2015.0,9.0
0,34,17,11,2657,16,33,2024.0,1.0
3,34,17,11,2291,44,5,2014.0,12.0
0,34,17,11,476,44,5,2016.0,11.0
0,34,17,11,8233,16,19,2020.0,12.0
0,7,17,0,6895,44,8,2021.0,7.0
0,7,95,2,10139,44,43,2014.0,3.0
0,34,14,11,9628,23,33,2017.0,9.0
0,57,17,11,9158,44,8,2015.0,12.0
0,66,17,11,4218,25,33,2018.0,5.0
0,30,24,12,7300,32,1,2008.0,2.0
0,34,95,11,1995,44,5,2011.0,12.0
0,34,17,11,766,44,5,2014.0,11.0
0,30,17,1,10794,32,1,2016.0,10.0
0,66,17,11,370,44,5,2014.0,5.0
0,34,17,11,10498,16,33,2011.0,6.0
0,66,17,11,7216,44,33,2007.0,6.0
0,34,17,11,2214,44,5,2010.0,9.0
0,30,17,2,10043,32,1,2018.0,8.0
0,34,17,11,1973,16,33,2023.0,11.0
3,66,17,11,4253,44,33,2015.0,5.0
0,34,17,11,11044,44,5,2008.0,5.0
0,61,17,11,11,16,5,2025.0,3.0
0,66,17,1,4590,16,33,2024.0,7.0
0,66,17,11,3221,44,8,2013.0,12.0
0,66,17,11,9238,16,8,2008.0,11.0
0,30,24,12,6992,32,1,2010.0,2.0
0,16,17,11,6843,57,33,2022.0,8.0
2,34,17,11,5702,44,5,2014.0,7.0
0,7,17,0,8367,32,43,2012.0,4.0
0,34,17,11,7139,16,33,2019.0,9.0
0,34,17,1,5529,44,5,2012.0,7.0
0,66,1,11,724,16,8,2007.0,7.0
0,35,24,1,10403,16,33,2011.0,2.0
3,66,17,11,5996,16,33,2014.0,8.0
0,34,17,11,6373,44,5,2024.0,3.0
0,30,24,3,10990,32,1,2012.0,8.0
0,34,17,11,2414,44,5,2022.0,11.0
0,34,17,11,502,44,5,2019.0,5.0
0,66,17,2,8512,44,5,2012.0,8.0
0,66,17,11,3554,57,33,2013.0,3.0
0,34,17,11,502,44,5,2019.0,11.0
2,34,17,11,7027,57,43,2016.0,8.0
3,34,17,11,7345,16,43,2014.0,9.0
0,34,17,11,10434,16,5,2015.0,11.0
0,66,17,11,2507,16,19,2019.0,6.0
0,34,17,11,1846,16,33,2023.0,2.0
2,34,17,11,2354,44,5,2014.0,4.0
0,30,24,2,11177,32,1,2008.0,11.0
0,34,17,11,9379,23,33,2018.0,9.0
0,61,17,11,5472,44,5,2025.0,5.0
0,34,17,11,2080,44,5,2011.0,6.0
0,66,17,11,4212,16,33,2021.0,11.0
0,7,17,11,8308,44,8,2008.0,5.0
0,34,17,11,1454,44,5,2023.0,3.0
0,34,17,0,3792,16,43,2005.0,6.0
0,34,17,11,1378,16,19,2023.0,1.0
0,7,88,3,6958,44,43,2007.0,12.0
0,66,14,11,5058,44,43,2018.0,11.0
0,66,17,2,8509,44,5,2012.0,11.0
0,34,17,11,2268,44,5,2012.0,8.0
0,66,17,11,1266,16,5,2011.0,9.0
0,30,17,1,7909,32,1,2013.0,2.0
0,30,24,0,9871,32,1,2013.0,5.0
0,66,17,11,3423,44,33,2015.0,6.0
0,34,17,1,3731,44,5,2009.0,10.0
0,34,17,11,2219,44,5,2012.0,3.0
0,34,17,11,9404,23,33,2021.0,8.0
0,34,17,11,483,44,5,2014.0,7.0
